user_id,signup_date,plan_type,monthly_price,city,churn_date
1,2024-01-01,Monthly,299,,2025-12-01
2,2024-01-01,Annual,2499,Jaipur,2024-02-01
3,2024-01-01,Monthly,299,Kolkata,2024-06-01
4,2024-01-01,Monthly,299,Hyderabad,2024-09-01
5,2024-01-01,Monthly,299,Delhi,2024-07-01
6,2024-01-01,Monthly,299,Mumbai,2025-04-01
7,2024-01-01,Annual,2499,Bengaluru,2024-11-01
8,2024-01-01,Annual,2499,Jaipur,
9,2024-01-01,Annual,2499,Patna,
10,2024-01-01,Monthly,299,Bengaluru,2024-08-01
11,2024-01-01,Monthly,299,Pune,2024-04-01
12,2024-01-01,Monthly,299,Kolkata,2024-02-01
13,2024-01-01,Monthly,299,Bengaluru,2024-03-01
14,2024-01-01,Monthly,299,Mumbai,2026-07-01
15,2024-01-01,Monthly,299,Kolkata,2024-02-01
16,2024-01-01,Annual,2499,Delhi,2024-06-01
17,2024-01-01,Monthly,299,Jaipur,
18,2024-01-01,Annual,2499,Jaipur,2026-05-01
19,2024-01-01,Monthly,299,Mumbai,
20,2024-01-01,Annual,2499,Hyderabad,
21,2024-01-01,Annual,2499,Bengaluru,
22,2024-01-01,Monthly,299,Chennai,2024-08-01
23,2024-01-01,Monthly,299,Mumbai,2024-02-01
24,2024-01-01,Monthly,299,Mumbai,
25,2024-01-01,Annual,2499,Delhi,
26,2024-01-01,Annual,2499,Hyderabad,
27,2024-01-01,Annual,2499,Hyderabad,
28,2024-01-01,Monthly,299,Jaipur,2024-02-01
29,2024-01-01,Monthly,299,Patna,2024-04-01
30,2024-01-01,Monthly,299,Chennai,2024-02-01
31,2024-01-01,Monthly,299,Hyderabad,2025-01-01
32,2024-01-01,Annual,2499,Bengaluru,
33,2024-01-01,Monthly,299,Patna,2024-02-01
34,2024-01-01,Monthly,299,Kolkata,2024-06-01
35,2024-01-01,Monthly,299,Delhi,2024-03-01
36,2024-01-01,Monthly,299,Delhi,2026-08-01
37,2024-01-01,Monthly,299,Mumbai,
38,2024-01-01,Monthly,299,Delhi,2024-10-01
39,2024-01-01,Monthly,299,Jaipur,2024-02-01
40,2024-01-01,Monthly,299,Pune,
41,2024-01-01,Annual,2499,Hyderabad,
42,2024-01-01,Monthly,299,Jaipur,2026-02-01
43,2024-01-01,Monthly,299,Delhi,2024-07-01
44,2024-01-01,Monthly,299,Mumbai,
45,2024-01-01,Monthly,299,Patna,2025-06-01
46,2024-01-01,Monthly,299,Bengaluru,2024-02-01
47,2024-01-01,Annual,2499,Bengaluru,
48,2024-01-01,Monthly,299,Delhi,2024-03-01
49,2024-01-01,Monthly,299,Kolkata,2024-05-01
50,2024-01-01,Annual,2499,Patna,
51,2024-01-01,Annual,2499,Pune,
52,2024-01-01,Monthly,299,Bengaluru,2024-09-01
53,2024-01-01,Monthly,299,Delhi,2025-11-01
54,2024-01-01,Monthly,299,Pune,2024-08-01
55,2024-01-01,Monthly,299,Bengaluru,2024-08-01
56,2024-01-01,Monthly,299,Kolkata,2024-02-01
57,2024-01-01,Monthly,299,Delhi,2024-09-01
58,2024-01-01,Monthly,299,Bengaluru,2025-10-01
59,2024-01-01,Annual,2499,Hyderabad,
60,2024-01-01,Annual,2499,Delhi,
61,2024-01-01,Monthly,299,Ahmedabad,2024-05-01
62,2024-01-01,Monthly,299,Pune,
63,2024-01-01,Annual,2499,Mumbai,
64,2024-01-01,Monthly,299,Bengaluru,2024-02-01
65,2024-01-01,Monthly,299,Kolkata,2025-01-01
66,2024-01-01,Monthly,299,Bengaluru,2024-09-01
67,2024-01-01,Monthly,299,Bengaluru,2024-08-01
68,2024-01-01,Monthly,299,Jaipur,2026-02-01
69,2024-01-01,Monthly,299,Ahmedabad,2024-07-01
70,2024-01-01,Annual,2499,Jaipur,
71,2024-01-01,Monthly,299,Hyderabad,2024-09-01
72,2024-01-01,Monthly,299,Hyderabad,2024-10-01
73,2024-01-01,Annual,2499,Pune,
74,2024-01-01,Monthly,299,Ahmedabad,2024-07-01
75,2024-01-01,Monthly,299,Kolkata,
76,2024-01-01,Monthly,299,Ahmedabad,2025-03-01
77,2024-01-01,Monthly,299,Pune,2025-10-01
78,2024-01-01,Monthly,299,Ahmedabad,2024-05-01
79,2024-01-01,Monthly,299,Hyderabad,2024-05-01
80,2024-01-01,Monthly,299,Chennai,2024-02-01
81,2024-01-01,Monthly,299,Ahmedabad,2024-02-01
82,2024-01-01,Annual,2499,Pune,2024-04-01
83,2024-01-01,Annual,2499,Patna,
84,2024-01-01,Monthly,299,Chennai,
85,2024-01-01,Monthly,299,Delhi,
86,2024-01-01,Monthly,299,Jaipur,2024-09-01
87,2024-01-01,Monthly,299,Hyderabad,2024-03-01
88,2024-01-01,Monthly,299,Bengaluru,2024-09-01
89,2024-01-01,Monthly,299,Jaipur,2024-09-01
90,2024-01-01,Annual,2499,Bengaluru,2026-04-01
91,2024-01-01,Monthly,299,Pune,2025-12-01
92,2024-01-01,Monthly,299,Chennai,2024-02-01
93,2024-01-01,Annual,2499,Patna,2024-02-01
94,2024-01-01,Monthly,299,Delhi,
95,2024-01-01,Monthly,299,Chennai,2024-06-01
96,2024-01-01,Annual,2499,Ahmedabad,
97,2024-01-01,Monthly,299,Chennai,2025-07-01
98,2024-01-01,Monthly,299,Patna,2025-06-01
99,2024-01-01,Monthly,299,Pune,2024-10-01
100,2024-01-01,Monthly,299,Hyderabad,
101,2024-01-01,Monthly,299,Kolkata,2024-09-01
102,2024-01-01,Monthly,299,Mumbai,2025-10-01
103,2024-01-01,Monthly,299,,2024-02-01
104,2024-01-01,Monthly,299,Ahmedabad,
105,2024-01-01,Monthly,299,Kolkata,
106,2024-01-01,Monthly,299,Bengaluru,2024-07-01
107,2024-01-01,Monthly,299,Delhi,2024-06-01
108,2024-01-01,Monthly,299,Hyderabad,
109,2024-01-01,Monthly,299,Pune,2024-11-01
110,2024-01-01,Monthly,299,Delhi,2024-02-01
111,2024-01-01,Monthly,299,Patna,2024-12-01
112,2024-01-01,Monthly,299,Hyderabad,2025-01-01
113,2024-01-01,Monthly,299,Bengaluru,2024-04-01
114,2024-01-01,Annual,2499,Mumbai,
115,2024-01-01,Monthly,299,Ahmedabad,2024-02-01
116,2024-01-01,Annual,2499,Delhi,
117,2024-01-01,Annual,2499,Pune,
118,2024-01-01,Monthly,299,Patna,2025-09-01
119,2024-01-01,Monthly,299,Hyderabad,2024-07-01
120,2024-01-01,Annual,2499,Ahmedabad,
121,2024-01-01,Monthly,299,Jaipur,2026-04-01
122,2024-01-01,Annual,2499,Ahmedabad,
123,2024-01-01,Monthly,299,Delhi,2024-02-01
124,2024-01-01,Monthly,299,Patna,2024-07-01
125,2024-01-01,Annual,2499,Hyderabad,
126,2024-01-01,Monthly,299,Ahmedabad,2025-07-01
127,2024-01-01,Monthly,299,Chennai,2025-02-01
128,2024-01-01,Monthly,299,Patna,2025-01-01
129,2024-01-01,Monthly,299,Bengaluru,2024-11-01
130,2024-01-01,Annual,2499,Ahmedabad,
131,2024-01-01,Monthly,299,Jaipur,2026-07-01
132,2024-01-01,Monthly,299,Delhi,2024-06-01
133,2024-01-01,Monthly,299,Hyderabad,2024-05-01
134,2024-01-01,Monthly,299,,2024-02-01
135,2024-01-01,Monthly,299,Mumbai,2024-04-01
136,2024-01-01,Annual,2499,Patna,
137,2024-01-01,Annual,2499,Pune,2026-01-01
138,2024-01-01,Monthly,299,Kolkata,2024-06-01
139,2024-01-01,Monthly,299,Patna,2024-09-01
140,2024-01-01,Monthly,299,Delhi,2025-02-01
141,2024-01-01,Annual,2499,Ahmedabad,
142,2024-01-01,Monthly,299,Mumbai,2024-10-01
143,2024-01-01,Monthly,299,Mumbai,2024-07-01
144,2024-01-01,Monthly,299,Hyderabad,2026-06-01
145,2024-01-01,Annual,2499,Ahmedabad,
146,2024-01-01,Monthly,299,Patna,2024-09-01
147,2024-01-01,Monthly,299,Chennai,2024-09-01
148,2024-01-01,Monthly,299,Patna,
149,2024-01-01,Monthly,299,Kolkata,2025-03-01
150,2024-01-01,Monthly,299,Chennai,2025-03-01
151,2024-01-01,Annual,2499,Pune,
152,2024-01-01,Monthly,299,Patna,2024-09-01
153,2024-01-01,Monthly,299,Jaipur,2024-08-01
154,2024-01-01,Monthly,299,Bengaluru,2024-03-01
155,2024-01-01,Monthly,299,Pune,2024-02-01
156,2024-01-01,Annual,2499,Patna,
157,2024-01-01,Monthly,299,Mumbai,2024-03-01
158,2024-01-01,Monthly,299,Ahmedabad,2026-02-01
159,2024-01-01,Monthly,299,Chennai,2024-09-01
160,2024-01-01,Annual,2499,Delhi,
161,2024-01-01,Monthly,299,,2024-07-01
162,2024-01-01,Monthly,299,Jaipur,2024-09-01
163,2024-01-01,Monthly,299,Hyderabad,2024-04-01
164,2024-01-01,Monthly,299,Patna,2024-11-01
165,2024-01-01,Monthly,299,Jaipur,2024-04-01
166,2024-01-01,Monthly,299,Jaipur,2025-05-01
167,2024-01-01,Monthly,299,Kolkata,
168,2024-01-01,Annual,2499,Delhi,2024-08-01
169,2024-01-01,Annual,2499,Jaipur,
170,2024-01-01,Monthly,299,Kolkata,2026-02-01
171,2024-01-01,Monthly,299,Mumbai,2024-06-01
172,2024-01-01,Monthly,299,Patna,
173,2024-01-01,Monthly,299,Pune,2024-03-01
174,2024-01-01,Monthly,299,Kolkata,2024-03-01
175,2024-01-01,Monthly,299,Delhi,2025-02-01
176,2024-01-01,Monthly,299,Pune,2024-06-01
177,2024-01-01,Monthly,299,Hyderabad,
178,2024-01-01,Monthly,299,Chennai,2024-04-01
179,2024-01-01,Annual,2499,Kolkata,
180,2024-01-01,Monthly,299,Bengaluru,2024-06-01
181,2024-01-01,Monthly,299,Bengaluru,
182,2024-01-01,Annual,2499,Chennai,
183,2024-01-01,Monthly,299,Patna,2024-11-01
184,2024-01-01,Monthly,299,Delhi,2024-04-01
185,2024-01-01,Monthly,299,Jaipur,2026-01-01
186,2024-01-01,Monthly,299,Pune,2025-02-01
187,2024-01-01,Monthly,299,Hyderabad,2024-02-01
188,2024-01-01,Monthly,299,Bengaluru,2024-08-01
189,2024-01-01,Monthly,299,Delhi,2024-12-01
190,2024-01-01,Monthly,299,Kolkata,2024-02-01
191,2024-01-01,Monthly,299,Patna,2025-09-01
192,2024-01-01,Annual,2499,Pune,
193,2024-01-01,Monthly,299,Pune,2024-02-01
194,2024-01-01,Annual,2499,Patna,
195,2024-01-01,Monthly,299,Hyderabad,2025-02-01
196,2024-01-01,Monthly,299,Ahmedabad,2024-07-01
197,2024-01-01,Monthly,299,Chennai,2024-02-01
198,2024-01-01,Monthly,299,Mumbai,2024-05-01
199,2024-01-01,Monthly,299,Mumbai,2024-03-01
200,2024-01-01,Monthly,299,Ahmedabad,2024-03-01
201,2024-01-01,Monthly,299,Ahmedabad,2026-01-01
202,2024-01-01,Monthly,299,Jaipur,
203,2024-01-01,Monthly,299,Ahmedabad,2025-04-01
204,2024-01-01,Monthly,299,Patna,2026-05-01
205,2024-01-01,Annual,2499,Chennai,2026-07-01
206,2024-01-01,Monthly,299,Patna,2025-08-01
207,2024-01-01,Monthly,299,Kolkata,2024-07-01
208,2024-01-01,Monthly,299,Bengaluru,2024-05-01
209,2024-01-01,Annual,2499,Jaipur,
210,2024-01-01,Monthly,299,Ahmedabad,2026-03-01
211,2024-01-01,Monthly,299,Delhi,2024-03-01
212,2024-01-01,Monthly,299,Bengaluru,2025-08-01
213,2024-01-01,Annual,2499,Mumbai,2024-10-01
214,2024-01-01,Monthly,299,Delhi,2026-06-01
215,2024-01-01,Annual,2499,Bengaluru,
216,2024-01-01,Monthly,299,Pune,2024-02-01
217,2024-01-01,Annual,2499,Patna,2025-02-01
218,2024-01-01,Monthly,299,,2025-03-01
219,2024-01-01,Monthly,299,Kolkata,2024-09-01
220,2024-01-01,Monthly,299,Delhi,2024-07-01
221,2024-01-01,Monthly,299,Mumbai,2024-10-01
222,2024-01-01,Annual,2499,Kolkata,
223,2024-01-01,Monthly,299,Chennai,2024-04-01
224,2024-01-01,Annual,2499,Jaipur,
225,2024-01-01,Monthly,299,Chennai,2024-02-01
226,2024-01-01,Annual,2499,Chennai,2024-03-01
227,2024-01-01,Monthly,299,Patna,2025-04-01
228,2024-01-01,Annual,2499,Mumbai,
229,2024-01-01,Monthly,299,Ahmedabad,2024-04-01
230,2024-01-01,Monthly,299,Ahmedabad,2024-08-01
231,2024-01-01,Monthly,299,Kolkata,2024-08-01
232,2024-01-01,Monthly,299,Bengaluru,2026-08-01
233,2024-01-01,Monthly,299,Jaipur,2025-01-01
234,2024-01-01,Monthly,299,Kolkata,2024-06-01
235,2024-01-01,Monthly,299,Bengaluru,2024-07-01
236,2024-01-01,Annual,2499,Kolkata,2024-12-01
237,2024-01-01,Monthly,299,Chennai,2024-08-01
238,2024-01-01,Monthly,299,Kolkata,
239,2024-01-01,Monthly,299,Pune,2024-03-01
240,2024-01-01,Monthly,299,Hyderabad,2025-05-01
241,2024-01-01,Monthly,299,Kolkata,2026-06-01
242,2024-01-01,Monthly,299,Ahmedabad,2024-02-01
243,2024-01-01,Annual,2499,Jaipur,
244,2024-01-01,Monthly,299,Pune,2024-11-01
245,2024-01-01,Monthly,299,Ahmedabad,2025-07-01
246,2024-01-01,Annual,2499,Hyderabad,2024-03-01
247,2024-01-01,Annual,2499,Bengaluru,
248,2024-01-01,Monthly,299,Patna,2024-09-01
249,2024-01-01,Monthly,299,,2025-08-01
250,2024-01-01,Monthly,299,Kolkata,2024-04-01
251,2024-01-01,Annual,2499,Delhi,2024-04-01
252,2024-01-01,Annual,2499,Delhi,
253,2024-01-01,Annual,2499,Pune,
254,2024-01-01,Monthly,299,Chennai,2025-08-01
255,2024-01-01,Monthly,299,Chennai,2024-03-01
256,2024-01-01,Annual,2499,Delhi,2024-03-01
257,2024-01-01,Annual,2499,Mumbai,
258,2024-01-01,Annual,2499,Bengaluru,
259,2024-02-01,Monthly,299,Jaipur,2024-03-01
260,2024-02-01,Annual,2499,Kolkata,
261,2024-02-01,Annual,2499,Jaipur,
262,2024-02-01,Monthly,299,Delhi,2024-10-01
263,2024-02-01,Monthly,299,Patna,2026-03-01
264,2024-02-01,Monthly,299,Patna,2026-06-01
265,2024-02-01,Monthly,299,Bengaluru,2024-11-01
266,2024-02-01,Monthly,299,Jaipur,2025-12-01
267,2024-02-01,Monthly,299,,
268,2024-02-01,Monthly,299,Pune,2025-02-01
269,2024-02-01,Monthly,299,Pune,2024-04-01
270,2024-02-01,Annual,2499,Chennai,
271,2024-02-01,Monthly,299,Delhi,2024-03-01
272,2024-02-01,Monthly,299,Chennai,2025-08-01
273,2024-02-01,Monthly,299,Delhi,2025-04-01
274,2024-02-01,Monthly,299,Chennai,2024-05-01
275,2024-02-01,Monthly,299,Jaipur,2024-11-01
276,2024-02-01,Monthly,299,Hyderabad,2025-02-01
277,2024-02-01,Monthly,299,Delhi,2025-03-01
278,2024-02-01,Monthly,299,Pune,
279,2024-02-01,Monthly,299,Patna,2024-03-01
280,2024-02-01,Monthly,299,Patna,2024-05-01
281,2024-02-01,Monthly,299,Jaipur,2025-12-01
282,2024-02-01,Monthly,299,Jaipur,
283,2024-02-01,Monthly,299,Kolkata,2024-10-01
284,2024-02-01,Annual,2499,Jaipur,
285,2024-02-01,Monthly,299,Pune,2025-01-01
286,2024-02-01,Annual,2499,Mumbai,
287,2024-02-01,Annual,2499,Chennai,2025-06-01
288,2024-02-01,Monthly,299,Mumbai,2024-08-01
289,2024-02-01,Monthly,299,Pune,2024-07-01
290,2024-02-01,Monthly,299,Chennai,2025-06-01
291,2024-02-01,Monthly,299,Kolkata,2024-07-01
292,2024-02-01,Monthly,299,Delhi,2024-03-01
293,2024-02-01,Monthly,299,Hyderabad,2024-04-01
294,2024-02-01,Annual,2499,Hyderabad,2024-09-01
295,2024-02-01,Monthly,299,Patna,2024-06-01
296,2024-02-01,Monthly,299,Mumbai,
297,2024-02-01,Annual,2499,Jaipur,
298,2024-02-01,Annual,2499,Pune,
299,2024-02-01,Annual,2499,Delhi,
300,2024-02-01,Monthly,299,Pune,2024-12-01
301,2024-02-01,Monthly,299,Delhi,2025-02-01
302,2024-02-01,Annual,2499,Mumbai,
303,2024-02-01,Monthly,299,Delhi,2024-03-01
304,2024-02-01,Monthly,299,Bengaluru,2024-04-01
305,2024-02-01,Monthly,299,Bengaluru,2024-11-01
306,2024-02-01,Annual,2499,Jaipur,2025-07-01
307,2024-02-01,Annual,2499,Chennai,
308,2024-02-01,Monthly,299,Bengaluru,2024-10-01
309,2024-02-01,Monthly,299,Ahmedabad,2024-11-01
310,2024-02-01,Annual,2499,Mumbai,
311,2024-02-01,Monthly,299,Ahmedabad,2024-04-01
312,2024-02-01,Monthly,299,Kolkata,
313,2024-02-01,Monthly,299,Pune,2024-05-01
314,2024-02-01,Annual,2499,Chennai,
315,2024-02-01,Monthly,299,Kolkata,2024-09-01
316,2024-02-01,Monthly,299,Ahmedabad,2024-09-01
317,2024-02-01,Monthly,299,Chennai,
318,2024-02-01,Monthly,299,Hyderabad,2024-11-01
319,2024-02-01,Monthly,299,Bengaluru,
320,2024-02-01,Annual,2499,Hyderabad,
321,2024-02-01,Annual,2499,Patna,
322,2024-02-01,Monthly,299,Kolkata,2024-05-01
323,2024-02-01,Monthly,299,Patna,2025-04-01
324,2024-02-01,Monthly,299,Hyderabad,2026-06-01
325,2024-02-01,Monthly,299,,2025-06-01
326,2024-02-01,Monthly,299,Hyderabad,2024-08-01
327,2024-02-01,Annual,2499,Bengaluru,2024-03-01
328,2024-02-01,Monthly,299,Patna,
329,2024-02-01,Monthly,299,Pune,2024-04-01
330,2024-02-01,Annual,2499,Hyderabad,
331,2024-02-01,Monthly,299,Ahmedabad,2025-02-01
332,2024-02-01,Annual,2499,Delhi,
333,2024-02-01,Annual,2499,Pune,
334,2024-02-01,Monthly,299,Hyderabad,2025-02-01
335,2024-02-01,Monthly,299,Kolkata,2024-03-01
336,2024-02-01,Annual,2499,Pune,
337,2024-02-01,Monthly,299,Chennai,2024-04-01
338,2024-02-01,Monthly,299,Chennai,2025-03-01
339,2024-02-01,Annual,2499,Pune,
340,2024-02-01,Monthly,299,Mumbai,2025-07-01
341,2024-02-01,Monthly,299,Hyderabad,2024-03-01
342,2024-02-01,Monthly,299,Kolkata,2024-05-01
343,2024-02-01,Monthly,299,Hyderabad,2024-03-01
344,2024-02-01,Annual,2499,Hyderabad,2024-10-01
345,2024-02-01,Monthly,299,Bengaluru,
346,2024-02-01,Annual,2499,Patna,
347,2024-02-01,Monthly,299,Pune,2024-06-01
348,2024-02-01,Monthly,299,Bengaluru,2024-04-01
349,2024-02-01,Monthly,299,Bengaluru,
350,2024-02-01,Monthly,299,Ahmedabad,2024-09-01
351,2024-02-01,Annual,2499,Bengaluru,
352,2024-02-01,Monthly,299,Hyderabad,2025-08-01
353,2024-02-01,Monthly,299,Patna,2024-03-01
354,2024-02-01,Monthly,299,Ahmedabad,2024-04-01
355,2024-02-01,Monthly,299,Ahmedabad,2024-05-01
356,2024-02-01,Annual,2499,Chennai,
357,2024-02-01,Annual,2499,Kolkata,2024-10-01
358,2024-02-01,Annual,2499,Hyderabad,2024-12-01
359,2024-02-01,Monthly,299,Hyderabad,2024-11-01
360,2024-02-01,Monthly,299,Bengaluru,2024-03-01
361,2024-02-01,Monthly,299,Mumbai,2025-12-01
362,2024-02-01,Monthly,299,Patna,2024-03-01
363,2024-02-01,Monthly,299,Pune,2026-08-01
364,2024-02-01,Monthly,299,Ahmedabad,2024-12-01
365,2024-02-01,Monthly,299,Patna,2024-04-01
366,2024-02-01,Annual,2499,Hyderabad,2024-03-01
367,2024-02-01,Annual,2499,Pune,2025-03-01
368,2024-02-01,Monthly,299,Pune,2025-11-01
369,2024-02-01,Monthly,299,Mumbai,2026-06-01
370,2024-02-01,Monthly,299,Patna,2024-03-01
371,2024-02-01,Annual,2499,Hyderabad,
372,2024-02-01,Annual,2499,Pune,2024-07-01
373,2024-02-01,Monthly,299,Mumbai,2025-04-01
374,2024-02-01,Annual,2499,Hyderabad,
375,2024-02-01,Monthly,299,Hyderabad,2024-07-01
376,2024-02-01,Monthly,299,Jaipur,2024-11-01
377,2024-02-01,Monthly,299,Delhi,2024-03-01
378,2024-02-01,Monthly,299,Delhi,
379,2024-02-01,Monthly,299,Jaipur,2025-02-01
380,2024-02-01,Annual,2499,Patna,2025-10-01
381,2024-02-01,Annual,2499,Jaipur,2026-04-01
382,2024-02-01,Monthly,299,Patna,2024-11-01
383,2024-02-01,Monthly,299,Hyderabad,2024-05-01
384,2024-02-01,Monthly,299,Pune,2025-09-01
385,2024-02-01,Annual,2499,Ahmedabad,
386,2024-02-01,Monthly,299,Kolkata,2024-08-01
387,2024-02-01,Monthly,299,Mumbai,2024-12-01
388,2024-02-01,Monthly,299,Hyderabad,2024-03-01
389,2024-02-01,Monthly,299,Delhi,2024-12-01
390,2024-02-01,Monthly,299,Kolkata,2024-11-01
391,2024-02-01,Monthly,299,Delhi,2025-12-01
392,2024-02-01,Monthly,299,Pune,2024-06-01
393,2024-02-01,Annual,2499,Chennai,
394,2024-02-01,Monthly,299,Hyderabad,2024-08-01
395,2024-02-01,Monthly,299,Patna,2024-10-01
396,2024-02-01,Monthly,299,Mumbai,
397,2024-02-01,Monthly,299,Mumbai,2025-10-01
398,2024-02-01,Monthly,299,Patna,2025-11-01
399,2024-02-01,Monthly,299,Bengaluru,2026-05-01
400,2024-02-01,Monthly,299,Kolkata,2024-12-01
401,2024-02-01,Monthly,299,Jaipur,2025-05-01
402,2024-02-01,Monthly,299,Jaipur,2025-12-01
403,2024-02-01,Monthly,299,Delhi,2024-10-01
404,2024-02-01,Annual,2499,Kolkata,
405,2024-02-01,Annual,2499,Ahmedabad,
406,2024-02-01,Monthly,299,Patna,
407,2024-02-01,Annual,2499,Jaipur,
408,2024-02-01,Monthly,299,Patna,2024-03-01
409,2024-02-01,Monthly,299,Ahmedabad,2024-10-01
410,2024-02-01,Annual,2499,Ahmedabad,
411,2024-02-01,Annual,2499,Jaipur,2026-06-01
412,2024-02-01,Monthly,299,Kolkata,2026-05-01
413,2024-02-01,Monthly,299,Delhi,2024-04-01
414,2024-02-01,Monthly,299,Hyderabad,2024-10-01
415,2024-02-01,Annual,2499,Chennai,2026-04-01
416,2024-02-01,Monthly,299,Hyderabad,2025-01-01
417,2024-02-01,Monthly,299,Hyderabad,2024-05-01
418,2024-02-01,Monthly,299,Mumbai,2025-12-01
419,2024-02-01,Monthly,299,Mumbai,
420,2024-02-01,Annual,2499,Kolkata,2024-09-01
421,2024-02-01,Monthly,299,Pune,2025-09-01
422,2024-02-01,Monthly,299,Pune,2024-05-01
423,2024-02-01,Monthly,299,Bengaluru,2024-11-01
424,2024-02-01,Monthly,299,Jaipur,2026-02-01
425,2024-02-01,Annual,2499,Hyderabad,
426,2024-02-01,Annual,2499,Bengaluru,
427,2024-02-01,Monthly,299,Hyderabad,2024-04-01
428,2024-02-01,Annual,2499,Pune,
429,2024-02-01,Monthly,299,Jaipur,2025-05-01
430,2024-02-01,Monthly,299,Bengaluru,2024-12-01
431,2024-02-01,Monthly,299,Pune,2025-09-01
432,2024-02-01,Monthly,299,Bengaluru,2024-12-01
433,2024-02-01,Monthly,299,Ahmedabad,2024-10-01
434,2024-02-01,Annual,2499,Delhi,
435,2024-02-01,Annual,2499,Bengaluru,
436,2024-02-01,Monthly,299,Pune,2024-05-01
437,2024-02-01,Monthly,299,Hyderabad,2025-02-01
438,2024-02-01,Monthly,299,Ahmedabad,2025-07-01
439,2024-02-01,Monthly,299,Chennai,2024-05-01
440,2024-02-01,Annual,2499,Hyderabad,
441,2024-02-01,Monthly,299,Pune,2025-03-01
442,2024-02-01,Annual,2499,Ahmedabad,2025-03-01
443,2024-02-01,Monthly,299,Jaipur,2024-12-01
444,2024-02-01,Monthly,299,Jaipur,2024-05-01
445,2024-02-01,Monthly,299,Ahmedabad,2024-05-01
446,2024-02-01,Annual,2499,Kolkata,
447,2024-02-01,Monthly,299,Pune,
448,2024-02-01,Annual,2499,Chennai,
449,2024-02-01,Monthly,299,Hyderabad,2024-05-01
450,2024-02-01,Monthly,299,Mumbai,2024-04-01
451,2024-02-01,Monthly,299,Patna,2025-11-01
452,2024-02-01,Monthly,299,Delhi,2025-03-01
453,2024-02-01,Monthly,299,Jaipur,2024-06-01
454,2024-02-01,Annual,2499,Ahmedabad,
455,2024-02-01,Annual,2499,Delhi,
456,2024-02-01,Monthly,299,Mumbai,2024-09-01
457,2024-02-01,Monthly,299,Bengaluru,2024-07-01
458,2024-02-01,Monthly,299,Ahmedabad,2024-03-01
459,2024-02-01,Monthly,299,Kolkata,2024-03-01
460,2024-02-01,Monthly,299,Delhi,2025-12-01
461,2024-02-01,Monthly,299,Chennai,2024-07-01
462,2024-02-01,Monthly,299,,2024-04-01
463,2024-02-01,Annual,2499,Chennai,2026-06-01
464,2024-02-01,Annual,2499,Delhi,2025-10-01
465,2024-02-01,Monthly,299,Pune,2026-03-01
466,2024-02-01,Monthly,299,Jaipur,2024-03-01
467,2024-02-01,Monthly,299,Patna,2026-04-01
468,2024-02-01,Monthly,299,Mumbai,
469,2024-02-01,Annual,2499,Jaipur,
470,2024-02-01,Monthly,299,Kolkata,2024-03-01
471,2024-02-01,Monthly,299,Ahmedabad,2024-03-01
472,2024-02-01,Annual,2499,Chennai,
473,2024-02-01,Monthly,299,Ahmedabad,2025-12-01
474,2024-02-01,Monthly,299,Bengaluru,2025-01-01
475,2024-02-01,Monthly,299,Jaipur,2024-11-01
476,2024-02-01,Monthly,299,Mumbai,2026-04-01
477,2024-02-01,Annual,2499,Hyderabad,
478,2024-02-01,Monthly,299,Jaipur,
479,2024-02-01,Monthly,299,Patna,2024-12-01
480,2024-02-01,Monthly,299,Jaipur,2025-05-01
481,2024-02-01,Monthly,299,Ahmedabad,2024-03-01
482,2024-02-01,Annual,2499,Jaipur,2025-01-01
483,2024-02-01,Monthly,299,Chennai,2025-04-01
484,2024-02-01,Monthly,299,Bengaluru,2024-03-01
485,2024-02-01,Monthly,299,Pune,
486,2024-03-01,Annual,2499,Chennai,2024-04-01
487,2024-03-01,Annual,2499,Jaipur,
488,2024-03-01,Annual,2499,Mumbai,
489,2024-03-01,Monthly,299,Delhi,2024-06-01
490,2024-03-01,Monthly,299,Ahmedabad,2025-04-01
491,2024-03-01,Monthly,299,Jaipur,2024-04-01
492,2024-03-01,Annual,2499,Jaipur,2025-09-01
493,2024-03-01,Annual,2499,Bengaluru,
494,2024-03-01,Monthly,299,Mumbai,
495,2024-03-01,Annual,2499,Hyderabad,
496,2024-03-01,Annual,2499,Kolkata,
497,2024-03-01,Monthly,299,Ahmedabad,2024-06-01
498,2024-03-01,Monthly,299,Pune,2024-06-01
499,2024-03-01,Annual,2499,Pune,
500,2024-03-01,Annual,2499,Mumbai,2025-06-01
501,2024-03-01,Annual,2499,Pune,
502,2024-03-01,Monthly,299,Mumbai,2024-04-01
503,2024-03-01,Monthly,299,Mumbai,2026-05-01
504,2024-03-01,Monthly,299,Chennai,2025-09-01
505,2024-03-01,Monthly,299,Patna,2024-06-01
506,2024-03-01,Annual,2499,Chennai,
507,2024-03-01,Monthly,299,Ahmedabad,
508,2024-03-01,Monthly,299,Ahmedabad,2025-05-01
509,2024-03-01,Monthly,299,Ahmedabad,
510,2024-03-01,Annual,2499,Chennai,
511,2024-03-01,Annual,2499,Hyderabad,2024-12-01
512,2024-03-01,Annual,2499,,
513,2024-03-01,Annual,2499,Patna,
514,2024-03-01,Monthly,299,Mumbai,2024-04-01
515,2024-03-01,Annual,2499,Delhi,2025-01-01
516,2024-03-01,Annual,2499,Patna,
517,2024-03-01,Monthly,299,Jaipur,2025-04-01
518,2024-03-01,Monthly,299,Chennai,2025-01-01
519,2024-03-01,Annual,2499,Ahmedabad,
520,2024-03-01,Monthly,299,Pune,2024-06-01
521,2024-03-01,Monthly,299,Patna,
522,2024-03-01,Monthly,299,Jaipur,2024-07-01
523,2024-03-01,Monthly,299,Patna,2024-04-01
524,2024-03-01,Monthly,299,Delhi,2024-04-01
525,2024-03-01,Annual,2499,Delhi,2024-06-01
526,2024-03-01,Monthly,299,Mumbai,2025-11-01
527,2024-03-01,Monthly,299,,2024-09-01
528,2024-03-01,Annual,2499,Kolkata,
529,2024-03-01,Monthly,299,Patna,2024-04-01
530,2024-03-01,Monthly,299,Pune,2026-02-01
531,2024-03-01,Monthly,299,Jaipur,2026-03-01
532,2024-03-01,Annual,2499,Mumbai,
533,2024-03-01,Monthly,299,Bengaluru,2026-02-01
534,2024-03-01,Monthly,299,Bengaluru,
535,2024-03-01,Annual,2499,Kolkata,
536,2024-03-01,Annual,2499,Jaipur,
537,2024-03-01,Annual,2499,Ahmedabad,2024-05-01
538,2024-03-01,Monthly,299,Ahmedabad,2025-05-01
539,2024-03-01,Annual,2499,Ahmedabad,2024-12-01
540,2024-03-01,Monthly,299,Ahmedabad,2025-05-01
541,2024-03-01,Monthly,299,Mumbai,2024-05-01
542,2024-03-01,Monthly,299,Mumbai,2024-08-01
543,2024-03-01,Monthly,299,Bengaluru,2026-04-01
544,2024-03-01,Monthly,299,Bengaluru,2024-06-01
545,2024-03-01,Monthly,299,Bengaluru,2024-05-01
546,2024-03-01,Monthly,299,Jaipur,2025-09-01
547,2024-03-01,Annual,2499,Mumbai,2024-11-01
548,2024-03-01,Annual,2499,Jaipur,
549,2024-03-01,Monthly,299,Bengaluru,
550,2024-03-01,Monthly,299,Jaipur,2026-01-01
551,2024-03-01,Monthly,299,Chennai,2026-01-01
552,2024-03-01,Monthly,299,Delhi,2025-07-01
553,2024-03-01,Annual,2499,Ahmedabad,2024-06-01
554,2024-03-01,Annual,2499,Mumbai,
555,2024-03-01,Monthly,299,Ahmedabad,2024-05-01
556,2024-03-01,Monthly,299,Pune,2024-08-01
557,2024-03-01,Monthly,299,,2025-01-01
558,2024-03-01,Monthly,299,Jaipur,2024-06-01
559,2024-03-01,Monthly,299,,2025-06-01
560,2024-03-01,Monthly,299,Mumbai,
561,2024-03-01,Monthly,299,Mumbai,2026-05-01
562,2024-03-01,Annual,2499,Chennai,
563,2024-03-01,Monthly,299,Patna,2024-12-01
564,2024-03-01,Monthly,299,Patna,2024-04-01
565,2024-03-01,Monthly,299,Hyderabad,2024-06-01
566,2024-03-01,Annual,2499,Jaipur,2024-04-01
567,2024-03-01,Monthly,299,Patna,2024-06-01
568,2024-03-01,Annual,2499,Kolkata,
569,2024-03-01,Annual,2499,Ahmedabad,2024-08-01
570,2024-03-01,Annual,2499,Mumbai,
571,2024-03-01,Monthly,299,Bengaluru,2026-07-01
572,2024-03-01,Monthly,299,Bengaluru,
573,2024-03-01,Monthly,299,Ahmedabad,
574,2024-03-01,Monthly,299,Patna,2025-04-01
575,2024-03-01,Monthly,299,Pune,2024-07-01
576,2024-03-01,Monthly,299,Chennai,2024-04-01
577,2024-03-01,Monthly,299,Ahmedabad,
578,2024-03-01,Monthly,299,Delhi,2024-09-01
579,2024-03-01,Monthly,299,Hyderabad,2024-06-01
580,2024-03-01,Annual,2499,Mumbai,
581,2024-03-01,Monthly,299,Patna,2024-04-01
582,2024-03-01,Monthly,299,Pune,2026-05-01
583,2024-03-01,Annual,2499,Hyderabad,
584,2024-03-01,Monthly,299,Mumbai,2024-05-01
585,2024-03-01,Monthly,299,Chennai,
586,2024-03-01,Annual,2499,Chennai,
587,2024-03-01,Annual,2499,Delhi,2024-05-01
588,2024-03-01,Annual,2499,Kolkata,2025-06-01
589,2024-03-01,Annual,2499,Bengaluru,
590,2024-03-01,Monthly,299,Chennai,2026-07-01
591,2024-03-01,Monthly,299,Delhi,2024-10-01
592,2024-03-01,Monthly,299,Chennai,2024-12-01
593,2024-03-01,Monthly,299,Chennai,2024-05-01
594,2024-03-01,Monthly,299,Chennai,2024-04-01
595,2024-03-01,Monthly,299,Bengaluru,2024-05-01
596,2024-03-01,Monthly,299,Kolkata,2025-11-01
597,2024-03-01,Monthly,299,,2024-07-01
598,2024-03-01,Annual,2499,Pune,2024-05-01
599,2024-03-01,Monthly,299,Delhi,2024-04-01
600,2024-03-01,Monthly,299,Delhi,2024-05-01
601,2024-03-01,Annual,2499,Hyderabad,2024-09-01
602,2024-03-01,Monthly,299,Pune,2024-04-01
603,2024-03-01,Annual,2499,Bengaluru,
604,2024-03-01,Monthly,299,Jaipur,2024-04-01
605,2024-03-01,Monthly,299,Delhi,2026-01-01
606,2024-03-01,Monthly,299,Mumbai,2024-04-01
607,2024-03-01,Monthly,299,Patna,2025-03-01
608,2024-03-01,Monthly,299,Mumbai,2025-12-01
609,2024-03-01,Monthly,299,Chennai,2024-07-01
610,2024-03-01,Monthly,299,Ahmedabad,2024-04-01
611,2024-03-01,Annual,2499,Jaipur,2024-08-01
612,2024-03-01,Monthly,299,Kolkata,2024-10-01
613,2024-03-01,Monthly,299,Delhi,
614,2024-03-01,Monthly,299,Delhi,2024-04-01
615,2024-03-01,Monthly,299,Pune,2025-09-01
616,2024-03-01,Annual,2499,Mumbai,2024-07-01
617,2024-03-01,Annual,2499,Kolkata,2025-09-01
618,2024-03-01,Annual,2499,Patna,
619,2024-03-01,Monthly,299,Chennai,2024-06-01
620,2024-03-01,Monthly,299,Pune,2024-12-01
621,2024-03-01,Monthly,299,,2024-04-01
622,2024-03-01,Monthly,299,Pune,2025-09-01
623,2024-03-01,Monthly,299,Chennai,2024-08-01
624,2024-03-01,Monthly,299,Ahmedabad,2024-04-01
625,2024-03-01,Annual,2499,Kolkata,2026-01-01
626,2024-03-01,Monthly,299,Bengaluru,2025-12-01
627,2024-03-01,Monthly,299,Ahmedabad,2024-06-01
628,2024-03-01,Annual,2499,Patna,
629,2024-03-01,Annual,2499,Pune,2024-05-01
630,2024-03-01,Annual,2499,Hyderabad,
631,2024-03-01,Monthly,299,Chennai,2026-08-01
632,2024-03-01,Annual,2499,Chennai,
633,2024-03-01,Monthly,299,Chennai,2025-04-01
634,2024-03-01,Annual,2499,Kolkata,2025-05-01
635,2024-03-01,Monthly,299,Jaipur,2024-04-01
636,2024-03-01,Monthly,299,Chennai,2026-02-01
637,2024-03-01,Monthly,299,Chennai,2025-02-01
638,2024-03-01,Annual,2499,Patna,
639,2024-03-01,Monthly,299,Mumbai,2026-03-01
640,2024-03-01,Monthly,299,Ahmedabad,2024-05-01
641,2024-03-01,Monthly,299,Ahmedabad,
642,2024-03-01,Monthly,299,Bengaluru,2024-07-01
643,2024-03-01,Monthly,299,Kolkata,2024-06-01
644,2024-03-01,Annual,2499,Patna,
645,2024-03-01,Monthly,299,Delhi,2024-08-01
646,2024-03-01,Monthly,299,Delhi,2024-04-01
647,2024-03-01,Monthly,299,Ahmedabad,2025-03-01
648,2024-03-01,Annual,2499,Patna,
649,2024-03-01,Monthly,299,Ahmedabad,2024-06-01
650,2024-03-01,Monthly,299,Bengaluru,2024-09-01
651,2024-03-01,Annual,2499,Chennai,
652,2024-03-01,Annual,2499,Pune,
653,2024-03-01,Monthly,299,Kolkata,2024-04-01
654,2024-03-01,Annual,2499,Hyderabad,
655,2024-03-01,Monthly,299,Bengaluru,
656,2024-03-01,Monthly,299,Chennai,
657,2024-03-01,Monthly,299,Pune,
658,2024-03-01,Monthly,299,Kolkata,
659,2024-03-01,Monthly,299,Chennai,2024-06-01
660,2024-03-01,Annual,2499,Hyderabad,2024-05-01
661,2024-03-01,Monthly,299,Jaipur,2025-03-01
662,2024-03-01,Monthly,299,Jaipur,
663,2024-03-01,Annual,2499,Pune,2024-04-01
664,2024-03-01,Monthly,299,Hyderabad,
665,2024-03-01,Monthly,299,Jaipur,2024-08-01
666,2024-03-01,Monthly,299,Chennai,
667,2024-03-01,Annual,2499,Delhi,2024-07-01
668,2024-03-01,Monthly,299,Bengaluru,2024-10-01
669,2024-03-01,Annual,2499,Pune,
670,2024-03-01,Monthly,299,Patna,2025-08-01
671,2024-03-01,Monthly,299,Patna,2024-04-01
672,2024-03-01,Annual,2499,Hyderabad,
673,2024-03-01,Monthly,299,Bengaluru,
674,2024-03-01,Annual,2499,Jaipur,2024-06-01
675,2024-03-01,Annual,2499,Ahmedabad,2026-06-01
676,2024-03-01,Monthly,299,Bengaluru,2024-09-01
677,2024-03-01,Monthly,299,Delhi,2024-10-01
678,2024-03-01,Monthly,299,Chennai,2025-03-01
679,2024-03-01,Monthly,299,Hyderabad,2024-10-01
680,2024-03-01,Monthly,299,Patna,2024-04-01
681,2024-03-01,Monthly,299,Kolkata,2025-01-01
682,2024-03-01,Monthly,299,Patna,2026-04-01
683,2024-03-01,Monthly,299,Patna,2025-07-01
684,2024-03-01,Monthly,299,Kolkata,2024-04-01
685,2024-03-01,Annual,2499,,
686,2024-03-01,Annual,2499,Mumbai,2024-08-01
687,2024-03-01,Annual,2499,Hyderabad,2025-01-01
688,2024-03-01,Annual,2499,Mumbai,
689,2024-03-01,Monthly,299,Mumbai,
690,2024-03-01,Annual,2499,Patna,
691,2024-03-01,Monthly,299,Jaipur,2025-04-01
692,2024-03-01,Monthly,299,Kolkata,2024-06-01
693,2024-03-01,Monthly,299,Jaipur,2024-05-01
694,2024-03-01,Annual,2499,Jaipur,
695,2024-03-01,Annual,2499,Bengaluru,2025-11-01
696,2024-03-01,Monthly,299,Mumbai,2026-04-01
697,2024-03-01,Monthly,299,Mumbai,2025-10-01
698,2024-03-01,Annual,2499,Patna,
699,2024-03-01,Monthly,299,Mumbai,2024-04-01
700,2024-03-01,Monthly,299,Jaipur,
701,2024-03-01,Monthly,299,Chennai,2024-12-01
702,2024-03-01,Annual,2499,Chennai,
703,2024-03-01,Monthly,299,,2024-07-01
704,2024-03-01,Annual,2499,Bengaluru,
705,2024-03-01,Monthly,299,Delhi,2024-05-01
706,2024-03-01,Monthly,299,Kolkata,
707,2024-03-01,Annual,2499,Pune,
708,2024-03-01,Annual,2499,Chennai,2025-08-01
709,2024-03-01,Monthly,299,Pune,2025-03-01
710,2024-03-01,Monthly,299,Mumbai,2024-06-01
711,2024-03-01,Annual,2499,Delhi,
712,2024-03-01,Monthly,299,Ahmedabad,2024-04-01
713,2024-03-01,Monthly,299,Pune,2025-06-01
714,2024-03-01,Monthly,299,Hyderabad,
715,2024-03-01,Monthly,299,Chennai,2024-04-01
716,2024-03-01,Monthly,299,Chennai,2025-09-01
717,2024-03-01,Annual,2499,Delhi,
718,2024-03-01,Monthly,299,Kolkata,
719,2024-03-01,Annual,2499,Mumbai,2024-09-01
720,2024-03-01,Annual,2499,Kolkata,
721,2024-04-01,Annual,2499,Mumbai,
722,2024-04-01,Monthly,299,Ahmedabad,2025-04-01
723,2024-04-01,Monthly,299,Delhi,2026-03-01
724,2024-04-01,Monthly,299,Patna,2026-03-01
725,2024-04-01,Annual,2499,Patna,2026-06-01
726,2024-04-01,Monthly,299,Ahmedabad,2025-04-01
727,2024-04-01,Monthly,299,Pune,2024-05-01
728,2024-04-01,Monthly,299,Kolkata,2024-08-01
729,2024-04-01,Monthly,299,Kolkata,2024-08-01
730,2024-04-01,Monthly,299,Jaipur,2025-01-01
731,2024-04-01,Monthly,299,Hyderabad,
732,2024-04-01,Annual,2499,Patna,
733,2024-04-01,Annual,2499,Bengaluru,
734,2024-04-01,Monthly,299,Mumbai,2024-06-01
735,2024-04-01,Monthly,299,Delhi,2025-06-01
736,2024-04-01,Monthly,299,Ahmedabad,2024-05-01
737,2024-04-01,Monthly,299,Patna,2026-07-01
738,2024-04-01,Monthly,299,Delhi,2024-07-01
739,2024-04-01,Monthly,299,Chennai,2025-06-01
740,2024-04-01,Annual,2499,Jaipur,
741,2024-04-01,Annual,2499,Jaipur,2025-07-01
742,2024-04-01,Monthly,299,Pune,2024-05-01
743,2024-04-01,Monthly,299,Ahmedabad,2024-06-01
744,2024-04-01,Monthly,299,Ahmedabad,2025-06-01
745,2024-04-01,Monthly,299,Ahmedabad,2025-05-01
746,2024-04-01,Monthly,299,Patna,2024-09-01
747,2024-04-01,Monthly,299,Jaipur,2025-04-01
748,2024-04-01,Annual,2499,Delhi,
749,2024-04-01,Monthly,299,Mumbai,2025-07-01
750,2024-04-01,Monthly,299,Chennai,2025-11-01
751,2024-04-01,Monthly,299,Mumbai,
752,2024-04-01,Monthly,299,Jaipur,2026-03-01
753,2024-04-01,Monthly,299,Patna,2024-05-01
754,2024-04-01,Monthly,299,Mumbai,2024-08-01
755,2024-04-01,Monthly,299,Ahmedabad,2024-11-01
756,2024-04-01,Monthly,299,Jaipur,2025-11-01
757,2024-04-01,Monthly,299,Ahmedabad,2024-11-01
758,2024-04-01,Annual,2499,Mumbai,
759,2024-04-01,Monthly,299,Patna,2025-04-01
760,2024-04-01,Monthly,299,Delhi,
761,2024-04-01,Monthly,299,Chennai,2024-11-01
762,2024-04-01,Annual,2499,Mumbai,
763,2024-04-01,Annual,2499,Jaipur,
764,2024-04-01,Monthly,299,Hyderabad,2024-09-01
765,2024-04-01,Monthly,299,Mumbai,2024-05-01
766,2024-04-01,Monthly,299,Jaipur,2025-01-01
767,2024-04-01,Monthly,299,Mumbai,
768,2024-04-01,Annual,2499,Hyderabad,
769,2024-04-01,Annual,2499,Jaipur,2025-07-01
770,2024-04-01,Monthly,299,Mumbai,2024-11-01
771,2024-04-01,Monthly,299,Mumbai,2024-06-01
772,2024-04-01,Monthly,299,Pune,
773,2024-04-01,Monthly,299,Mumbai,2024-06-01
774,2024-04-01,Monthly,299,Kolkata,2025-06-01
775,2024-04-01,Annual,2499,Patna,2024-08-01
776,2024-04-01,Monthly,299,Mumbai,2024-09-01
777,2024-04-01,Monthly,299,Mumbai,2024-07-01
778,2024-04-01,Monthly,299,Jaipur,2025-01-01
779,2024-04-01,Monthly,299,Bengaluru,2024-05-01
780,2024-04-01,Monthly,299,Chennai,2024-11-01
781,2024-04-01,Monthly,299,Pune,2024-08-01
782,2024-04-01,Monthly,299,Chennai,2025-06-01
783,2024-04-01,Monthly,299,Hyderabad,2024-11-01
784,2024-04-01,Annual,2499,Bengaluru,
785,2024-04-01,Monthly,299,Bengaluru,2024-05-01
786,2024-04-01,Monthly,299,Patna,2025-01-01
787,2024-04-01,Monthly,299,Mumbai,
788,2024-04-01,Monthly,299,Bengaluru,2024-12-01
789,2024-04-01,Annual,2499,Delhi,
790,2024-04-01,Monthly,299,Kolkata,2024-06-01
791,2024-04-01,Annual,2499,Chennai,
792,2024-04-01,Monthly,299,Hyderabad,
793,2024-04-01,Monthly,299,Chennai,
794,2024-04-01,Monthly,299,Delhi,2024-05-01
795,2024-04-01,Annual,2499,Hyderabad,2025-10-01
796,2024-04-01,Monthly,299,Hyderabad,2024-07-01
797,2024-04-01,Monthly,299,Patna,2024-05-01
798,2024-04-01,Monthly,299,Ahmedabad,2024-12-01
799,2024-04-01,Monthly,299,Bengaluru,2025-12-01
800,2024-04-01,Annual,2499,Hyderabad,
801,2024-04-01,Annual,2499,Patna,
802,2024-04-01,Monthly,299,Ahmedabad,
803,2024-04-01,Annual,2499,Patna,2026-07-01
804,2024-04-01,Monthly,299,Delhi,2024-07-01
805,2024-04-01,Monthly,299,Kolkata,2024-06-01
806,2024-04-01,Monthly,299,Chennai,2024-09-01
807,2024-04-01,Annual,2499,Chennai,
808,2024-04-01,Monthly,299,Hyderabad,2024-12-01
809,2024-04-01,Monthly,299,Chennai,2024-11-01
810,2024-04-01,Monthly,299,Patna,2026-05-01
811,2024-04-01,Annual,2499,Kolkata,
812,2024-04-01,Monthly,299,Hyderabad,
813,2024-04-01,Monthly,299,Chennai,2024-08-01
814,2024-04-01,Annual,2499,Delhi,
815,2024-04-01,Monthly,299,Ahmedabad,2026-06-01
816,2024-04-01,Monthly,299,Pune,
817,2024-04-01,Annual,2499,Bengaluru,
818,2024-04-01,Monthly,299,Mumbai,2025-12-01
819,2024-04-01,Annual,2499,Mumbai,
820,2024-04-01,Monthly,299,Chennai,2025-08-01
821,2024-04-01,Monthly,299,Ahmedabad,2025-03-01
822,2024-04-01,Monthly,299,Delhi,2024-06-01
823,2024-04-01,Monthly,299,Delhi,2024-05-01
824,2024-04-01,Monthly,299,Pune,2026-03-01
825,2024-04-01,Annual,2499,Ahmedabad,
826,2024-04-01,Monthly,299,Jaipur,2024-12-01
827,2024-04-01,Annual,2499,Jaipur,
828,2024-04-01,Annual,2499,Delhi,
829,2024-04-01,Annual,2499,Mumbai,2025-01-01
830,2024-04-01,Monthly,299,Hyderabad,
831,2024-04-01,Monthly,299,Kolkata,2024-05-01
832,2024-04-01,Monthly,299,Hyderabad,2024-06-01
833,2024-04-01,Annual,2499,Ahmedabad,
834,2024-04-01,Monthly,299,Jaipur,2026-02-01
835,2024-04-01,Monthly,299,Bengaluru,2026-02-01
836,2024-04-01,Monthly,299,Patna,2024-05-01
837,2024-04-01,Monthly,299,Bengaluru,2024-05-01
838,2024-04-01,Monthly,299,Pune,
839,2024-04-01,Monthly,299,Ahmedabad,2025-11-01
840,2024-04-01,Annual,2499,Pune,
841,2024-04-01,Monthly,299,Delhi,2025-12-01
842,2024-04-01,Annual,2499,Ahmedabad,
843,2024-04-01,Monthly,299,Kolkata,2025-07-01
844,2024-04-01,Monthly,299,Pune,2024-07-01
845,2024-04-01,Monthly,299,Jaipur,2024-06-01
846,2024-04-01,Monthly,299,Patna,2024-09-01
847,2024-04-01,Annual,2499,Jaipur,
848,2024-04-01,Monthly,299,Chennai,2024-06-01
849,2024-04-01,Annual,2499,Patna,
850,2024-04-01,Annual,2499,Delhi,
851,2024-04-01,Monthly,299,Delhi,2024-05-01
852,2024-04-01,Annual,2499,Hyderabad,
853,2024-04-01,Annual,2499,Jaipur,
854,2024-04-01,Monthly,299,Bengaluru,2025-03-01
855,2024-04-01,Annual,2499,Ahmedabad,2025-02-01
856,2024-04-01,Monthly,299,Jaipur,2025-11-01
857,2024-04-01,Monthly,299,Bengaluru,2024-05-01
858,2024-04-01,Monthly,299,Delhi,2024-06-01
859,2024-04-01,Monthly,299,Jaipur,2025-09-01
860,2024-04-01,Annual,2499,Chennai,
861,2024-04-01,Annual,2499,Delhi,
862,2024-04-01,Monthly,299,Jaipur,2025-05-01
863,2024-04-01,Monthly,299,Pune,2024-09-01
864,2024-04-01,Monthly,299,Chennai,2024-05-01
865,2024-04-01,Monthly,299,Pune,2024-05-01
866,2024-04-01,Monthly,299,Ahmedabad,2024-06-01
867,2024-04-01,Monthly,299,Hyderabad,2024-10-01
868,2024-04-01,Monthly,299,Mumbai,
869,2024-04-01,Monthly,299,Ahmedabad,2024-05-01
870,2024-04-01,Annual,2499,Patna,
871,2024-04-01,Annual,2499,Patna,
872,2024-04-01,Monthly,299,Hyderabad,2025-08-01
873,2024-04-01,Annual,2499,Bengaluru,
874,2024-04-01,Annual,2499,Delhi,
875,2024-04-01,Monthly,299,Pune,2024-12-01
876,2024-04-01,Monthly,299,Chennai,2025-07-01
877,2024-04-01,Monthly,299,Ahmedabad,2025-07-01
878,2024-04-01,Annual,2499,Jaipur,
879,2024-04-01,Monthly,299,Patna,2025-10-01
880,2024-04-01,Monthly,299,Patna,2024-05-01
881,2024-04-01,Annual,2499,Chennai,2025-02-01
882,2024-04-01,Monthly,299,Mumbai,2024-05-01
883,2024-04-01,Annual,2499,Bengaluru,
884,2024-04-01,Monthly,299,Delhi,2024-12-01
885,2024-04-01,Monthly,299,Mumbai,
886,2024-04-01,Annual,2499,Ahmedabad,2024-07-01
887,2024-04-01,Monthly,299,Pune,2026-01-01
888,2024-04-01,Monthly,299,Jaipur,2024-05-01
889,2024-04-01,Monthly,299,Ahmedabad,2024-06-01
890,2024-04-01,Annual,2499,Kolkata,2025-01-01
891,2024-04-01,Monthly,299,Patna,2024-05-01
892,2024-04-01,Monthly,299,Jaipur,2024-06-01
893,2024-04-01,Annual,2499,Hyderabad,
894,2024-04-01,Monthly,299,Chennai,2025-05-01
895,2024-04-01,Monthly,299,Bengaluru,2024-06-01
896,2024-04-01,Annual,2499,Bengaluru,
897,2024-04-01,Monthly,299,Jaipur,2024-07-01
898,2024-04-01,Annual,2499,Chennai,2024-12-01
899,2024-04-01,Monthly,299,Ahmedabad,2024-05-01
900,2024-04-01,Monthly,299,Delhi,
901,2024-04-01,Annual,2499,Ahmedabad,2026-07-01
902,2024-04-01,Annual,2499,Patna,2026-01-01
903,2024-04-01,Monthly,299,Jaipur,2025-04-01
904,2024-04-01,Monthly,299,Ahmedabad,
905,2024-04-01,Annual,2499,Patna,2024-05-01
906,2024-04-01,Monthly,299,Kolkata,2024-09-01
907,2024-04-01,Annual,2499,Bengaluru,
908,2024-04-01,Annual,2499,Ahmedabad,
909,2024-04-01,Annual,2499,Hyderabad,
910,2024-04-01,Annual,2499,Delhi,
911,2024-04-01,Annual,2499,Kolkata,
912,2024-04-01,Monthly,299,Pune,
913,2024-05-01,Monthly,299,Bengaluru,2024-06-01
914,2024-05-01,Monthly,299,Delhi,2025-06-01
915,2024-05-01,Annual,2499,Delhi,2026-03-01
916,2024-05-01,Annual,2499,Chennai,
917,2024-05-01,Annual,2499,Patna,2024-11-01
918,2024-05-01,Monthly,299,Jaipur,
919,2024-05-01,Monthly,299,Hyderabad,2024-09-01
920,2024-05-01,Monthly,299,Chennai,
921,2024-05-01,Monthly,299,Mumbai,2025-01-01
922,2024-05-01,Monthly,299,Kolkata,2024-07-01
923,2024-05-01,Monthly,299,Ahmedabad,2024-06-01
924,2024-05-01,Monthly,299,Mumbai,2024-06-01
925,2024-05-01,Monthly,299,Ahmedabad,2026-01-01
926,2024-05-01,Monthly,299,Delhi,2025-02-01
927,2024-05-01,Annual,2499,Patna,2026-07-01
928,2024-05-01,Monthly,299,Kolkata,
929,2024-05-01,Monthly,299,Pune,2024-12-01
930,2024-05-01,Monthly,299,Patna,
931,2024-05-01,Monthly,299,Hyderabad,
932,2024-05-01,Annual,2499,Jaipur,
933,2024-05-01,Annual,2499,Delhi,
934,2024-05-01,Monthly,299,Jaipur,
935,2024-05-01,Monthly,299,Chennai,
936,2024-05-01,Annual,2499,Patna,
937,2024-05-01,Monthly,299,Patna,2025-03-01
938,2024-05-01,Annual,2499,Delhi,2025-01-01
939,2024-05-01,Monthly,299,Jaipur,2026-07-01
940,2024-05-01,Monthly,299,Bengaluru,2024-08-01
941,2024-05-01,Monthly,299,Hyderabad,2024-08-01
942,2024-05-01,Monthly,299,Patna,2025-12-01
943,2024-05-01,Monthly,299,Bengaluru,2025-02-01
944,2024-05-01,Annual,2499,Pune,2025-10-01
945,2024-05-01,Monthly,299,Patna,2024-06-01
946,2024-05-01,Monthly,299,Patna,2025-01-01
947,2024-05-01,Monthly,299,Patna,
948,2024-05-01,Annual,2499,Ahmedabad,
949,2024-05-01,Monthly,299,Ahmedabad,
950,2024-05-01,Annual,2499,Jaipur,
951,2024-05-01,Monthly,299,Bengaluru,2025-08-01
952,2024-05-01,Monthly,299,Kolkata,2024-07-01
953,2024-05-01,Annual,2499,Mumbai,
954,2024-05-01,Monthly,299,Ahmedabad,2024-06-01
955,2024-05-01,Annual,2499,Bengaluru,
956,2024-05-01,Annual,2499,Chennai,2024-06-01
957,2024-05-01,Annual,2499,Ahmedabad,2025-06-01
958,2024-05-01,Monthly,299,Ahmedabad,2024-06-01
959,2024-05-01,Monthly,299,Pune,2026-07-01
960,2024-05-01,Monthly,299,Hyderabad,2024-07-01
961,2024-05-01,Monthly,299,Bengaluru,2024-08-01
962,2024-05-01,Annual,2499,Jaipur,
963,2024-05-01,Monthly,299,Mumbai,2026-08-01
964,2024-05-01,Monthly,299,Delhi,2025-04-01
965,2024-05-01,Monthly,299,Mumbai,2024-12-01
966,2024-05-01,Annual,2499,Hyderabad,2025-01-01
967,2024-05-01,Monthly,299,Bengaluru,2024-09-01
968,2024-05-01,Annual,2499,Mumbai,
969,2024-05-01,Monthly,299,Delhi,
970,2024-05-01,Monthly,299,Mumbai,2024-12-01
971,2024-05-01,Annual,2499,Patna,
972,2024-05-01,Annual,2499,Hyderabad,
973,2024-05-01,Monthly,299,Pune,2024-07-01
974,2024-05-01,Annual,2499,,
975,2024-05-01,Monthly,299,Jaipur,2024-09-01
976,2024-05-01,Monthly,299,Jaipur,2025-07-01
977,2024-05-01,Monthly,299,Ahmedabad,2024-07-01
978,2024-05-01,Monthly,299,Pune,2024-10-01
979,2024-05-01,Monthly,299,Delhi,
980,2024-05-01,Monthly,299,Chennai,2025-03-01
981,2024-05-01,Monthly,299,Patna,2025-09-01
982,2024-05-01,Annual,2499,Jaipur,
983,2024-05-01,Monthly,299,Bengaluru,2026-03-01
984,2024-05-01,Annual,2499,Chennai,
985,2024-05-01,Monthly,299,Delhi,2025-03-01
986,2024-05-01,Monthly,299,Jaipur,
987,2024-05-01,Monthly,299,Mumbai,2024-06-01
988,2024-05-01,Annual,2499,Bengaluru,
989,2024-05-01,Monthly,299,Hyderabad,2026-07-01
990,2024-05-01,Annual,2499,Chennai,
991,2024-05-01,Monthly,299,Jaipur,2025-02-01
992,2024-05-01,Annual,2499,Patna,2024-06-01
993,2024-05-01,Monthly,299,Jaipur,2024-06-01
994,2024-05-01,Annual,2499,Ahmedabad,2025-07-01
995,2024-05-01,Monthly,299,,
996,2024-05-01,Monthly,299,Jaipur,2025-05-01
997,2024-05-01,Monthly,299,Kolkata,2025-09-01
998,2024-05-01,Monthly,299,Jaipur,
999,2024-05-01,Monthly,299,Kolkata,2024-06-01
1000,2024-05-01,Monthly,299,Pune,2025-05-01
1001,2024-05-01,Annual,2499,Chennai,
1002,2024-05-01,Monthly,299,Ahmedabad,2024-09-01
1003,2024-05-01,Monthly,299,Mumbai,2024-07-01
1004,2024-05-01,Monthly,299,Pune,2024-07-01
1005,2024-05-01,Monthly,299,Jaipur,2025-01-01
1006,2024-05-01,Monthly,299,Chennai,2024-07-01
1007,2024-05-01,Annual,2499,Chennai,
1008,2024-05-01,Monthly,299,Jaipur,2025-07-01
1009,2024-05-01,Annual,2499,Chennai,
1010,2024-05-01,Monthly,299,Jaipur,2024-12-01
1011,2024-05-01,Monthly,299,Hyderabad,2025-05-01
1012,2024-05-01,Monthly,299,Pune,2024-06-01
1013,2024-05-01,Monthly,299,Hyderabad,2025-02-01
1014,2024-05-01,Annual,2499,Kolkata,
1015,2024-05-01,Monthly,299,Ahmedabad,2024-06-01
1016,2024-05-01,Monthly,299,Hyderabad,2025-06-01
1017,2024-05-01,Monthly,299,Kolkata,2026-02-01
1018,2024-05-01,Monthly,299,Ahmedabad,2024-07-01
1019,2024-05-01,Monthly,299,Kolkata,2026-06-01
1020,2024-05-01,Monthly,299,Mumbai,2024-08-01
1021,2024-05-01,Monthly,299,Pune,2026-05-01
1022,2024-05-01,Annual,2499,Mumbai,
1023,2024-05-01,Monthly,299,Jaipur,2025-04-01
1024,2024-05-01,Annual,2499,Chennai,2025-05-01
1025,2024-05-01,Monthly,299,Delhi,2026-08-01
1026,2024-05-01,Monthly,299,Patna,2025-08-01
1027,2024-05-01,Monthly,299,Chennai,2024-12-01
1028,2024-05-01,Annual,2499,Jaipur,2026-07-01
1029,2024-05-01,Monthly,299,Kolkata,2024-07-01
1030,2024-05-01,Annual,2499,Pune,
1031,2024-05-01,Monthly,299,Chennai,2024-07-01
1032,2024-05-01,Monthly,299,Jaipur,2025-01-01
1033,2024-05-01,Annual,2499,Mumbai,
1034,2024-05-01,Annual,2499,Ahmedabad,
1035,2024-05-01,Monthly,299,Hyderabad,
1036,2024-05-01,Monthly,299,Jaipur,2025-01-01
1037,2024-05-01,Annual,2499,Pune,
1038,2024-05-01,Monthly,299,Hyderabad,2024-12-01
1039,2024-05-01,Monthly,299,Bengaluru,
1040,2024-05-01,Annual,2499,Mumbai,2024-12-01
1041,2024-05-01,Monthly,299,Kolkata,
1042,2024-05-01,Monthly,299,Pune,
1043,2024-05-01,Monthly,299,Delhi,2024-06-01
1044,2024-05-01,Monthly,299,Mumbai,2025-04-01
1045,2024-05-01,Monthly,299,Chennai,2025-09-01
1046,2024-05-01,Annual,2499,Hyderabad,2024-09-01
1047,2024-05-01,Monthly,299,Patna,2026-06-01
1048,2024-05-01,Monthly,299,Mumbai,2026-02-01
1049,2024-05-01,Monthly,299,Ahmedabad,2024-06-01
1050,2024-05-01,Monthly,299,Hyderabad,2026-04-01
1051,2024-05-01,Monthly,299,Delhi,2024-08-01
1052,2024-05-01,Monthly,299,Pune,2024-06-01
1053,2024-05-01,Monthly,299,Jaipur,
1054,2024-05-01,Annual,2499,Chennai,
1055,2024-05-01,Monthly,299,Delhi,2024-07-01
1056,2024-05-01,Monthly,299,Delhi,2024-10-01
1057,2024-05-01,Annual,2499,Jaipur,
1058,2024-05-01,Annual,2499,Hyderabad,2026-08-01
1059,2024-05-01,Monthly,299,Chennai,2025-07-01
1060,2024-05-01,Monthly,299,Bengaluru,2024-09-01
1061,2024-05-01,Monthly,299,Mumbai,
1062,2024-05-01,Monthly,299,Patna,2024-09-01
1063,2024-05-01,Annual,2499,Ahmedabad,
1064,2024-05-01,Monthly,299,Patna,
1065,2024-05-01,Monthly,299,Ahmedabad,
1066,2024-05-01,Monthly,299,Chennai,2024-09-01
1067,2024-05-01,Monthly,299,Jaipur,2026-05-01
1068,2024-05-01,Monthly,299,Kolkata,2026-05-01
1069,2024-05-01,Annual,2499,Pune,2026-06-01
1070,2024-05-01,Monthly,299,Hyderabad,2024-12-01
1071,2024-05-01,Monthly,299,Jaipur,2025-12-01
1072,2024-05-01,Monthly,299,Kolkata,2026-08-01
1073,2024-05-01,Monthly,299,Kolkata,2026-01-01
1074,2024-05-01,Annual,2499,Hyderabad,
1075,2024-05-01,Monthly,299,Ahmedabad,
1076,2024-05-01,Monthly,299,Kolkata,2024-11-01
1077,2024-05-01,Monthly,299,Bengaluru,2024-11-01
1078,2024-05-01,Annual,2499,Bengaluru,
1079,2024-05-01,Monthly,299,Hyderabad,2025-10-01
1080,2024-05-01,Monthly,299,Bengaluru,2024-06-01
1081,2024-05-01,Annual,2499,Jaipur,
1082,2024-05-01,Monthly,299,,2024-06-01
1083,2024-05-01,Monthly,299,Hyderabad,
1084,2024-05-01,Monthly,299,Ahmedabad,
1085,2024-05-01,Monthly,299,Ahmedabad,2025-12-01
1086,2024-05-01,Annual,2499,Chennai,
1087,2024-05-01,Monthly,299,Patna,2024-07-01
1088,2024-05-01,Monthly,299,Delhi,2024-06-01
1089,2024-05-01,Monthly,299,Mumbai,2024-12-01
1090,2024-05-01,Monthly,299,Chennai,2025-11-01
1091,2024-05-01,Annual,2499,Hyderabad,
1092,2024-05-01,Monthly,299,Bengaluru,2024-06-01
1093,2024-05-01,Monthly,299,Pune,
1094,2024-05-01,Monthly,299,Delhi,2026-07-01
1095,2024-05-01,Annual,2499,Chennai,
1096,2024-05-01,Monthly,299,Jaipur,2024-09-01
1097,2024-05-01,Monthly,299,Pune,2024-10-01
1098,2024-05-01,Monthly,299,Pune,
1099,2024-05-01,Monthly,299,Chennai,2025-03-01
1100,2024-05-01,Annual,2499,Pune,
1101,2024-05-01,Monthly,299,Pune,2024-11-01
1102,2024-05-01,Monthly,299,Mumbai,2024-07-01
1103,2024-05-01,Monthly,299,Patna,
1104,2024-05-01,Annual,2499,Bengaluru,
1105,2024-05-01,Monthly,299,Jaipur,2024-09-01
1106,2024-05-01,Monthly,299,Hyderabad,2024-08-01
1107,2024-05-01,Monthly,299,Ahmedabad,
1108,2024-05-01,Monthly,299,Kolkata,
1109,2024-05-01,Monthly,299,Hyderabad,
1110,2024-05-01,Monthly,299,Delhi,
1111,2024-05-01,Annual,2499,,2024-06-01
1112,2024-05-01,Monthly,299,Kolkata,
1113,2024-05-01,Monthly,299,Jaipur,2024-10-01
1114,2024-05-01,Monthly,299,Pune,2024-08-01
1115,2024-05-01,Annual,2499,Jaipur,2025-10-01
1116,2024-05-01,Annual,2499,Jaipur,2026-03-01
1117,2024-05-01,Monthly,299,Hyderabad,2025-06-01
1118,2024-05-01,Monthly,299,Jaipur,2024-06-01
1119,2024-05-01,Monthly,299,Bengaluru,
1120,2024-05-01,Annual,2499,Ahmedabad,
1121,2024-05-01,Monthly,299,Mumbai,2025-10-01
1122,2024-05-01,Monthly,299,Hyderabad,2024-06-01
1123,2024-05-01,Monthly,299,Ahmedabad,
1124,2024-05-01,Annual,2499,Ahmedabad,
1125,2024-05-01,Annual,2499,Kolkata,
1126,2024-05-01,Annual,2499,Kolkata,2025-01-01
1127,2024-05-01,Monthly,299,Hyderabad,2026-03-01
1128,2024-05-01,Monthly,299,Patna,
1129,2024-05-01,Monthly,299,Chennai,2025-08-01
1130,2024-05-01,Monthly,299,Mumbai,2024-06-01
1131,2024-05-01,Monthly,299,Patna,2025-10-01
1132,2024-05-01,Monthly,299,Jaipur,
1133,2024-05-01,Monthly,299,Hyderabad,2026-04-01
1134,2024-05-01,Monthly,299,Ahmedabad,2025-04-01
1135,2024-05-01,Monthly,299,Mumbai,
1136,2024-05-01,Monthly,299,Pune,2025-02-01
1137,2024-05-01,Monthly,299,Chennai,
1138,2024-05-01,Monthly,299,Ahmedabad,2026-04-01
1139,2024-05-01,Monthly,299,Pune,2025-04-01
1140,2024-05-01,Monthly,299,Pune,2025-06-01
1141,2024-05-01,Monthly,299,Jaipur,2025-07-01
1142,2024-05-01,Monthly,299,Hyderabad,2026-05-01
1143,2024-05-01,Monthly,299,Pune,
1144,2024-05-01,Monthly,299,Chennai,2024-08-01
1145,2024-05-01,Monthly,299,Pune,2024-10-01
1146,2024-05-01,Monthly,299,Mumbai,
1147,2024-05-01,Monthly,299,Pune,2024-06-01
1148,2024-05-01,Monthly,299,Mumbai,2024-08-01
1149,2024-05-01,Annual,2499,Kolkata,
1150,2024-05-01,Monthly,299,Mumbai,2024-08-01
1151,2024-05-01,Monthly,299,Kolkata,2024-09-01
1152,2024-05-01,Monthly,299,,2024-12-01
1153,2024-05-01,Monthly,299,Jaipur,2025-03-01
1154,2024-05-01,Monthly,299,Bengaluru,
1155,2024-05-01,Monthly,299,Pune,2025-07-01
1156,2024-05-01,Monthly,299,Pune,
1157,2024-05-01,Monthly,299,Patna,2024-08-01
1158,2024-05-01,Monthly,299,Chennai,2024-10-01
1159,2024-05-01,Annual,2499,Hyderabad,
1160,2024-05-01,Monthly,299,Pune,2025-12-01
1161,2024-05-01,Annual,2499,Chennai,
1162,2024-05-01,Monthly,299,Chennai,2024-06-01
1163,2024-05-01,Monthly,299,Ahmedabad,
1164,2024-05-01,Monthly,299,Hyderabad,2025-03-01
1165,2024-05-01,Annual,2499,Hyderabad,2024-11-01
1166,2024-05-01,Monthly,299,Delhi,
1167,2024-05-01,Monthly,299,Hyderabad,2024-06-01
1168,2024-05-01,Monthly,299,Ahmedabad,2025-01-01
1169,2024-05-01,Monthly,299,Kolkata,2025-03-01
1170,2024-05-01,Monthly,299,Jaipur,2025-05-01
1171,2024-05-01,Monthly,299,Pune,
1172,2024-05-01,Annual,2499,Ahmedabad,2024-06-01
1173,2024-05-01,Annual,2499,,2025-08-01
1174,2024-05-01,Annual,2499,Delhi,
1175,2024-05-01,Monthly,299,Mumbai,2024-06-01
1176,2024-05-01,Monthly,299,Jaipur,2025-04-01
1177,2024-05-01,Monthly,299,Pune,2024-06-01
1178,2024-05-01,Annual,2499,Jaipur,
1179,2024-05-01,Monthly,299,Kolkata,2024-07-01
1180,2024-05-01,Annual,2499,Delhi,2025-05-01
1181,2024-05-01,Monthly,299,Pune,2024-06-01
1182,2024-05-01,Annual,2499,Bengaluru,2024-07-01
1183,2024-05-01,Annual,2499,Ahmedabad,
1184,2024-05-01,Monthly,299,Bengaluru,2024-08-01
1185,2024-05-01,Annual,2499,Mumbai,
1186,2024-05-01,Monthly,299,Kolkata,
1187,2024-05-01,Annual,2499,Bengaluru,
1188,2024-06-01,Annual,2499,Pune,
1189,2024-06-01,Monthly,299,Chennai,2025-07-01
1190,2024-06-01,Annual,2499,Ahmedabad,2024-08-01
1191,2024-06-01,Monthly,299,Patna,2024-07-01
1192,2024-06-01,Monthly,299,Bengaluru,2026-07-01
1193,2024-06-01,Monthly,299,Jaipur,2024-08-01
1194,2024-06-01,Annual,2499,Jaipur,
1195,2024-06-01,Monthly,299,Chennai,
1196,2024-06-01,Annual,2499,Mumbai,
1197,2024-06-01,Annual,2499,Mumbai,2024-07-01
1198,2024-06-01,Annual,2499,Hyderabad,2024-07-01
1199,2024-06-01,Monthly,299,Kolkata,2024-09-01
1200,2024-06-01,Monthly,299,Patna,
1201,2024-06-01,Monthly,299,Bengaluru,2024-08-01
1202,2024-06-01,Monthly,299,Ahmedabad,2025-10-01
1203,2024-06-01,Monthly,299,Hyderabad,2024-07-01
1204,2024-06-01,Annual,2499,Pune,
1205,2024-06-01,Monthly,299,Bengaluru,
1206,2024-06-01,Annual,2499,Kolkata,2025-12-01
1207,2024-06-01,Monthly,299,Ahmedabad,
1208,2024-06-01,Monthly,299,Jaipur,
1209,2024-06-01,Monthly,299,Kolkata,2024-07-01
1210,2024-06-01,Monthly,299,Chennai,2025-07-01
1211,2024-06-01,Monthly,299,Ahmedabad,2026-01-01
1212,2024-06-01,Monthly,299,Bengaluru,
1213,2024-06-01,Monthly,299,Patna,
1214,2024-06-01,Monthly,299,Mumbai,
1215,2024-06-01,Annual,2499,Patna,
1216,2024-06-01,Monthly,299,Chennai,2026-07-01
1217,2024-06-01,Monthly,299,Jaipur,2024-09-01
1218,2024-06-01,Monthly,299,Kolkata,2025-07-01
1219,2024-06-01,Monthly,299,Pune,2024-08-01
1220,2024-06-01,Annual,2499,Chennai,
1221,2024-06-01,Annual,2499,Patna,
1222,2024-06-01,Monthly,299,Kolkata,2024-07-01
1223,2024-06-01,Annual,2499,Jaipur,2026-02-01
1224,2024-06-01,Annual,2499,Bengaluru,
1225,2024-06-01,Annual,2499,Ahmedabad,
1226,2024-06-01,Monthly,299,Patna,2025-03-01
1227,2024-06-01,Monthly,299,Ahmedabad,
1228,2024-06-01,Monthly,299,Hyderabad,2025-05-01
1229,2024-06-01,Monthly,299,Jaipur,2025-01-01
1230,2024-06-01,Monthly,299,Bengaluru,2024-08-01
1231,2024-06-01,Annual,2499,Jaipur,
1232,2024-06-01,Annual,2499,Mumbai,
1233,2024-06-01,Annual,2499,Jaipur,
1234,2024-06-01,Monthly,299,Patna,2024-12-01
1235,2024-06-01,Monthly,299,Mumbai,2026-01-01
1236,2024-06-01,Monthly,299,Hyderabad,2024-07-01
1237,2024-06-01,Annual,2499,Bengaluru,
1238,2024-06-01,Monthly,299,Jaipur,
1239,2024-06-01,Monthly,299,Kolkata,
1240,2024-06-01,Monthly,299,Kolkata,2026-05-01
1241,2024-06-01,Annual,2499,Chennai,
1242,2024-06-01,Monthly,299,Delhi,2025-03-01
1243,2024-06-01,Monthly,299,Delhi,2025-12-01
1244,2024-06-01,Annual,2499,Chennai,2024-07-01
1245,2024-06-01,Monthly,299,Hyderabad,2024-07-01
1246,2024-06-01,Monthly,299,Jaipur,2025-01-01
1247,2024-06-01,Annual,2499,Chennai,
1248,2024-06-01,Monthly,299,Delhi,2025-09-01
1249,2024-06-01,Annual,2499,Bengaluru,
1250,2024-06-01,Annual,2499,Bengaluru,
1251,2024-06-01,Monthly,299,Pune,2025-09-01
1252,2024-06-01,Annual,2499,Bengaluru,
1253,2024-06-01,Monthly,299,Delhi,2025-06-01
1254,2024-06-01,Monthly,299,Chennai,2025-08-01
1255,2024-06-01,Monthly,299,Mumbai,2025-11-01
1256,2024-06-01,Monthly,299,Patna,2025-05-01
1257,2024-06-01,Monthly,299,Jaipur,2024-07-01
1258,2024-06-01,Annual,2499,Mumbai,
1259,2024-06-01,Monthly,299,Jaipur,2025-04-01
1260,2024-06-01,Annual,2499,Chennai,
1261,2024-06-01,Monthly,299,Chennai,2025-02-01
1262,2024-06-01,Monthly,299,Kolkata,2025-06-01
1263,2024-06-01,Monthly,299,Pune,2024-11-01
1264,2024-06-01,Monthly,299,Bengaluru,2024-07-01
1265,2024-06-01,Annual,2499,Ahmedabad,2024-07-01
1266,2024-06-01,Monthly,299,Chennai,2025-04-01
1267,2024-06-01,Annual,2499,Patna,
1268,2024-06-01,Annual,2499,Patna,2025-02-01
1269,2024-06-01,Monthly,299,Hyderabad,2024-11-01
1270,2024-06-01,Monthly,299,Kolkata,2025-08-01
1271,2024-06-01,Annual,2499,Ahmedabad,2026-07-01
1272,2024-06-01,Monthly,299,Hyderabad,2026-06-01
1273,2024-06-01,Monthly,299,Patna,2026-04-01
1274,2024-06-01,Annual,2499,Chennai,2026-07-01
1275,2024-06-01,Annual,2499,Ahmedabad,
1276,2024-06-01,Annual,2499,Delhi,2025-12-01
1277,2024-06-01,Monthly,299,Pune,2024-08-01
1278,2024-06-01,Annual,2499,Ahmedabad,2024-07-01
1279,2024-06-01,Annual,2499,Ahmedabad,2024-07-01
1280,2024-06-01,Annual,2499,Mumbai,
1281,2024-06-01,Annual,2499,Kolkata,
1282,2024-06-01,Monthly,299,Hyderabad,2024-10-01
1283,2024-06-01,Monthly,299,Kolkata,2025-07-01
1284,2024-06-01,Monthly,299,Hyderabad,2025-04-01
1285,2024-06-01,Monthly,299,Patna,2024-09-01
1286,2024-06-01,Monthly,299,Hyderabad,2025-12-01
1287,2024-06-01,Monthly,299,Jaipur,2025-06-01
1288,2024-06-01,Monthly,299,Bengaluru,2025-06-01
1289,2024-06-01,Annual,2499,Jaipur,
1290,2024-06-01,Annual,2499,Mumbai,2025-09-01
1291,2024-06-01,Annual,2499,Hyderabad,2024-08-01
1292,2024-06-01,Monthly,299,Delhi,2026-06-01
1293,2024-06-01,Monthly,299,Jaipur,2024-07-01
1294,2024-06-01,Monthly,299,Jaipur,2024-08-01
1295,2024-06-01,Monthly,299,Jaipur,
1296,2024-06-01,Annual,2499,,
1297,2024-06-01,Annual,2499,Patna,
1298,2024-06-01,Monthly,299,Mumbai,2024-10-01
1299,2024-06-01,Monthly,299,Chennai,
1300,2024-06-01,Monthly,299,Delhi,2026-02-01
1301,2024-06-01,Annual,2499,Kolkata,
1302,2024-06-01,Monthly,299,Ahmedabad,2024-07-01
1303,2024-06-01,Monthly,299,Kolkata,2025-12-01
1304,2024-06-01,Monthly,299,Delhi,2024-10-01
1305,2024-06-01,Annual,2499,Chennai,
1306,2024-06-01,Monthly,299,Hyderabad,2024-07-01
1307,2024-06-01,Monthly,299,Kolkata,
1308,2024-06-01,Monthly,299,Bengaluru,2025-02-01
1309,2024-06-01,Monthly,299,Hyderabad,2026-03-01
1310,2024-06-01,Annual,2499,Hyderabad,
1311,2024-06-01,Annual,2499,Bengaluru,
1312,2024-06-01,Monthly,299,Mumbai,2024-09-01
1313,2024-06-01,Monthly,299,Jaipur,2025-01-01
1314,2024-06-01,Monthly,299,Kolkata,2024-07-01
1315,2024-06-01,Annual,2499,Delhi,
1316,2024-06-01,Annual,2499,Ahmedabad,
1317,2024-06-01,Monthly,299,Pune,2024-12-01
1318,2024-06-01,Monthly,299,Patna,2024-07-01
1319,2024-06-01,Annual,2499,Pune,2025-02-01
1320,2024-06-01,Monthly,299,Delhi,2025-11-01
1321,2024-06-01,Monthly,299,Pune,2025-01-01
1322,2024-06-01,Monthly,299,Delhi,2025-03-01
1323,2024-06-01,Monthly,299,Bengaluru,2025-04-01
1324,2024-06-01,Monthly,299,Pune,2025-03-01
1325,2024-06-01,Monthly,299,Delhi,2024-12-01
1326,2024-06-01,Annual,2499,Pune,
1327,2024-06-01,Monthly,299,Mumbai,2024-07-01
1328,2024-06-01,Annual,2499,Hyderabad,
1329,2024-06-01,Monthly,299,Kolkata,2024-09-01
1330,2024-06-01,Monthly,299,Mumbai,2025-01-01
1331,2024-06-01,Monthly,299,Ahmedabad,2025-11-01
1332,2024-06-01,Monthly,299,Pune,
1333,2024-06-01,Annual,2499,Kolkata,
1334,2024-06-01,Monthly,299,Bengaluru,
1335,2024-06-01,Monthly,299,Delhi,2024-08-01
1336,2024-06-01,Annual,2499,Ahmedabad,
1337,2024-06-01,Annual,2499,Patna,
1338,2024-06-01,Annual,2499,Patna,2026-02-01
1339,2024-06-01,Annual,2499,Pune,
1340,2024-06-01,Annual,2499,,
1341,2024-06-01,Monthly,299,Chennai,
1342,2024-06-01,Annual,2499,Patna,
1343,2024-06-01,Monthly,299,Kolkata,2025-06-01
1344,2024-06-01,Monthly,299,Kolkata,
1345,2024-06-01,Monthly,299,Mumbai,2025-01-01
1346,2024-06-01,Monthly,299,Kolkata,2024-09-01
1347,2024-06-01,Monthly,299,Delhi,2025-06-01
1348,2024-06-01,Monthly,299,Chennai,
1349,2024-06-01,Monthly,299,Kolkata,
1350,2024-06-01,Monthly,299,Bengaluru,2024-07-01
1351,2024-06-01,Annual,2499,Ahmedabad,
1352,2024-06-01,Monthly,299,Delhi,2024-09-01
1353,2024-06-01,Monthly,299,Chennai,2024-12-01
1354,2024-06-01,Monthly,299,Chennai,
1355,2024-06-01,Monthly,299,Patna,2024-07-01
1356,2024-06-01,Monthly,299,Hyderabad,2025-08-01
1357,2024-06-01,Annual,2499,Delhi,2025-10-01
1358,2024-06-01,Monthly,299,Jaipur,2024-10-01
1359,2024-06-01,Monthly,299,Bengaluru,
1360,2024-06-01,Monthly,299,Pune,
1361,2024-06-01,Monthly,299,Patna,2025-09-01
1362,2024-06-01,Monthly,299,Mumbai,
1363,2024-06-01,Annual,2499,Jaipur,
1364,2024-06-01,Monthly,299,Pune,2025-01-01
1365,2024-06-01,Annual,2499,Delhi,
1366,2024-06-01,Monthly,299,Bengaluru,2024-08-01
1367,2024-06-01,Monthly,299,Mumbai,2024-08-01
1368,2024-06-01,Monthly,299,Pune,2025-11-01
1369,2024-06-01,Annual,2499,Pune,
1370,2024-06-01,Monthly,299,Patna,2024-12-01
1371,2024-06-01,Monthly,299,Ahmedabad,
1372,2024-06-01,Monthly,299,Hyderabad,2025-11-01
1373,2024-06-01,Monthly,299,Jaipur,2025-12-01
1374,2024-06-01,Monthly,299,Pune,2025-12-01
1375,2024-06-01,Monthly,299,Bengaluru,2024-08-01
1376,2024-06-01,Monthly,299,Chennai,2024-08-01
1377,2024-06-01,Monthly,299,Delhi,2025-06-01
1378,2024-06-01,Monthly,299,Hyderabad,2024-11-01
1379,2024-06-01,Annual,2499,Bengaluru,2026-02-01
1380,2024-06-01,Monthly,299,Bengaluru,2025-07-01
1381,2024-06-01,Monthly,299,Mumbai,2024-11-01
1382,2024-06-01,Monthly,299,Ahmedabad,2024-12-01
1383,2024-06-01,Annual,2499,Hyderabad,
1384,2024-06-01,Annual,2499,Ahmedabad,2025-06-01
1385,2024-06-01,Monthly,299,Jaipur,2024-08-01
1386,2024-06-01,Annual,2499,Kolkata,
1387,2024-06-01,Annual,2499,Chennai,
1388,2024-06-01,Annual,2499,Jaipur,
1389,2024-06-01,Monthly,299,Ahmedabad,2024-08-01
1390,2024-06-01,Monthly,299,Jaipur,2025-03-01
1391,2024-06-01,Annual,2499,Patna,
1392,2024-06-01,Monthly,299,Bengaluru,
1393,2024-06-01,Annual,2499,Delhi,
1394,2024-06-01,Monthly,299,Bengaluru,2024-07-01
1395,2024-06-01,Monthly,299,Patna,2025-04-01
1396,2024-06-01,Monthly,299,Mumbai,2025-05-01
1397,2024-06-01,Monthly,299,Ahmedabad,2024-07-01
1398,2024-06-01,Monthly,299,Delhi,2024-09-01
1399,2024-06-01,Monthly,299,Jaipur,2025-05-01
1400,2024-06-01,Monthly,299,Jaipur,2025-02-01
1401,2024-06-01,Monthly,299,Delhi,2025-11-01
1402,2024-06-01,Monthly,299,Jaipur,2025-03-01
1403,2024-06-01,Monthly,299,Ahmedabad,2024-11-01
1404,2024-06-01,Monthly,299,Delhi,2025-02-01
1405,2024-06-01,Monthly,299,Ahmedabad,2025-09-01
1406,2024-06-01,Monthly,299,Jaipur,2025-10-01
1407,2024-06-01,Annual,2499,Ahmedabad,
1408,2024-06-01,Monthly,299,Patna,2025-03-01
1409,2024-06-01,Monthly,299,Jaipur,2024-12-01
1410,2024-06-01,Monthly,299,Kolkata,
1411,2024-06-01,Annual,2499,Ahmedabad,
1412,2024-06-01,Monthly,299,Mumbai,2026-02-01
1413,2024-06-01,Annual,2499,Chennai,
1414,2024-06-01,Monthly,299,Jaipur,2025-01-01
1415,2024-06-01,Monthly,299,Chennai,2026-03-01
1416,2024-06-01,Monthly,299,Delhi,2025-05-01
1417,2024-06-01,Monthly,299,Jaipur,2024-11-01
1418,2024-06-01,Annual,2499,Pune,2024-09-01
1419,2024-06-01,Annual,2499,Hyderabad,2024-07-01
1420,2024-06-01,Monthly,299,Hyderabad,2026-03-01
1421,2024-06-01,Annual,2499,Bengaluru,
1422,2024-06-01,Monthly,299,Ahmedabad,2024-07-01
1423,2024-06-01,Monthly,299,Pune,2024-08-01
1424,2024-06-01,Monthly,299,Patna,2024-09-01
1425,2024-06-01,Monthly,299,Bengaluru,2025-03-01
1426,2024-06-01,Monthly,299,Jaipur,2024-08-01
1427,2024-06-01,Annual,2499,Hyderabad,
1428,2024-06-01,Monthly,299,Mumbai,
1429,2024-06-01,Monthly,299,Chennai,
1430,2024-06-01,Monthly,299,Chennai,2024-08-01
1431,2024-06-01,Monthly,299,Chennai,2024-08-01
1432,2024-06-01,Monthly,299,Bengaluru,2025-12-01
1433,2024-06-01,Monthly,299,Delhi,2026-05-01
1434,2024-06-01,Annual,2499,Delhi,2025-08-01
1435,2024-06-01,Monthly,299,Kolkata,2024-08-01
1436,2024-06-01,Monthly,299,Mumbai,
1437,2024-06-01,Monthly,299,Patna,2024-12-01
1438,2024-06-01,Monthly,299,Chennai,2025-09-01
1439,2024-06-01,Monthly,299,Hyderabad,2024-09-01
1440,2024-06-01,Annual,2499,Patna,
1441,2024-06-01,Annual,2499,Patna,2024-09-01
1442,2024-06-01,Monthly,299,Jaipur,
1443,2024-06-01,Monthly,299,Pune,2024-08-01
1444,2024-06-01,Annual,2499,Kolkata,
1445,2024-06-01,Annual,2499,Chennai,
1446,2024-06-01,Annual,2499,Hyderabad,
1447,2024-06-01,Monthly,299,Jaipur,2025-09-01
1448,2024-06-01,Monthly,299,Bengaluru,
1449,2024-06-01,Monthly,299,Pune,2025-02-01
1450,2024-06-01,Annual,2499,Hyderabad,2025-07-01
1451,2024-06-01,Monthly,299,Ahmedabad,2024-09-01
1452,2024-06-01,Monthly,299,Ahmedabad,2025-12-01
1453,2024-06-01,Annual,2499,Hyderabad,
1454,2024-06-01,Monthly,299,Jaipur,2025-07-01
1455,2024-06-01,Annual,2499,Delhi,
1456,2024-06-01,Annual,2499,Patna,
1457,2024-06-01,Monthly,299,Mumbai,2024-08-01
1458,2024-06-01,Annual,2499,Bengaluru,
1459,2024-06-01,Monthly,299,Jaipur,2024-08-01
1460,2024-06-01,Monthly,299,Bengaluru,2024-07-01
1461,2024-06-01,Monthly,299,Jaipur,2026-07-01
1462,2024-06-01,Monthly,299,Patna,2026-02-01
1463,2024-06-01,Monthly,299,Hyderabad,2024-08-01
1464,2024-06-01,Monthly,299,Jaipur,2024-07-01
1465,2024-06-01,Monthly,299,Mumbai,
1466,2024-06-01,Monthly,299,Delhi,2026-03-01
1467,2024-06-01,Monthly,299,Chennai,2024-08-01
1468,2024-07-01,Monthly,299,Hyderabad,2024-08-01
1469,2024-07-01,Monthly,299,Pune,2026-03-01
1470,2024-07-01,Monthly,299,Mumbai,2026-06-01
1471,2024-07-01,Annual,2499,Ahmedabad,
1472,2024-07-01,Annual,2499,Ahmedabad,2024-09-01
1473,2024-07-01,Monthly,299,Hyderabad,2025-06-01
1474,2024-07-01,Monthly,299,Patna,2026-04-01
1475,2024-07-01,Monthly,299,Hyderabad,2024-08-01
1476,2024-07-01,Monthly,299,Chennai,2024-10-01
1477,2024-07-01,Monthly,299,Delhi,2024-09-01
1478,2024-07-01,Monthly,299,Kolkata,2025-05-01
1479,2024-07-01,Annual,2499,Chennai,2025-03-01
1480,2024-07-01,Monthly,299,Delhi,2025-06-01
1481,2024-07-01,Monthly,299,Pune,2026-07-01
1482,2024-07-01,Monthly,299,Patna,2025-09-01
1483,2024-07-01,Annual,2499,Mumbai,
1484,2024-07-01,Annual,2499,Kolkata,
1485,2024-07-01,Monthly,299,Patna,2025-08-01
1486,2024-07-01,Monthly,299,Bengaluru,2024-08-01
1487,2024-07-01,Annual,2499,Pune,
1488,2024-07-01,Monthly,299,Patna,
1489,2024-07-01,Monthly,299,Pune,2025-08-01
1490,2024-07-01,Annual,2499,Ahmedabad,
1491,2024-07-01,Annual,2499,Hyderabad,
1492,2024-07-01,Monthly,299,Ahmedabad,2024-10-01
1493,2024-07-01,Annual,2499,Hyderabad,
1494,2024-07-01,Monthly,299,Jaipur,2025-11-01
1495,2024-07-01,Monthly,299,Hyderabad,2026-04-01
1496,2024-07-01,Monthly,299,Kolkata,2024-08-01
1497,2024-07-01,Monthly,299,Mumbai,2024-08-01
1498,2024-07-01,Annual,2499,Pune,
1499,2024-07-01,Annual,2499,Pune,
1500,2024-07-01,Annual,2499,Pune,
1501,2024-07-01,Monthly,299,Patna,2026-03-01
1502,2024-07-01,Monthly,299,Delhi,2024-10-01
1503,2024-07-01,Annual,2499,Kolkata,
1504,2024-07-01,Monthly,299,Mumbai,2024-08-01
1505,2024-07-01,Monthly,299,Patna,2024-08-01
1506,2024-07-01,Annual,2499,Patna,
1507,2024-07-01,Annual,2499,Ahmedabad,2024-10-01
1508,2024-07-01,Monthly,299,Mumbai,2025-01-01
1509,2024-07-01,Monthly,299,Kolkata,2026-01-01
1510,2024-07-01,Monthly,299,Kolkata,
1511,2024-07-01,Monthly,299,Hyderabad,
1512,2024-07-01,Monthly,299,Bengaluru,2024-10-01
1513,2024-07-01,Monthly,299,Mumbai,2025-06-01
1514,2024-07-01,Annual,2499,Mumbai,2025-08-01
1515,2024-07-01,Monthly,299,Bengaluru,2024-10-01
1516,2024-07-01,Monthly,299,Ahmedabad,
1517,2024-07-01,Monthly,299,Chennai,2024-11-01
1518,2024-07-01,Monthly,299,Hyderabad,
1519,2024-07-01,Monthly,299,Bengaluru,2024-08-01
1520,2024-07-01,Monthly,299,Mumbai,
1521,2024-07-01,Monthly,299,Chennai,2024-09-01
1522,2024-07-01,Annual,2499,Chennai,
1523,2024-07-01,Annual,2499,Patna,
1524,2024-07-01,Annual,2499,Delhi,
1525,2024-07-01,Annual,2499,Pune,
1526,2024-07-01,Monthly,299,Ahmedabad,
1527,2024-07-01,Annual,2499,Delhi,
1528,2024-07-01,Monthly,299,Chennai,2024-09-01
1529,2024-07-01,Monthly,299,Patna,2024-11-01
1530,2024-07-01,Monthly,299,Hyderabad,2025-07-01
1531,2024-07-01,Monthly,299,Pune,2024-08-01
1532,2024-07-01,Monthly,299,Hyderabad,
1533,2024-07-01,Monthly,299,Chennai,2024-08-01
1534,2024-07-01,Annual,2499,Jaipur,
1535,2024-07-01,Monthly,299,Bengaluru,2026-05-01
1536,2024-07-01,Annual,2499,Kolkata,
1537,2024-07-01,Monthly,299,Hyderabad,2025-01-01
1538,2024-07-01,Monthly,299,Ahmedabad,2024-08-01
1539,2024-07-01,Annual,2499,Mumbai,
1540,2024-07-01,Annual,2499,Delhi,
1541,2024-07-01,Monthly,299,Hyderabad,2025-12-01
1542,2024-07-01,Annual,2499,Jaipur,
1543,2024-07-01,Monthly,299,Ahmedabad,2026-08-01
1544,2024-07-01,Monthly,299,Pune,2025-01-01
1545,2024-07-01,Monthly,299,Bengaluru,
1546,2024-07-01,Annual,2499,Mumbai,2025-04-01
1547,2024-07-01,Annual,2499,Chennai,
1548,2024-07-01,Monthly,299,Mumbai,2024-08-01
1549,2024-07-01,Monthly,299,Pune,2024-10-01
1550,2024-07-01,Monthly,299,Pune,
1551,2024-07-01,Annual,2499,Ahmedabad,
1552,2024-07-01,Monthly,299,Hyderabad,2024-09-01
1553,2024-07-01,Monthly,299,Mumbai,2024-08-01
1554,2024-07-01,Monthly,299,Pune,2025-12-01
1555,2024-07-01,Monthly,299,Chennai,2025-05-01
1556,2024-07-01,Monthly,299,Patna,
1557,2024-07-01,Monthly,299,Pune,2024-09-01
1558,2024-07-01,Monthly,299,Bengaluru,2025-08-01
1559,2024-07-01,Monthly,299,Hyderabad,2025-10-01
1560,2024-07-01,Annual,2499,Ahmedabad,2025-02-01
1561,2024-07-01,Monthly,299,Delhi,2025-05-01
1562,2024-07-01,Monthly,299,Jaipur,
1563,2024-07-01,Monthly,299,Bengaluru,2025-10-01
1564,2024-07-01,Monthly,299,Pune,2026-02-01
1565,2024-07-01,Annual,2499,Jaipur,
1566,2024-07-01,Monthly,299,Jaipur,
1567,2024-07-01,Monthly,299,Chennai,2024-10-01
1568,2024-07-01,Monthly,299,Hyderabad,2024-09-01
1569,2024-07-01,Monthly,299,Pune,2024-10-01
1570,2024-07-01,Monthly,299,Delhi,2024-09-01
1571,2024-07-01,Monthly,299,Jaipur,2024-12-01
1572,2024-07-01,Monthly,299,Pune,2025-11-01
1573,2024-07-01,Annual,2499,Delhi,
1574,2024-07-01,Annual,2499,Jaipur,
1575,2024-07-01,Annual,2499,Ahmedabad,
1576,2024-07-01,Monthly,299,Bengaluru,2026-01-01
1577,2024-07-01,Monthly,299,Hyderabad,2024-08-01
1578,2024-07-01,Monthly,299,Chennai,
1579,2024-07-01,Monthly,299,Ahmedabad,2024-08-01
1580,2024-07-01,Monthly,299,Hyderabad,2024-08-01
1581,2024-07-01,Monthly,299,Hyderabad,2025-03-01
1582,2024-07-01,Annual,2499,Pune,
1583,2024-07-01,Monthly,299,Kolkata,2025-06-01
1584,2024-07-01,Monthly,299,Patna,2025-08-01
1585,2024-07-01,Monthly,299,Patna,2024-09-01
1586,2024-07-01,Monthly,299,Kolkata,
1587,2024-07-01,Annual,2499,Delhi,2026-06-01
1588,2024-07-01,Monthly,299,Ahmedabad,2024-11-01
1589,2024-07-01,Annual,2499,Chennai,2026-05-01
1590,2024-07-01,Monthly,299,Pune,2024-10-01
1591,2024-07-01,Annual,2499,Patna,
1592,2024-07-01,Monthly,299,Kolkata,2024-08-01
1593,2024-07-01,Monthly,299,Mumbai,2024-08-01
1594,2024-07-01,Monthly,299,Delhi,2025-04-01
1595,2024-07-01,Monthly,299,Mumbai,2024-08-01
1596,2024-07-01,Monthly,299,Delhi,2024-08-01
1597,2024-07-01,Monthly,299,Patna,
1598,2024-07-01,Annual,2499,Bengaluru,
1599,2024-07-01,Annual,2499,Mumbai,2024-08-01
1600,2024-07-01,Annual,2499,Pune,
1601,2024-07-01,Annual,2499,Mumbai,
1602,2024-07-01,Monthly,299,Jaipur,2025-06-01
1603,2024-07-01,Annual,2499,Jaipur,
1604,2024-07-01,Annual,2499,Patna,
1605,2024-07-01,Monthly,299,Delhi,2024-11-01
1606,2024-07-01,Monthly,299,Pune,2025-06-01
1607,2024-07-01,Monthly,299,Mumbai,
1608,2024-07-01,Monthly,299,Ahmedabad,2025-06-01
1609,2024-07-01,Monthly,299,Pune,
1610,2024-07-01,Monthly,299,Kolkata,2024-11-01
1611,2024-07-01,Annual,2499,Bengaluru,
1612,2024-07-01,Annual,2499,Patna,2026-04-01
1613,2024-07-01,Monthly,299,Chennai,2025-03-01
1614,2024-07-01,Monthly,299,Ahmedabad,2025-06-01
1615,2024-07-01,Monthly,299,Ahmedabad,2024-11-01
1616,2024-07-01,Monthly,299,Bengaluru,2026-02-01
1617,2024-07-01,Monthly,299,Mumbai,2024-12-01
1618,2024-07-01,Monthly,299,Bengaluru,2025-03-01
1619,2024-07-01,Monthly,299,Mumbai,
1620,2024-07-01,Monthly,299,Bengaluru,2024-08-01
1621,2024-07-01,Monthly,299,Jaipur,2024-09-01
1622,2024-07-01,Annual,2499,Patna,2025-10-01
1623,2024-07-01,Annual,2499,Kolkata,
1624,2024-07-01,Monthly,299,Kolkata,2026-05-01
1625,2024-07-01,Monthly,299,Pune,2025-10-01
1626,2024-07-01,Annual,2499,Bengaluru,
1627,2024-07-01,Monthly,299,Kolkata,
1628,2024-07-01,Annual,2499,Bengaluru,
1629,2024-07-01,Monthly,299,Bengaluru,2025-07-01
1630,2024-07-01,Annual,2499,Bengaluru,
1631,2024-07-01,Monthly,299,Delhi,2024-08-01
1632,2024-07-01,Monthly,299,Mumbai,2024-08-01
1633,2024-07-01,Monthly,299,Patna,2025-09-01
1634,2024-07-01,Annual,2499,Bengaluru,
1635,2024-07-01,Monthly,299,Jaipur,2025-11-01
1636,2024-07-01,Monthly,299,Mumbai,2025-01-01
1637,2024-07-01,Annual,2499,Pune,
1638,2024-07-01,Monthly,299,Bengaluru,2024-11-01
1639,2024-07-01,Annual,2499,Pune,
1640,2024-07-01,Monthly,299,Hyderabad,2025-03-01
1641,2024-07-01,Monthly,299,Patna,2024-08-01
1642,2024-07-01,Monthly,299,Ahmedabad,2024-11-01
1643,2024-07-01,Annual,2499,Ahmedabad,
1644,2024-07-01,Monthly,299,Pune,2024-09-01
1645,2024-07-01,Monthly,299,Hyderabad,2024-12-01
1646,2024-07-01,Monthly,299,Mumbai,2024-09-01
1647,2024-07-01,Monthly,299,Pune,
1648,2024-07-01,Monthly,299,Patna,2024-11-01
1649,2024-07-01,Monthly,299,Delhi,2024-08-01
1650,2024-07-01,Monthly,299,Delhi,2024-08-01
1651,2024-07-01,Monthly,299,Hyderabad,
1652,2024-07-01,Monthly,299,Chennai,2025-04-01
1653,2024-07-01,Monthly,299,Delhi,
1654,2024-07-01,Annual,2499,Kolkata,
1655,2024-07-01,Monthly,299,Pune,2026-07-01
1656,2024-07-01,Monthly,299,Pune,2025-04-01
1657,2024-07-01,Monthly,299,Patna,2025-12-01
1658,2024-07-01,Monthly,299,Mumbai,2024-09-01
1659,2024-07-01,Monthly,299,Jaipur,2024-09-01
1660,2024-07-01,Monthly,299,Hyderabad,
1661,2024-07-01,Annual,2499,Chennai,
1662,2024-07-01,Monthly,299,Jaipur,2024-09-01
1663,2024-07-01,Monthly,299,Ahmedabad,2024-12-01
1664,2024-07-01,Monthly,299,Jaipur,2024-09-01
1665,2024-07-01,Annual,2499,Hyderabad,
1666,2024-07-01,Monthly,299,Pune,2024-10-01
1667,2024-07-01,Monthly,299,Delhi,2025-02-01
1668,2024-07-01,Annual,2499,Jaipur,2026-08-01
1669,2024-07-01,Annual,2499,Chennai,
1670,2024-07-01,Monthly,299,Chennai,
1671,2024-07-01,Monthly,299,Hyderabad,
1672,2024-07-01,Monthly,299,Chennai,2024-10-01
1673,2024-07-01,Monthly,299,Kolkata,2025-04-01
1674,2024-07-01,Monthly,299,Jaipur,2024-10-01
1675,2024-07-01,Monthly,299,Chennai,2025-05-01
1676,2024-07-01,Monthly,299,Delhi,2026-07-01
1677,2024-07-01,Annual,2499,Hyderabad,2025-01-01
1678,2024-07-01,Monthly,299,Patna,
1679,2024-07-01,Monthly,299,Hyderabad,
1680,2024-07-01,Monthly,299,Kolkata,2026-05-01
1681,2024-07-01,Monthly,299,Kolkata,2026-06-01
1682,2024-07-01,Monthly,299,Delhi,2024-12-01
1683,2024-07-01,Monthly,299,Patna,2024-08-01
1684,2024-07-01,Monthly,299,Ahmedabad,2024-08-01
1685,2024-07-01,Monthly,299,Patna,
1686,2024-07-01,Monthly,299,Chennai,2025-04-01
1687,2024-07-01,Annual,2499,Chennai,
1688,2024-07-01,Annual,2499,Hyderabad,2025-02-01
1689,2024-07-01,Monthly,299,Ahmedabad,
1690,2024-07-01,Monthly,299,Pune,2025-05-01
1691,2024-07-01,Monthly,299,Ahmedabad,
1692,2024-07-01,Monthly,299,Jaipur,
1693,2024-07-01,Monthly,299,Pune,2026-08-01
1694,2024-07-01,Monthly,299,Kolkata,2024-08-01
1695,2024-07-01,Monthly,299,Patna,2026-05-01
1696,2024-07-01,Monthly,299,Kolkata,2024-08-01
1697,2024-07-01,Annual,2499,Jaipur,2024-08-01
1698,2024-07-01,Monthly,299,Kolkata,2026-07-01
1699,2024-07-01,Annual,2499,Mumbai,
1700,2024-07-01,Annual,2499,Ahmedabad,2025-05-01
1701,2024-07-01,Monthly,299,Kolkata,2024-10-01
1702,2024-07-01,Monthly,299,Delhi,2024-08-01
1703,2024-07-01,Monthly,299,Chennai,2024-09-01
1704,2024-07-01,Monthly,299,Mumbai,2024-08-01
1705,2024-07-01,Monthly,299,Jaipur,2024-09-01
1706,2024-07-01,Annual,2499,Bengaluru,
1707,2024-07-01,Monthly,299,Ahmedabad,2024-08-01
1708,2024-07-01,Annual,2499,Pune,
1709,2024-07-01,Annual,2499,Hyderabad,2025-06-01
1710,2024-07-01,Monthly,299,Chennai,2024-09-01
1711,2024-07-01,Monthly,299,Patna,2025-06-01
1712,2024-07-01,Annual,2499,Ahmedabad,
1713,2024-07-01,Monthly,299,Ahmedabad,2025-03-01
1714,2024-07-01,Monthly,299,Hyderabad,2024-08-01
1715,2024-07-01,Monthly,299,Hyderabad,2024-08-01
1716,2024-07-01,Monthly,299,Bengaluru,
1717,2024-07-01,Monthly,299,Delhi,2024-08-01
1718,2024-07-01,Monthly,299,Jaipur,2024-08-01
1719,2024-07-01,Monthly,299,Ahmedabad,2024-10-01
1720,2024-07-01,Monthly,299,Bengaluru,2025-02-01
1721,2024-07-01,Monthly,299,Jaipur,2026-01-01
1722,2024-07-01,Monthly,299,Hyderabad,2024-12-01
1723,2024-07-01,Monthly,299,Mumbai,2025-03-01
1724,2024-07-01,Monthly,299,Chennai,
1725,2024-07-01,Monthly,299,Delhi,2025-09-01
1726,2024-07-01,Monthly,299,Mumbai,2024-09-01
1727,2024-07-01,Annual,2499,Ahmedabad,
1728,2024-07-01,Monthly,299,Ahmedabad,
1729,2024-07-01,Monthly,299,Mumbai,2025-09-01
1730,2024-07-01,Monthly,299,Bengaluru,
1731,2024-07-01,Monthly,299,Patna,2025-02-01
1732,2024-07-01,Monthly,299,Mumbai,
1733,2024-07-01,Monthly,299,Chennai,2025-02-01
1734,2024-07-01,Annual,2499,Delhi,
1735,2024-07-01,Monthly,299,Bengaluru,2024-08-01
1736,2024-07-01,Annual,2499,Pune,2026-04-01
1737,2024-07-01,Annual,2499,Hyderabad,2026-02-01
1738,2024-07-01,Annual,2499,Jaipur,
1739,2024-07-01,Monthly,299,Patna,2024-10-01
1740,2024-07-01,Monthly,299,Kolkata,2025-03-01
1741,2024-07-01,Monthly,299,Jaipur,
1742,2024-07-01,Annual,2499,Hyderabad,
1743,2024-07-01,Annual,2499,Jaipur,2026-06-01
1744,2024-07-01,Monthly,299,Kolkata,2024-08-01
1745,2024-07-01,Annual,2499,Hyderabad,
1746,2024-07-01,Annual,2499,Delhi,
1747,2024-07-01,Annual,2499,Delhi,2025-09-01
1748,2024-07-01,Annual,2499,Ahmedabad,
1749,2024-07-01,Monthly,299,Chennai,2025-05-01
1750,2024-07-01,Monthly,299,Bengaluru,2025-02-01
1751,2024-07-01,Annual,2499,Mumbai,2024-08-01
1752,2024-07-01,Monthly,299,Delhi,2026-08-01
1753,2024-07-01,Monthly,299,Hyderabad,2026-01-01
1754,2024-07-01,Annual,2499,Patna,
1755,2024-08-01,Annual,2499,,
1756,2024-08-01,Annual,2499,Hyderabad,
1757,2024-08-01,Monthly,299,Ahmedabad,2024-10-01
1758,2024-08-01,Monthly,299,Pune,2025-08-01
1759,2024-08-01,Monthly,299,Chennai,2024-09-01
1760,2024-08-01,Monthly,299,Pune,2025-03-01
1761,2024-08-01,Annual,2499,Jaipur,
1762,2024-08-01,Monthly,299,Hyderabad,
1763,2024-08-01,Monthly,299,Jaipur,2026-08-01
1764,2024-08-01,Monthly,299,Jaipur,2025-06-01
1765,2024-08-01,Monthly,299,Mumbai,
1766,2024-08-01,Monthly,299,Jaipur,2024-10-01
1767,2024-08-01,Monthly,299,Hyderabad,2024-09-01
1768,2024-08-01,Monthly,299,Patna,2026-07-01
1769,2024-08-01,Monthly,299,Pune,2024-11-01
1770,2024-08-01,Annual,2499,Mumbai,2025-08-01
1771,2024-08-01,Monthly,299,Jaipur,2025-05-01
1772,2024-08-01,Monthly,299,Patna,2025-11-01
1773,2024-08-01,Monthly,299,Pune,2024-10-01
1774,2024-08-01,Monthly,299,Bengaluru,2025-01-01
1775,2024-08-01,Monthly,299,Delhi,2024-10-01
1776,2024-08-01,Monthly,299,Pune,2026-07-01
1777,2024-08-01,Monthly,299,Hyderabad,2024-12-01
1778,2024-08-01,Annual,2499,Hyderabad,2025-01-01
1779,2024-08-01,Monthly,299,Pune,2024-09-01
1780,2024-08-01,Monthly,299,Chennai,2024-11-01
1781,2024-08-01,Monthly,299,Hyderabad,2025-12-01
1782,2024-08-01,Monthly,299,Patna,2024-10-01
1783,2024-08-01,Monthly,299,Ahmedabad,
1784,2024-08-01,Annual,2499,Mumbai,
1785,2024-08-01,Monthly,299,Ahmedabad,2026-02-01
1786,2024-08-01,Monthly,299,Ahmedabad,2024-09-01
1787,2024-08-01,Monthly,299,Jaipur,
1788,2024-08-01,Annual,2499,Ahmedabad,
1789,2024-08-01,Monthly,299,Jaipur,2025-09-01
1790,2024-08-01,Monthly,299,Delhi,
1791,2024-08-01,Monthly,299,Pune,2025-06-01
1792,2024-08-01,Monthly,299,Kolkata,2025-01-01
1793,2024-08-01,Monthly,299,Chennai,
1794,2024-08-01,Annual,2499,Mumbai,2024-09-01
1795,2024-08-01,Monthly,299,Hyderabad,2025-05-01
1796,2024-08-01,Annual,2499,Mumbai,2026-05-01
1797,2024-08-01,Monthly,299,Ahmedabad,2025-04-01
1798,2024-08-01,Monthly,299,Jaipur,
1799,2024-08-01,Annual,2499,Pune,2026-05-01
1800,2024-08-01,Monthly,299,Hyderabad,2025-06-01
1801,2024-08-01,Monthly,299,Ahmedabad,
1802,2024-08-01,Monthly,299,Jaipur,2025-02-01
1803,2024-08-01,Annual,2499,Bengaluru,
1804,2024-08-01,Monthly,299,Chennai,2024-10-01
1805,2024-08-01,Monthly,299,Mumbai,
1806,2024-08-01,Annual,2499,Bengaluru,2025-12-01
1807,2024-08-01,Annual,2499,Mumbai,
1808,2024-08-01,Monthly,299,Pune,2025-12-01
1809,2024-08-01,Monthly,299,Delhi,2026-03-01
1810,2024-08-01,Monthly,299,Patna,2024-12-01
1811,2024-08-01,Monthly,299,Kolkata,2025-05-01
1812,2024-08-01,Monthly,299,Mumbai,
1813,2024-08-01,Annual,2499,Chennai,
1814,2024-08-01,Monthly,299,Jaipur,
1815,2024-08-01,Monthly,299,Jaipur,
1816,2024-08-01,Monthly,299,Mumbai,2025-08-01
1817,2024-08-01,Monthly,299,Patna,2025-07-01
1818,2024-08-01,Annual,2499,Pune,
1819,2024-08-01,Annual,2499,Chennai,
1820,2024-08-01,Monthly,299,Mumbai,2026-02-01
1821,2024-08-01,Monthly,299,Chennai,2024-10-01
1822,2024-08-01,Monthly,299,Pune,2024-09-01
1823,2024-08-01,Annual,2499,Mumbai,
1824,2024-08-01,Annual,2499,Ahmedabad,
1825,2024-08-01,Monthly,299,Jaipur,2024-11-01
1826,2024-08-01,Monthly,299,Jaipur,2024-11-01
1827,2024-08-01,Monthly,299,Pune,2025-09-01
1828,2024-08-01,Monthly,299,Hyderabad,2025-05-01
1829,2024-08-01,Monthly,299,Chennai,2025-07-01
1830,2024-08-01,Monthly,299,Bengaluru,2025-01-01
1831,2024-08-01,Monthly,299,Pune,2025-07-01
1832,2024-08-01,Monthly,299,Mumbai,2026-07-01
1833,2024-08-01,Monthly,299,Patna,2025-02-01
1834,2024-08-01,Monthly,299,Ahmedabad,2024-09-01
1835,2024-08-01,Monthly,299,Patna,2024-09-01
1836,2024-08-01,Monthly,299,Patna,2024-09-01
1837,2024-08-01,Monthly,299,Kolkata,
1838,2024-08-01,Annual,2499,Jaipur,
1839,2024-08-01,Monthly,299,Bengaluru,2024-11-01
1840,2024-08-01,Monthly,299,Delhi,2026-04-01
1841,2024-08-01,Monthly,299,Chennai,
1842,2024-08-01,Annual,2499,Hyderabad,
1843,2024-08-01,Annual,2499,Delhi,
1844,2024-08-01,Monthly,299,Hyderabad,2024-10-01
1845,2024-08-01,Monthly,299,Pune,2026-01-01
1846,2024-08-01,Annual,2499,Kolkata,
1847,2024-08-01,Monthly,299,Delhi,2025-02-01
1848,2024-08-01,Monthly,299,Hyderabad,2025-09-01
1849,2024-08-01,Monthly,299,Bengaluru,2024-11-01
1850,2024-08-01,Monthly,299,Jaipur,2024-09-01
1851,2024-08-01,Monthly,299,Bengaluru,2024-09-01
1852,2024-08-01,Annual,2499,Ahmedabad,
1853,2024-08-01,Monthly,299,Ahmedabad,2024-09-01
1854,2024-08-01,Monthly,299,Delhi,
1855,2024-08-01,Annual,2499,Ahmedabad,
1856,2024-08-01,Monthly,299,Jaipur,2024-12-01
1857,2024-08-01,Monthly,299,Kolkata,2025-08-01
1858,2024-08-01,Annual,2499,Bengaluru,2024-09-01
1859,2024-08-01,Monthly,299,Ahmedabad,2026-04-01
1860,2024-08-01,Annual,2499,Chennai,2026-04-01
1861,2024-08-01,Monthly,299,Delhi,2024-09-01
1862,2024-08-01,Annual,2499,Jaipur,
1863,2024-08-01,Monthly,299,Ahmedabad,2024-09-01
1864,2024-08-01,Annual,2499,Hyderabad,
1865,2024-08-01,Monthly,299,Chennai,2025-05-01
1866,2024-08-01,Annual,2499,Mumbai,2024-09-01
1867,2024-08-01,Monthly,299,Hyderabad,2024-09-01
1868,2024-08-01,Monthly,299,Patna,
1869,2024-08-01,Monthly,299,Patna,
1870,2024-08-01,Monthly,299,Bengaluru,2024-11-01
1871,2024-08-01,Monthly,299,Bengaluru,2024-09-01
1872,2024-08-01,Monthly,299,Kolkata,2025-01-01
1873,2024-08-01,Monthly,299,Bengaluru,2025-10-01
1874,2024-08-01,Annual,2499,Pune,
1875,2024-08-01,Annual,2499,Delhi,
1876,2024-08-01,Monthly,299,Hyderabad,
1877,2024-08-01,Monthly,299,Pune,2025-02-01
1878,2024-08-01,Annual,2499,Mumbai,
1879,2024-08-01,Monthly,299,Bengaluru,2024-10-01
1880,2024-08-01,Monthly,299,Hyderabad,2024-09-01
1881,2024-08-01,Monthly,299,Kolkata,2024-12-01
1882,2024-08-01,Monthly,299,Bengaluru,2025-10-01
1883,2024-08-01,Monthly,299,Hyderabad,
1884,2024-08-01,Monthly,299,Pune,2024-12-01
1885,2024-08-01,Monthly,299,Patna,2024-10-01
1886,2024-08-01,Monthly,299,Bengaluru,2024-09-01
1887,2024-08-01,Annual,2499,Pune,
1888,2024-08-01,Monthly,299,Delhi,2025-01-01
1889,2024-08-01,Annual,2499,Chennai,
1890,2024-08-01,Annual,2499,Delhi,
1891,2024-08-01,Monthly,299,Delhi,
1892,2024-08-01,Annual,2499,Chennai,
1893,2024-08-01,Monthly,299,Kolkata,2026-02-01
1894,2024-08-01,Annual,2499,Ahmedabad,
1895,2024-08-01,Monthly,299,Ahmedabad,2025-05-01
1896,2024-08-01,Monthly,299,Hyderabad,2025-04-01
1897,2024-08-01,Annual,2499,Delhi,
1898,2024-08-01,Monthly,299,Chennai,
1899,2024-08-01,Monthly,299,Delhi,2025-08-01
1900,2024-08-01,Annual,2499,Ahmedabad,
1901,2024-08-01,Annual,2499,Delhi,
1902,2024-08-01,Monthly,299,,2024-09-01
1903,2024-08-01,Monthly,299,Jaipur,2024-11-01
1904,2024-08-01,Monthly,299,Pune,2024-11-01
1905,2024-08-01,Monthly,299,Chennai,
1906,2024-08-01,Monthly,299,Chennai,2026-01-01
1907,2024-08-01,Monthly,299,Hyderabad,2025-09-01
1908,2024-08-01,Monthly,299,Ahmedabad,2025-07-01
1909,2024-08-01,Monthly,299,Pune,2024-09-01
1910,2024-08-01,Monthly,299,Pune,2024-11-01
1911,2024-08-01,Monthly,299,Hyderabad,2025-02-01
1912,2024-08-01,Annual,2499,Pune,
1913,2024-08-01,Monthly,299,Mumbai,2025-06-01
1914,2024-08-01,Annual,2499,Pune,
1915,2024-08-01,Monthly,299,Kolkata,
1916,2024-08-01,Monthly,299,Pune,2025-07-01
1917,2024-08-01,Monthly,299,Delhi,
1918,2024-08-01,Monthly,299,Hyderabad,2024-09-01
1919,2024-08-01,Monthly,299,Chennai,2024-10-01
1920,2024-08-01,Monthly,299,Delhi,2024-09-01
1921,2024-08-01,Monthly,299,Pune,2025-04-01
1922,2024-08-01,Monthly,299,Pune,2025-09-01
1923,2024-08-01,Monthly,299,Jaipur,
1924,2024-08-01,Monthly,299,Patna,2025-02-01
1925,2024-08-01,Annual,2499,Mumbai,
1926,2024-08-01,Monthly,299,Pune,2024-11-01
1927,2024-08-01,Monthly,299,Hyderabad,2024-12-01
1928,2024-08-01,Monthly,299,Mumbai,2024-10-01
1929,2024-08-01,Annual,2499,Chennai,
1930,2024-08-01,Monthly,299,Ahmedabad,2024-12-01
1931,2024-08-01,Monthly,299,Pune,
1932,2024-08-01,Annual,2499,Delhi,
1933,2024-08-01,Monthly,299,Chennai,
1934,2024-08-01,Monthly,299,Chennai,
1935,2024-08-01,Monthly,299,Mumbai,
1936,2024-08-01,Monthly,299,Delhi,2024-09-01
1937,2024-08-01,Monthly,299,Ahmedabad,
1938,2024-08-01,Monthly,299,Hyderabad,2024-11-01
1939,2024-08-01,Monthly,299,Delhi,2024-10-01
1940,2024-08-01,Monthly,299,Bengaluru,2026-02-01
1941,2024-08-01,Annual,2499,Chennai,
1942,2024-08-01,Annual,2499,Pune,2025-03-01
1943,2024-08-01,Monthly,299,Hyderabad,
1944,2024-08-01,Monthly,299,Mumbai,
1945,2024-08-01,Monthly,299,Ahmedabad,2026-06-01
1946,2024-08-01,Monthly,299,Hyderabad,
1947,2024-08-01,Monthly,299,Ahmedabad,2024-10-01
1948,2024-08-01,Monthly,299,Kolkata,2024-09-01
1949,2024-08-01,Annual,2499,Ahmedabad,
1950,2024-08-01,Monthly,299,Pune,2024-09-01
1951,2024-08-01,Monthly,299,Jaipur,2026-05-01
1952,2024-08-01,Monthly,299,Ahmedabad,2025-09-01
1953,2024-08-01,Monthly,299,Mumbai,2025-07-01
1954,2024-08-01,Monthly,299,Ahmedabad,2025-03-01
1955,2024-08-01,Annual,2499,Patna,
1956,2024-08-01,Monthly,299,Delhi,2025-08-01
1957,2024-08-01,Monthly,299,Mumbai,2025-07-01
1958,2024-08-01,Monthly,299,Ahmedabad,2026-07-01
1959,2024-08-01,Monthly,299,Mumbai,2024-09-01
1960,2024-08-01,Monthly,299,Kolkata,2025-05-01
1961,2024-08-01,Monthly,299,Kolkata,2025-07-01
1962,2024-08-01,Monthly,299,Patna,2025-04-01
1963,2024-08-01,Annual,2499,Delhi,
1964,2024-08-01,Annual,2499,Pune,
1965,2024-08-01,Monthly,299,Jaipur,
1966,2024-08-01,Monthly,299,Hyderabad,2024-11-01
1967,2024-08-01,Annual,2499,Kolkata,
1968,2024-08-01,Monthly,299,Ahmedabad,2026-04-01
1969,2024-08-01,Monthly,299,Bengaluru,2026-01-01
1970,2024-08-01,Monthly,299,Hyderabad,2024-09-01
1971,2024-08-01,Monthly,299,Pune,2025-01-01
1972,2024-08-01,Annual,2499,Ahmedabad,2026-04-01
1973,2024-08-01,Monthly,299,Bengaluru,2025-04-01
1974,2024-08-01,Monthly,299,Pune,2024-11-01
1975,2024-08-01,Annual,2499,Ahmedabad,
1976,2024-08-01,Annual,2499,Bengaluru,
1977,2024-08-01,Annual,2499,Delhi,
1978,2024-08-01,Monthly,299,Delhi,2025-03-01
1979,2024-08-01,Monthly,299,Hyderabad,2024-09-01
1980,2024-08-01,Annual,2499,Hyderabad,2025-10-01
1981,2024-08-01,Annual,2499,Ahmedabad,
1982,2024-08-01,Monthly,299,Hyderabad,2025-10-01
1983,2024-08-01,Annual,2499,Bengaluru,
1984,2024-08-01,Annual,2499,Kolkata,
1985,2024-08-01,Annual,2499,Pune,2024-11-01
1986,2024-08-01,Monthly,299,Delhi,2024-11-01
1987,2024-08-01,Monthly,299,Mumbai,
1988,2024-08-01,Annual,2499,Ahmedabad,2025-11-01
1989,2024-08-01,Monthly,299,Pune,2024-11-01
1990,2024-08-01,Monthly,299,Delhi,2026-06-01
1991,2024-08-01,Annual,2499,Bengaluru,
1992,2024-08-01,Monthly,299,Patna,2025-02-01
1993,2024-08-01,Annual,2499,Mumbai,
1994,2024-08-01,Monthly,299,Kolkata,
1995,2024-08-01,Monthly,299,Delhi,2026-06-01
1996,2024-08-01,Monthly,299,Pune,
1997,2024-08-01,Monthly,299,Delhi,
1998,2024-08-01,Monthly,299,Hyderabad,2025-02-01
1999,2024-08-01,Monthly,299,Chennai,
2000,2024-08-01,Monthly,299,Bengaluru,2024-10-01
2001,2024-08-01,Monthly,299,Pune,2024-12-01
2002,2024-08-01,Monthly,299,Delhi,2024-09-01
2003,2024-08-01,Monthly,299,Mumbai,2025-02-01
2004,2024-08-01,Annual,2499,Pune,
2005,2024-08-01,Monthly,299,Jaipur,2025-10-01
2006,2024-08-01,Monthly,299,Pune,2024-09-01
2007,2024-08-01,Monthly,299,Patna,
2008,2024-08-01,Monthly,299,Ahmedabad,
2009,2024-08-01,Annual,2499,Kolkata,
2010,2024-08-01,Monthly,299,Hyderabad,2024-09-01
2011,2024-08-01,Annual,2499,Mumbai,
2012,2024-08-01,Monthly,299,Mumbai,2025-06-01
2013,2024-08-01,Monthly,299,Patna,2025-12-01
2014,2024-08-01,Monthly,299,Chennai,
2015,2024-08-01,Monthly,299,Bengaluru,
2016,2024-08-01,Monthly,299,Bengaluru,2024-09-01
2017,2024-08-01,Monthly,299,Mumbai,
2018,2024-08-01,Monthly,299,Jaipur,
2019,2024-08-01,Monthly,299,Ahmedabad,
2020,2024-08-01,Monthly,299,Chennai,
2021,2024-08-01,Monthly,299,Jaipur,2024-11-01
2022,2024-08-01,Monthly,299,Mumbai,2024-11-01
2023,2024-08-01,Monthly,299,Patna,2025-05-01
2024,2024-08-01,Monthly,299,Mumbai,2025-02-01
2025,2024-08-01,Annual,2499,Hyderabad,2025-11-01
2026,2024-08-01,Monthly,299,Mumbai,2025-07-01
2027,2024-08-01,Monthly,299,Bengaluru,
2028,2024-08-01,Monthly,299,Pune,2024-10-01
2029,2024-08-01,Monthly,299,Pune,2025-02-01
2030,2024-08-01,Monthly,299,Bengaluru,2026-03-01
2031,2024-08-01,Monthly,299,Ahmedabad,
2032,2024-08-01,Annual,2499,Bengaluru,
2033,2024-08-01,Monthly,299,Patna,
2034,2024-08-01,Monthly,299,Pune,2025-12-01
2035,2024-08-01,Monthly,299,Delhi,2025-02-01
2036,2024-08-01,Monthly,299,Hyderabad,2024-10-01
2037,2024-08-01,Monthly,299,Delhi,2026-08-01
2038,2024-08-01,Monthly,299,Bengaluru,2025-01-01
2039,2024-08-01,Monthly,299,Ahmedabad,2025-01-01
2040,2024-08-01,Monthly,299,Hyderabad,2024-09-01
2041,2024-08-01,Annual,2499,Hyderabad,
2042,2024-08-01,Monthly,299,Delhi,2025-06-01
2043,2024-08-01,Annual,2499,Bengaluru,2024-09-01
2044,2024-08-01,Monthly,299,Chennai,2024-09-01
2045,2024-08-01,Monthly,299,Hyderabad,
2046,2024-08-01,Annual,2499,Mumbai,2025-12-01
2047,2024-08-01,Monthly,299,Kolkata,
2048,2024-08-01,Monthly,299,Ahmedabad,2025-01-01
2049,2024-08-01,Monthly,299,Hyderabad,
2050,2024-08-01,Monthly,299,Jaipur,2024-11-01
2051,2024-08-01,Annual,2499,Mumbai,2026-02-01
2052,2024-08-01,Monthly,299,Hyderabad,2024-09-01
2053,2024-08-01,Monthly,299,Jaipur,2025-02-01
2054,2024-08-01,Monthly,299,Mumbai,2026-04-01
2055,2024-08-01,Annual,2499,Chennai,
2056,2024-08-01,Monthly,299,Ahmedabad,2024-11-01
2057,2024-08-01,Monthly,299,Delhi,
2058,2024-08-01,Annual,2499,Delhi,
2059,2024-08-01,Monthly,299,Ahmedabad,2025-02-01
2060,2024-08-01,Monthly,299,Chennai,
2061,2024-08-01,Annual,2499,Jaipur,
2062,2024-08-01,Monthly,299,Jaipur,
2063,2024-08-01,Annual,2499,Pune,2026-07-01
2064,2024-08-01,Monthly,299,Pune,2025-02-01
2065,2024-08-01,Monthly,299,Jaipur,
2066,2024-08-01,Monthly,299,Chennai,2025-12-01
2067,2024-08-01,Monthly,299,Jaipur,2025-02-01
2068,2024-08-01,Annual,2499,Pune,
2069,2024-08-01,Monthly,299,Ahmedabad,2024-09-01
2070,2024-08-01,Monthly,299,Kolkata,
2071,2024-08-01,Monthly,299,Jaipur,2024-11-01
2072,2024-08-01,Monthly,299,Patna,2024-10-01
2073,2024-08-01,Annual,2499,Mumbai,2025-08-01
2074,2024-08-01,Monthly,299,Patna,2024-10-01
2075,2024-08-01,Annual,2499,Patna,2025-08-01
2076,2024-08-01,Monthly,299,Hyderabad,2025-06-01
2077,2024-08-01,Monthly,299,Mumbai,
2078,2024-08-01,Monthly,299,Patna,
2079,2024-08-01,Monthly,299,Kolkata,2025-02-01
2080,2024-08-01,Monthly,299,Patna,2024-09-01
2081,2024-08-01,Annual,2499,Pune,2024-11-01
2082,2024-08-01,Monthly,299,Ahmedabad,
2083,2024-09-01,Monthly,299,Chennai,2025-06-01
2084,2024-09-01,Monthly,299,Patna,2026-08-01
2085,2024-09-01,Monthly,299,Mumbai,2024-11-01
2086,2024-09-01,Monthly,299,Ahmedabad,2025-08-01
2087,2024-09-01,Annual,2499,Patna,2026-03-01
2088,2024-09-01,Monthly,299,Pune,2025-07-01
2089,2024-09-01,Monthly,299,Hyderabad,2025-03-01
2090,2024-09-01,Monthly,299,Delhi,
2091,2024-09-01,Annual,2499,Kolkata,
2092,2024-09-01,Annual,2499,Kolkata,
2093,2024-09-01,Monthly,299,Mumbai,
2094,2024-09-01,Annual,2499,Jaipur,
2095,2024-09-01,Monthly,299,Jaipur,2024-12-01
2096,2024-09-01,Annual,2499,Chennai,
2097,2024-09-01,Monthly,299,Chennai,2024-12-01
2098,2024-09-01,Monthly,299,Jaipur,2025-01-01
2099,2024-09-01,Annual,2499,Chennai,
2100,2024-09-01,Annual,2499,Kolkata,
2101,2024-09-01,Monthly,299,Ahmedabad,2024-10-01
2102,2024-09-01,Monthly,299,Chennai,2025-08-01
2103,2024-09-01,Monthly,299,Chennai,2025-09-01
2104,2024-09-01,Monthly,299,Pune,2025-02-01
2105,2024-09-01,Monthly,299,Jaipur,2025-07-01
2106,2024-09-01,Annual,2499,Bengaluru,
2107,2024-09-01,Monthly,299,Delhi,2026-02-01
2108,2024-09-01,Monthly,299,Delhi,2024-12-01
2109,2024-09-01,Monthly,299,Hyderabad,2025-05-01
2110,2024-09-01,Monthly,299,Kolkata,2025-07-01
2111,2024-09-01,Monthly,299,Kolkata,2026-04-01
2112,2024-09-01,Annual,2499,Pune,
2113,2024-09-01,Monthly,299,Kolkata,
2114,2024-09-01,Monthly,299,Mumbai,
2115,2024-09-01,Monthly,299,Chennai,2024-12-01
2116,2024-09-01,Annual,2499,Kolkata,
2117,2024-09-01,Monthly,299,Mumbai,
2118,2024-09-01,Monthly,299,Ahmedabad,2025-11-01
2119,2024-09-01,Monthly,299,Ahmedabad,2025-01-01
2120,2024-09-01,Annual,2499,Mumbai,
2121,2024-09-01,Annual,2499,Kolkata,
2122,2024-09-01,Monthly,299,Kolkata,2025-01-01
2123,2024-09-01,Monthly,299,Kolkata,2025-04-01
2124,2024-09-01,Monthly,299,Delhi,2025-06-01
2125,2024-09-01,Monthly,299,Patna,2026-05-01
2126,2024-09-01,Monthly,299,,2026-08-01
2127,2024-09-01,Annual,2499,Hyderabad,
2128,2024-09-01,Annual,2499,Kolkata,
2129,2024-09-01,Monthly,299,Jaipur,2025-07-01
2130,2024-09-01,Monthly,299,Patna,2024-11-01
2131,2024-09-01,Annual,2499,Kolkata,2025-11-01
2132,2024-09-01,Annual,2499,Kolkata,
2133,2024-09-01,Annual,2499,Pune,2025-11-01
2134,2024-09-01,Monthly,299,Chennai,2024-12-01
2135,2024-09-01,Annual,2499,Delhi,2024-11-01
2136,2024-09-01,Annual,2499,Mumbai,
2137,2024-09-01,Monthly,299,Bengaluru,
2138,2024-09-01,Annual,2499,Hyderabad,
2139,2024-09-01,Monthly,299,Pune,2025-01-01
2140,2024-09-01,Monthly,299,Jaipur,2025-08-01
2141,2024-09-01,Monthly,299,Jaipur,2024-10-01
2142,2024-09-01,Monthly,299,Kolkata,2026-03-01
2143,2024-09-01,Annual,2499,Delhi,
2144,2024-09-01,Monthly,299,Delhi,2026-01-01
2145,2024-09-01,Annual,2499,Bengaluru,
2146,2024-09-01,Monthly,299,Jaipur,2025-06-01
2147,2024-09-01,Monthly,299,Mumbai,2024-12-01
2148,2024-09-01,Annual,2499,Bengaluru,
2149,2024-09-01,Annual,2499,Hyderabad,
2150,2024-09-01,Annual,2499,Chennai,
2151,2024-09-01,Monthly,299,Chennai,2025-05-01
2152,2024-09-01,Monthly,299,Bengaluru,2024-10-01
2153,2024-09-01,Annual,2499,Mumbai,
2154,2024-09-01,Monthly,299,Delhi,
2155,2024-09-01,Annual,2499,Bengaluru,2024-10-01
2156,2024-09-01,Annual,2499,Mumbai,2025-07-01
2157,2024-09-01,Monthly,299,Patna,
2158,2024-09-01,Monthly,299,Chennai,
2159,2024-09-01,Monthly,299,Ahmedabad,2025-04-01
2160,2024-09-01,Monthly,299,Delhi,2024-12-01
2161,2024-09-01,Monthly,299,Jaipur,2024-11-01
2162,2024-09-01,Annual,2499,Mumbai,
2163,2024-09-01,Annual,2499,Delhi,2026-08-01
2164,2024-09-01,Annual,2499,Chennai,2026-02-01
2165,2024-09-01,Annual,2499,Patna,
2166,2024-09-01,Monthly,299,Pune,
2167,2024-09-01,Monthly,299,Bengaluru,2026-06-01
2168,2024-09-01,Monthly,299,Hyderabad,2025-01-01
2169,2024-09-01,Monthly,299,Ahmedabad,2024-11-01
2170,2024-09-01,Annual,2499,Pune,
2171,2024-09-01,Monthly,299,Bengaluru,2024-10-01
2172,2024-09-01,Annual,2499,Mumbai,
2173,2024-09-01,Annual,2499,Hyderabad,2024-11-01
2174,2024-09-01,Annual,2499,Hyderabad,2024-10-01
2175,2024-09-01,Monthly,299,Ahmedabad,2024-11-01
2176,2024-09-01,Monthly,299,Ahmedabad,2024-10-01
2177,2024-09-01,Monthly,299,Ahmedabad,2025-09-01
2178,2024-09-01,Annual,2499,Bengaluru,
2179,2024-09-01,Monthly,299,Delhi,2025-07-01
2180,2024-09-01,Monthly,299,Delhi,
2181,2024-09-01,Annual,2499,Ahmedabad,
2182,2024-09-01,Monthly,299,Pune,
2183,2024-09-01,Monthly,299,Delhi,2025-05-01
2184,2024-09-01,Monthly,299,Patna,2026-07-01
2185,2024-09-01,Annual,2499,Mumbai,
2186,2024-09-01,Monthly,299,Patna,2026-06-01
2187,2024-09-01,Monthly,299,Kolkata,
2188,2024-09-01,Monthly,299,Bengaluru,2025-04-01
2189,2024-09-01,Monthly,299,Ahmedabad,2026-06-01
2190,2024-09-01,Monthly,299,Pune,2025-05-01
2191,2024-09-01,Annual,2499,Pune,
2192,2024-09-01,Annual,2499,Hyderabad,2026-01-01
2193,2024-09-01,Annual,2499,Patna,
2194,2024-09-01,Monthly,299,Ahmedabad,2024-10-01
2195,2024-09-01,Annual,2499,Pune,
2196,2024-09-01,Monthly,299,Delhi,2025-04-01
2197,2024-09-01,Monthly,299,Bengaluru,2026-04-01
2198,2024-09-01,Monthly,299,Mumbai,2025-04-01
2199,2024-09-01,Annual,2499,Pune,
2200,2024-09-01,Monthly,299,Delhi,2025-01-01
2201,2024-09-01,Monthly,299,Patna,
2202,2024-09-01,Monthly,299,Hyderabad,
2203,2024-09-01,Annual,2499,Patna,
2204,2024-09-01,Annual,2499,Jaipur,
2205,2024-09-01,Monthly,299,Chennai,2025-05-01
2206,2024-09-01,Annual,2499,Ahmedabad,
2207,2024-09-01,Monthly,299,Kolkata,2025-09-01
2208,2024-09-01,Annual,2499,Mumbai,2026-05-01
2209,2024-09-01,Annual,2499,Bengaluru,
2210,2024-09-01,Monthly,299,Pune,2024-10-01
2211,2024-09-01,Annual,2499,Hyderabad,
2212,2024-09-01,Monthly,299,Jaipur,2026-06-01
2213,2024-09-01,Annual,2499,Bengaluru,2025-07-01
2214,2024-09-01,Monthly,299,Delhi,2024-11-01
2215,2024-09-01,Annual,2499,Chennai,
2216,2024-09-01,Annual,2499,Ahmedabad,
2217,2024-09-01,Monthly,299,Bengaluru,
2218,2024-09-01,Monthly,299,Bengaluru,2024-10-01
2219,2024-09-01,Monthly,299,Patna,2025-07-01
2220,2024-09-01,Annual,2499,Chennai,2026-04-01
2221,2024-09-01,Monthly,299,Chennai,2024-10-01
2222,2024-09-01,Monthly,299,Chennai,2025-07-01
2223,2024-09-01,Monthly,299,Pune,
2224,2024-09-01,Annual,2499,Chennai,2026-01-01
2225,2024-09-01,Monthly,299,Bengaluru,2024-10-01
2226,2024-09-01,Monthly,299,Patna,2026-08-01
2227,2024-09-01,Monthly,299,Bengaluru,2024-10-01
2228,2024-09-01,Monthly,299,Jaipur,2025-03-01
2229,2024-09-01,Monthly,299,Kolkata,2025-01-01
2230,2024-09-01,Monthly,299,Patna,2025-03-01
2231,2024-09-01,Monthly,299,Kolkata,2026-04-01
2232,2024-09-01,Monthly,299,Bengaluru,2026-01-01
2233,2024-09-01,Monthly,299,Kolkata,2025-11-01
2234,2024-09-01,Monthly,299,Chennai,2025-09-01
2235,2024-09-01,Monthly,299,Kolkata,2026-03-01
2236,2024-09-01,Annual,2499,Chennai,2026-03-01
2237,2024-09-01,Monthly,299,Patna,2025-04-01
2238,2024-09-01,Monthly,299,Hyderabad,2025-07-01
2239,2024-09-01,Monthly,299,Ahmedabad,2026-06-01
2240,2024-09-01,Annual,2499,Mumbai,
2241,2024-09-01,Annual,2499,Chennai,
2242,2024-09-01,Monthly,299,Kolkata,2024-10-01
2243,2024-09-01,Monthly,299,Delhi,
2244,2024-09-01,Monthly,299,Hyderabad,2024-10-01
2245,2024-09-01,Monthly,299,Chennai,2025-12-01
2246,2024-09-01,Annual,2499,Pune,
2247,2024-09-01,Monthly,299,Ahmedabad,2025-12-01
2248,2024-09-01,Monthly,299,Hyderabad,2026-05-01
2249,2024-09-01,Monthly,299,Mumbai,2025-11-01
2250,2024-09-01,Monthly,299,Patna,
2251,2024-09-01,Monthly,299,Bengaluru,2025-11-01
2252,2024-09-01,Monthly,299,Chennai,2025-03-01
2253,2024-09-01,Monthly,299,Chennai,2025-05-01
2254,2024-09-01,Monthly,299,Pune,2026-04-01
2255,2024-09-01,Annual,2499,Mumbai,
2256,2024-09-01,Monthly,299,Pune,
2257,2024-09-01,Monthly,299,Kolkata,2024-12-01
2258,2024-09-01,Monthly,299,Ahmedabad,
2259,2024-09-01,Monthly,299,Delhi,
2260,2024-09-01,Monthly,299,Mumbai,2024-10-01
2261,2024-09-01,Monthly,299,Ahmedabad,2025-10-01
2262,2024-09-01,Monthly,299,Chennai,2024-10-01
2263,2024-09-01,Monthly,299,Bengaluru,
2264,2024-09-01,Monthly,299,Hyderabad,2024-12-01
2265,2024-09-01,Monthly,299,Mumbai,2024-11-01
2266,2024-09-01,Monthly,299,Mumbai,
2267,2024-09-01,Annual,2499,Hyderabad,
2268,2024-09-01,Monthly,299,Pune,2025-01-01
2269,2024-09-01,Monthly,299,Patna,2024-10-01
2270,2024-09-01,Monthly,299,Ahmedabad,2025-12-01
2271,2024-09-01,Monthly,299,Hyderabad,
2272,2024-09-01,Monthly,299,Mumbai,
2273,2024-09-01,Monthly,299,Patna,
2274,2024-09-01,Annual,2499,Bengaluru,2026-07-01
2275,2024-09-01,Monthly,299,Ahmedabad,2024-11-01
2276,2024-09-01,Monthly,299,Hyderabad,2024-10-01
2277,2024-09-01,Monthly,299,Hyderabad,2024-12-01
2278,2024-09-01,Monthly,299,Hyderabad,
2279,2024-09-01,Annual,2499,Bengaluru,
2280,2024-09-01,Annual,2499,Pune,
2281,2024-09-01,Monthly,299,Jaipur,2026-03-01
2282,2024-09-01,Annual,2499,Bengaluru,2026-06-01
2283,2024-09-01,Monthly,299,Ahmedabad,2024-11-01
2284,2024-09-01,Monthly,299,Delhi,2024-11-01
2285,2024-09-01,Annual,2499,Chennai,
2286,2024-09-01,Annual,2499,Patna,2024-12-01
2287,2024-09-01,Annual,2499,Ahmedabad,
2288,2024-09-01,Monthly,299,Pune,
2289,2024-09-01,Monthly,299,Jaipur,
2290,2024-09-01,Monthly,299,Pune,2025-06-01
2291,2024-09-01,Monthly,299,Ahmedabad,2025-08-01
2292,2024-09-01,Monthly,299,Pune,2024-12-01
2293,2024-09-01,Monthly,299,Pune,2024-11-01
2294,2024-09-01,Monthly,299,Hyderabad,2026-08-01
2295,2024-09-01,Annual,2499,Ahmedabad,
2296,2024-09-01,Monthly,299,Patna,2026-01-01
2297,2024-09-01,Monthly,299,Jaipur,2024-12-01
2298,2024-09-01,Monthly,299,Delhi,2025-08-01
2299,2024-09-01,Monthly,299,Chennai,2025-05-01
2300,2024-09-01,Annual,2499,Delhi,
2301,2024-09-01,Monthly,299,Pune,2025-12-01
2302,2024-09-01,Monthly,299,Bengaluru,2025-08-01
2303,2024-09-01,Monthly,299,Kolkata,2024-10-01
2304,2024-09-01,Monthly,299,Hyderabad,2025-06-01
2305,2024-09-01,Monthly,299,Patna,2025-08-01
2306,2024-09-01,Annual,2499,Ahmedabad,
2307,2024-09-01,Monthly,299,Pune,2024-11-01
2308,2024-09-01,Monthly,299,Mumbai,2024-10-01
2309,2024-09-01,Monthly,299,Ahmedabad,
2310,2024-09-01,Monthly,299,Pune,2024-12-01
2311,2024-09-01,Monthly,299,Bengaluru,2024-10-01
2312,2024-09-01,Annual,2499,Kolkata,
2313,2024-09-01,Monthly,299,Delhi,
2314,2024-09-01,Monthly,299,Delhi,2025-12-01
2315,2024-09-01,Monthly,299,Hyderabad,2025-07-01
2316,2024-09-01,Monthly,299,Kolkata,
2317,2024-09-01,Monthly,299,Bengaluru,
2318,2024-09-01,Annual,2499,Chennai,2026-02-01
2319,2024-09-01,Monthly,299,Kolkata,2025-08-01
2320,2024-09-01,Monthly,299,Chennai,2025-03-01
2321,2024-09-01,Monthly,299,Kolkata,2025-03-01
2322,2024-09-01,Annual,2499,Kolkata,2026-07-01
2323,2024-09-01,Monthly,299,Mumbai,2025-04-01
2324,2024-09-01,Annual,2499,Patna,
2325,2024-09-01,Annual,2499,Ahmedabad,2025-08-01
2326,2024-09-01,Annual,2499,Chennai,
2327,2024-09-01,Annual,2499,Patna,
2328,2024-09-01,Annual,2499,Patna,
2329,2024-09-01,Monthly,299,Bengaluru,
2330,2024-09-01,Monthly,299,Delhi,2024-10-01
2331,2024-09-01,Monthly,299,Mumbai,2025-12-01
2332,2024-09-01,Annual,2499,Bengaluru,
2333,2024-09-01,Annual,2499,Kolkata,2025-04-01
2334,2024-09-01,Monthly,299,Bengaluru,2025-02-01
2335,2024-09-01,Monthly,299,Ahmedabad,2025-02-01
2336,2024-09-01,Monthly,299,Bengaluru,2024-12-01
2337,2024-09-01,Monthly,299,Hyderabad,2025-04-01
2338,2024-09-01,Monthly,299,Delhi,2025-03-01
2339,2024-09-01,Monthly,299,Chennai,2026-08-01
2340,2024-09-01,Annual,2499,Mumbai,
2341,2024-09-01,Monthly,299,Patna,2026-01-01
2342,2024-09-01,Annual,2499,Jaipur,
2343,2024-09-01,Annual,2499,Mumbai,2025-01-01
2344,2024-09-01,Monthly,299,Ahmedabad,2024-11-01
2345,2024-09-01,Monthly,299,Patna,2024-10-01
2346,2024-09-01,Annual,2499,Mumbai,
2347,2024-09-01,Monthly,299,Patna,2025-04-01
2348,2024-09-01,Monthly,299,Jaipur,2024-10-01
2349,2024-09-01,Monthly,299,Jaipur,2025-08-01
2350,2024-09-01,Annual,2499,Kolkata,
2351,2024-09-01,Annual,2499,Delhi,
2352,2024-09-01,Monthly,299,Delhi,2025-06-01
2353,2024-09-01,Monthly,299,Delhi,2026-05-01
2354,2024-09-01,Monthly,299,Chennai,2025-03-01
2355,2024-09-01,Monthly,299,Ahmedabad,2024-11-01
2356,2024-09-01,Monthly,299,Hyderabad,2025-12-01
2357,2024-09-01,Monthly,299,Mumbai,2025-05-01
2358,2024-09-01,Monthly,299,Patna,
2359,2024-09-01,Annual,2499,Hyderabad,
2360,2024-09-01,Monthly,299,,2025-05-01
2361,2024-09-01,Annual,2499,Pune,2025-05-01
2362,2024-09-01,Annual,2499,Delhi,2026-04-01
2363,2024-09-01,Monthly,299,Jaipur,
2364,2024-09-01,Monthly,299,Ahmedabad,2024-10-01
2365,2024-09-01,Monthly,299,Jaipur,2024-10-01
2366,2024-09-01,Monthly,299,Ahmedabad,
2367,2024-09-01,Monthly,299,Mumbai,2025-01-01
2368,2024-09-01,Monthly,299,Chennai,2025-12-01
2369,2024-09-01,Annual,2499,Ahmedabad,2024-12-01
2370,2024-09-01,Monthly,299,Jaipur,
2371,2024-09-01,Annual,2499,Kolkata,
2372,2024-09-01,Annual,2499,Pune,
2373,2024-09-01,Monthly,299,Chennai,2025-10-01
2374,2024-09-01,Monthly,299,Chennai,2024-10-01
2375,2024-09-01,Monthly,299,Jaipur,2024-12-01
2376,2024-09-01,Monthly,299,,2025-04-01
2377,2024-09-01,Monthly,299,Patna,2025-02-01
2378,2024-09-01,Annual,2499,Pune,
2379,2024-09-01,Monthly,299,Pune,2025-06-01
2380,2024-09-01,Monthly,299,Chennai,2025-01-01
2381,2024-09-01,Monthly,299,Bengaluru,
2382,2024-09-01,Monthly,299,Delhi,2025-01-01
2383,2024-09-01,Monthly,299,Mumbai,2024-11-01
2384,2024-09-01,Annual,2499,Jaipur,
2385,2024-09-01,Monthly,299,Jaipur,
2386,2024-09-01,Monthly,299,Delhi,
2387,2024-09-01,Annual,2499,Kolkata,
2388,2024-09-01,Annual,2499,Kolkata,
2389,2024-09-01,Monthly,299,Pune,2024-11-01
2390,2024-09-01,Monthly,299,Pune,2025-07-01
2391,2024-09-01,Annual,2499,Mumbai,
2392,2024-09-01,Monthly,299,Jaipur,2025-10-01
2393,2024-09-01,Monthly,299,Jaipur,2025-06-01
2394,2024-09-01,Monthly,299,Mumbai,
2395,2024-09-01,Monthly,299,Hyderabad,2024-10-01
2396,2024-09-01,Monthly,299,Hyderabad,2026-06-01
2397,2024-09-01,Annual,2499,Kolkata,
2398,2024-09-01,Monthly,299,Bengaluru,2024-11-01
2399,2024-09-01,Monthly,299,,2025-09-01
2400,2024-09-01,Monthly,299,Delhi,2025-01-01
2401,2024-09-01,Annual,2499,Chennai,2026-06-01
2402,2024-09-01,Monthly,299,Ahmedabad,2025-05-01
2403,2024-09-01,Monthly,299,Kolkata,
2404,2024-09-01,Annual,2499,Chennai,
2405,2024-09-01,Monthly,299,Delhi,2024-10-01
2406,2024-09-01,Annual,2499,Chennai,
2407,2024-09-01,Monthly,299,Pune,2025-05-01
2408,2024-09-01,Annual,2499,Hyderabad,
2409,2024-09-01,Monthly,299,Delhi,2024-11-01
2410,2024-09-01,Monthly,299,Jaipur,2025-08-01
2411,2024-09-01,Monthly,299,Kolkata,2024-10-01
2412,2024-09-01,Annual,2499,Delhi,
2413,2024-09-01,Monthly,299,Mumbai,2024-10-01
2414,2024-09-01,Monthly,299,Delhi,2025-05-01
2415,2024-09-01,Annual,2499,Hyderabad,
2416,2024-09-01,Monthly,299,Delhi,2025-10-01
2417,2024-09-01,Monthly,299,Hyderabad,
2418,2024-09-01,Monthly,299,Patna,2024-10-01
2419,2024-09-01,Monthly,299,Hyderabad,2025-10-01
2420,2024-09-01,Monthly,299,Bengaluru,
2421,2024-09-01,Annual,2499,Chennai,2024-10-01
2422,2024-09-01,Annual,2499,Delhi,
2423,2024-09-01,Monthly,299,Pune,2024-12-01
2424,2024-09-01,Monthly,299,Ahmedabad,
2425,2024-09-01,Annual,2499,Jaipur,
2426,2024-09-01,Monthly,299,Kolkata,2025-01-01
2427,2024-09-01,Monthly,299,Delhi,
2428,2024-10-01,Annual,2499,Chennai,
2429,2024-10-01,Monthly,299,Patna,2025-06-01
2430,2024-10-01,Monthly,299,Patna,2025-02-01
2431,2024-10-01,Annual,2499,Chennai,2025-11-01
2432,2024-10-01,Annual,2499,,
2433,2024-10-01,Annual,2499,Bengaluru,
2434,2024-10-01,Monthly,299,Chennai,2025-11-01
2435,2024-10-01,Annual,2499,Patna,2025-05-01
2436,2024-10-01,Monthly,299,Patna,
2437,2024-10-01,Monthly,299,Hyderabad,
2438,2024-10-01,Monthly,299,Chennai,2025-10-01
2439,2024-10-01,Annual,2499,Jaipur,
2440,2024-10-01,Annual,2499,Delhi,
2441,2024-10-01,Annual,2499,Chennai,
2442,2024-10-01,Annual,2499,Chennai,2025-02-01
2443,2024-10-01,Annual,2499,Patna,
2444,2024-10-01,Monthly,299,Kolkata,2026-03-01
2445,2024-10-01,Monthly,299,Ahmedabad,2025-10-01
2446,2024-10-01,Monthly,299,Delhi,2024-12-01
2447,2024-10-01,Annual,2499,Kolkata,2025-01-01
2448,2024-10-01,Monthly,299,Pune,2025-05-01
2449,2024-10-01,Monthly,299,Chennai,2024-12-01
2450,2024-10-01,Annual,2499,Mumbai,
2451,2024-10-01,Monthly,299,Delhi,2025-01-01
2452,2024-10-01,Monthly,299,Pune,2025-11-01
2453,2024-10-01,Annual,2499,Hyderabad,
2454,2024-10-01,Monthly,299,Delhi,2025-01-01
2455,2024-10-01,Monthly,299,Patna,
2456,2024-10-01,Annual,2499,Ahmedabad,
2457,2024-10-01,Monthly,299,Mumbai,
2458,2024-10-01,Annual,2499,Delhi,
2459,2024-10-01,Monthly,299,Delhi,2024-11-01
2460,2024-10-01,Monthly,299,Hyderabad,2024-12-01
2461,2024-10-01,Annual,2499,Delhi,2025-05-01
2462,2024-10-01,Annual,2499,Delhi,2025-02-01
2463,2024-10-01,Monthly,299,Ahmedabad,2024-11-01
2464,2024-10-01,Annual,2499,Chennai,
2465,2024-10-01,Monthly,299,Chennai,
2466,2024-10-01,Monthly,299,Mumbai,2024-12-01
2467,2024-10-01,Monthly,299,Chennai,2024-11-01
2468,2024-10-01,Monthly,299,Pune,2024-11-01
2469,2024-10-01,Annual,2499,Kolkata,
2470,2024-10-01,Annual,2499,Delhi,2025-12-01
2471,2024-10-01,Annual,2499,Mumbai,
2472,2024-10-01,Monthly,299,Chennai,2025-09-01
2473,2024-10-01,Monthly,299,Hyderabad,2025-01-01
2474,2024-10-01,Annual,2499,Delhi,
2475,2024-10-01,Monthly,299,Pune,2025-06-01
2476,2024-10-01,Monthly,299,Hyderabad,2025-04-01
2477,2024-10-01,Monthly,299,Hyderabad,2025-04-01
2478,2024-10-01,Monthly,299,Mumbai,2026-05-01
2479,2024-10-01,Monthly,299,Patna,
2480,2024-10-01,Monthly,299,Kolkata,2025-02-01
2481,2024-10-01,Annual,2499,Bengaluru,2025-07-01
2482,2024-10-01,Monthly,299,Jaipur,2025-07-01
2483,2024-10-01,Monthly,299,Kolkata,2025-08-01
2484,2024-10-01,Monthly,299,Jaipur,2026-02-01
2485,2024-10-01,Annual,2499,Delhi,
2486,2024-10-01,Monthly,299,Pune,2025-02-01
2487,2024-10-01,Monthly,299,Bengaluru,
2488,2024-10-01,Monthly,299,Jaipur,2025-01-01
2489,2024-10-01,Annual,2499,Kolkata,
2490,2024-10-01,Monthly,299,Patna,2024-11-01
2491,2024-10-01,Monthly,299,Patna,2025-08-01
2492,2024-10-01,Monthly,299,Chennai,2024-12-01
2493,2024-10-01,Monthly,299,Kolkata,2025-11-01
2494,2024-10-01,Monthly,299,Pune,2025-03-01
2495,2024-10-01,Monthly,299,Mumbai,2025-05-01
2496,2024-10-01,Monthly,299,Ahmedabad,2025-10-01
2497,2024-10-01,Monthly,299,Hyderabad,2024-11-01
2498,2024-10-01,Monthly,299,Kolkata,
2499,2024-10-01,Monthly,299,Delhi,2025-01-01
2500,2024-10-01,Monthly,299,Kolkata,2025-06-01
2501,2024-10-01,Annual,2499,Bengaluru,
2502,2024-10-01,Monthly,299,Chennai,2025-04-01
2503,2024-10-01,Monthly,299,Jaipur,2025-03-01
2504,2024-10-01,Monthly,299,Ahmedabad,2025-04-01
2505,2024-10-01,Monthly,299,Delhi,2024-12-01
2506,2024-10-01,Monthly,299,Chennai,2026-02-01
2507,2024-10-01,Monthly,299,Hyderabad,2024-11-01
2508,2024-10-01,Monthly,299,Kolkata,2025-02-01
2509,2024-10-01,Annual,2499,Ahmedabad,2025-06-01
2510,2024-10-01,Monthly,299,Kolkata,
2511,2024-10-01,Monthly,299,Patna,2025-02-01
2512,2024-10-01,Monthly,299,Hyderabad,2025-04-01
2513,2024-10-01,Monthly,299,Bengaluru,
2514,2024-10-01,Monthly,299,Chennai,2025-02-01
2515,2024-10-01,Annual,2499,Jaipur,
2516,2024-10-01,Monthly,299,Ahmedabad,
2517,2024-10-01,Monthly,299,Hyderabad,2025-09-01
2518,2024-10-01,Annual,2499,Patna,
2519,2024-10-01,Monthly,299,Ahmedabad,
2520,2024-10-01,Monthly,299,Ahmedabad,2025-01-01
2521,2024-10-01,Monthly,299,Mumbai,2025-08-01
2522,2024-10-01,Monthly,299,Bengaluru,2024-11-01
2523,2024-10-01,Monthly,299,Jaipur,2024-12-01
2524,2024-10-01,Monthly,299,Pune,2024-11-01
2525,2024-10-01,Monthly,299,Jaipur,2026-05-01
2526,2024-10-01,Monthly,299,Mumbai,
2527,2024-10-01,Annual,2499,Bengaluru,
2528,2024-10-01,Annual,2499,Kolkata,
2529,2024-10-01,Annual,2499,Jaipur,2024-12-01
2530,2024-10-01,Monthly,299,Hyderabad,2025-12-01
2531,2024-10-01,Annual,2499,Mumbai,
2532,2024-10-01,Annual,2499,Pune,2025-07-01
2533,2024-10-01,Monthly,299,Mumbai,2025-03-01
2534,2024-10-01,Monthly,299,Ahmedabad,2025-01-01
2535,2024-10-01,Monthly,299,Delhi,2026-07-01
2536,2024-10-01,Monthly,299,Patna,
2537,2024-10-01,Monthly,299,Chennai,2025-05-01
2538,2024-10-01,Monthly,299,Chennai,2024-12-01
2539,2024-10-01,Monthly,299,Pune,2025-12-01
2540,2024-10-01,Monthly,299,Delhi,
2541,2024-10-01,Monthly,299,Delhi,2025-07-01
2542,2024-10-01,Monthly,299,Pune,
2543,2024-10-01,Annual,2499,Chennai,
2544,2024-10-01,Monthly,299,Jaipur,2025-11-01
2545,2024-10-01,Monthly,299,Mumbai,2026-01-01
2546,2024-10-01,Monthly,299,Pune,2025-08-01
2547,2024-10-01,Annual,2499,Kolkata,2026-02-01
2548,2024-10-01,Monthly,299,Ahmedabad,2024-11-01
2549,2024-10-01,Annual,2499,Hyderabad,
2550,2024-10-01,Monthly,299,Jaipur,2026-01-01
2551,2024-10-01,Monthly,299,Pune,2024-12-01
2552,2024-10-01,Annual,2499,Jaipur,
2553,2024-10-01,Monthly,299,Hyderabad,2025-07-01
2554,2024-10-01,Monthly,299,Patna,2025-11-01
2555,2024-10-01,Monthly,299,Patna,2025-12-01
2556,2024-10-01,Annual,2499,Hyderabad,2024-11-01
2557,2024-10-01,Monthly,299,Delhi,2025-01-01
2558,2024-10-01,Monthly,299,Patna,2025-01-01
2559,2024-10-01,Monthly,299,Jaipur,2025-10-01
2560,2024-10-01,Monthly,299,Hyderabad,
2561,2024-10-01,Annual,2499,Chennai,2024-11-01
2562,2024-10-01,Monthly,299,Patna,
2563,2024-10-01,Monthly,299,Chennai,
2564,2024-10-01,Annual,2499,Ahmedabad,2024-11-01
2565,2024-10-01,Annual,2499,Mumbai,2026-03-01
2566,2024-10-01,Monthly,299,Pune,2025-05-01
2567,2024-10-01,Monthly,299,Pune,
2568,2024-10-01,Monthly,299,Kolkata,2025-12-01
2569,2024-10-01,Monthly,299,Ahmedabad,2024-11-01
2570,2024-10-01,Monthly,299,Patna,2024-11-01
2571,2024-10-01,Monthly,299,Pune,2026-05-01
2572,2024-10-01,Monthly,299,Pune,2025-02-01
2573,2024-10-01,Annual,2499,Chennai,
2574,2024-10-01,Monthly,299,Patna,2025-05-01
2575,2024-10-01,Annual,2499,Chennai,
2576,2024-10-01,Monthly,299,Jaipur,2025-12-01
2577,2024-10-01,Annual,2499,Ahmedabad,2025-03-01
2578,2024-10-01,Annual,2499,Patna,
2579,2024-10-01,Monthly,299,Delhi,2025-02-01
2580,2024-10-01,Annual,2499,Ahmedabad,
2581,2024-10-01,Monthly,299,Ahmedabad,
2582,2024-10-01,Monthly,299,Chennai,
2583,2024-10-01,Monthly,299,Hyderabad,2024-12-01
2584,2024-10-01,Monthly,299,Bengaluru,2026-07-01
2585,2024-10-01,Monthly,299,Hyderabad,
2586,2024-10-01,Monthly,299,Patna,
2587,2024-10-01,Monthly,299,Hyderabad,2025-02-01
2588,2024-10-01,Monthly,299,Hyderabad,2026-01-01
2589,2024-10-01,Monthly,299,Pune,
2590,2024-10-01,Annual,2499,,
2591,2024-10-01,Monthly,299,Pune,2025-10-01
2592,2024-10-01,Monthly,299,Mumbai,
2593,2024-10-01,Monthly,299,Bengaluru,2026-02-01
2594,2024-10-01,Monthly,299,Bengaluru,2025-12-01
2595,2024-10-01,Monthly,299,Patna,2026-01-01
2596,2024-10-01,Monthly,299,Pune,2025-02-01
2597,2024-10-01,Monthly,299,Delhi,2025-11-01
2598,2024-10-01,Monthly,299,Ahmedabad,
2599,2024-10-01,Monthly,299,Hyderabad,
2600,2024-10-01,Monthly,299,Pune,2026-05-01
2601,2024-10-01,Monthly,299,Jaipur,2024-12-01
2602,2024-10-01,Monthly,299,Chennai,
2603,2024-10-01,Annual,2499,Jaipur,2025-11-01
2604,2024-10-01,Annual,2499,Pune,
2605,2024-10-01,Annual,2499,Kolkata,
2606,2024-10-01,Annual,2499,Jaipur,
2607,2024-10-01,Monthly,299,Hyderabad,2026-06-01
2608,2024-10-01,Monthly,299,Jaipur,2025-05-01
2609,2024-10-01,Monthly,299,Chennai,2026-03-01
2610,2024-10-01,Annual,2499,Mumbai,2025-05-01
2611,2024-10-01,Annual,2499,Pune,2025-09-01
2612,2024-10-01,Monthly,299,Patna,2025-03-01
2613,2024-10-01,Monthly,299,Bengaluru,2026-04-01
2614,2024-10-01,Annual,2499,Chennai,2025-05-01
2615,2024-10-01,Monthly,299,Hyderabad,2024-12-01
2616,2024-10-01,Monthly,299,Hyderabad,2026-02-01
2617,2024-10-01,Monthly,299,,2026-07-01
2618,2024-10-01,Annual,2499,Kolkata,
2619,2024-10-01,Monthly,299,Kolkata,2025-03-01
2620,2024-10-01,Monthly,299,Mumbai,2024-12-01
2621,2024-10-01,Annual,2499,Bengaluru,2024-12-01
2622,2024-10-01,Monthly,299,Chennai,2024-11-01
2623,2024-10-01,Annual,2499,Hyderabad,
2624,2024-10-01,Monthly,299,Jaipur,2025-08-01
2625,2024-10-01,Monthly,299,Bengaluru,2025-08-01
2626,2024-10-01,Monthly,299,Ahmedabad,
2627,2024-10-01,Monthly,299,Jaipur,2025-04-01
2628,2024-10-01,Monthly,299,Ahmedabad,
2629,2024-10-01,Annual,2499,Chennai,
2630,2024-10-01,Annual,2499,Ahmedabad,2025-04-01
2631,2024-10-01,Annual,2499,Kolkata,
2632,2024-10-01,Annual,2499,Patna,
2633,2024-10-01,Monthly,299,Chennai,2024-12-01
2634,2024-10-01,Annual,2499,Kolkata,
2635,2024-10-01,Annual,2499,Mumbai,2024-11-01
2636,2024-10-01,Annual,2499,Hyderabad,2025-02-01
2637,2024-10-01,Monthly,299,Jaipur,2025-10-01
2638,2024-10-01,Monthly,299,,2024-11-01
2639,2024-10-01,Monthly,299,Hyderabad,2026-06-01
2640,2024-10-01,Monthly,299,Patna,2025-05-01
2641,2024-10-01,Monthly,299,Kolkata,
2642,2024-10-01,Monthly,299,Chennai,2025-07-01
2643,2024-10-01,Monthly,299,Chennai,2024-11-01
2644,2024-10-01,Monthly,299,Mumbai,2024-11-01
2645,2024-10-01,Monthly,299,Ahmedabad,2025-11-01
2646,2024-10-01,Monthly,299,Kolkata,
2647,2024-10-01,Monthly,299,Mumbai,
2648,2024-10-01,Annual,2499,Chennai,
2649,2024-10-01,Monthly,299,Kolkata,2025-11-01
2650,2024-10-01,Annual,2499,Pune,2025-03-01
2651,2024-10-01,Monthly,299,Jaipur,
2652,2024-10-01,Monthly,299,Chennai,2024-12-01
2653,2024-10-01,Monthly,299,Jaipur,2025-07-01
2654,2024-10-01,Annual,2499,Delhi,
2655,2024-10-01,Annual,2499,Pune,
2656,2024-10-01,Monthly,299,Bengaluru,2024-11-01
2657,2024-10-01,Monthly,299,Kolkata,2025-07-01
2658,2024-10-01,Annual,2499,Bengaluru,2026-01-01
2659,2024-10-01,Monthly,299,Delhi,
2660,2024-10-01,Monthly,299,Hyderabad,2026-04-01
2661,2024-10-01,Monthly,299,Kolkata,
2662,2024-10-01,Monthly,299,Hyderabad,2026-06-01
2663,2024-10-01,Annual,2499,Delhi,2025-03-01
2664,2024-10-01,Annual,2499,Chennai,
2665,2024-10-01,Monthly,299,Jaipur,2024-12-01
2666,2024-10-01,Annual,2499,Hyderabad,2026-07-01
2667,2024-10-01,Annual,2499,Kolkata,
2668,2024-10-01,Monthly,299,Delhi,2024-12-01
2669,2024-10-01,Monthly,299,Kolkata,2025-07-01
2670,2024-10-01,Monthly,299,Bengaluru,
2671,2024-10-01,Monthly,299,Jaipur,2025-02-01
2672,2024-10-01,Annual,2499,Ahmedabad,
2673,2024-10-01,Monthly,299,Delhi,2026-08-01
2674,2024-10-01,Monthly,299,Jaipur,2024-11-01
2675,2024-10-01,Monthly,299,Delhi,2025-01-01
2676,2024-10-01,Monthly,299,Chennai,2024-11-01
2677,2024-10-01,Annual,2499,Pune,
2678,2024-10-01,Annual,2499,Kolkata,2025-02-01
2679,2024-10-01,Annual,2499,Chennai,
2680,2024-10-01,Monthly,299,Ahmedabad,2025-07-01
2681,2024-10-01,Monthly,299,Hyderabad,2025-04-01
2682,2024-10-01,Monthly,299,Mumbai,2025-11-01
2683,2024-10-01,Monthly,299,Patna,
2684,2024-10-01,Monthly,299,Hyderabad,2025-12-01
2685,2024-10-01,Monthly,299,,
2686,2024-10-01,Annual,2499,Chennai,2025-07-01
2687,2024-10-01,Annual,2499,Kolkata,
2688,2024-10-01,Annual,2499,Kolkata,
2689,2024-10-01,Annual,2499,Hyderabad,
2690,2024-10-01,Monthly,299,Hyderabad,2024-11-01
2691,2024-10-01,Monthly,299,Chennai,2026-06-01
2692,2024-10-01,Monthly,299,Chennai,2025-08-01
2693,2024-10-01,Monthly,299,Pune,2024-11-01
2694,2024-10-01,Annual,2499,Ahmedabad,
2695,2024-10-01,Monthly,299,Ahmedabad,
2696,2024-10-01,Monthly,299,Delhi,2024-12-01
2697,2024-10-01,Monthly,299,Chennai,2025-01-01
2698,2024-10-01,Annual,2499,Delhi,
2699,2024-10-01,Monthly,299,Pune,2026-01-01
2700,2024-10-01,Monthly,299,Bengaluru,
2701,2024-10-01,Annual,2499,Patna,
2702,2024-10-01,Annual,2499,Chennai,
2703,2024-10-01,Monthly,299,Delhi,2025-11-01
2704,2024-10-01,Annual,2499,Kolkata,
2705,2024-10-01,Monthly,299,Kolkata,
2706,2024-10-01,Monthly,299,Patna,2024-11-01
2707,2024-10-01,Monthly,299,Chennai,2024-12-01
2708,2024-10-01,Monthly,299,Mumbai,2026-04-01
2709,2024-10-01,Monthly,299,Hyderabad,2026-05-01
2710,2024-10-01,Monthly,299,Delhi,2025-04-01
2711,2024-10-01,Annual,2499,Hyderabad,
2712,2024-10-01,Monthly,299,Ahmedabad,2025-07-01
2713,2024-10-01,Monthly,299,,
2714,2024-10-01,Monthly,299,Chennai,2025-05-01
2715,2024-10-01,Annual,2499,Mumbai,
2716,2024-10-01,Annual,2499,Mumbai,
2717,2024-10-01,Annual,2499,Jaipur,
2718,2024-10-01,Annual,2499,Jaipur,
2719,2024-10-01,Annual,2499,Hyderabad,
2720,2024-10-01,Annual,2499,Jaipur,
2721,2024-10-01,Monthly,299,Ahmedabad,2025-11-01
2722,2024-10-01,Annual,2499,Mumbai,
2723,2024-10-01,Monthly,299,Delhi,2025-10-01
2724,2024-10-01,Annual,2499,Pune,
2725,2024-10-01,Monthly,299,Jaipur,
2726,2024-10-01,Monthly,299,Delhi,2024-11-01
2727,2024-10-01,Monthly,299,Ahmedabad,2025-05-01
2728,2024-10-01,Monthly,299,Hyderabad,2025-02-01
2729,2024-10-01,Monthly,299,Bengaluru,2026-03-01
2730,2024-10-01,Monthly,299,Bengaluru,
2731,2024-10-01,Monthly,299,Chennai,2025-01-01
2732,2024-10-01,Monthly,299,Mumbai,2025-11-01
2733,2024-10-01,Annual,2499,Ahmedabad,2026-08-01
2734,2024-10-01,Monthly,299,Ahmedabad,2025-03-01
2735,2024-10-01,Monthly,299,Chennai,2025-06-01
2736,2024-10-01,Annual,2499,Ahmedabad,
2737,2024-11-01,Annual,2499,Chennai,
2738,2024-11-01,Monthly,299,Patna,2024-12-01
2739,2024-11-01,Monthly,299,Patna,2024-12-01
2740,2024-11-01,Monthly,299,Hyderabad,2025-02-01
2741,2024-11-01,Monthly,299,Ahmedabad,
2742,2024-11-01,Monthly,299,Pune,2024-12-01
2743,2024-11-01,Monthly,299,Bengaluru,2025-05-01
2744,2024-11-01,Monthly,299,Jaipur,
2745,2024-11-01,Monthly,299,Patna,2025-10-01
2746,2024-11-01,Annual,2499,Mumbai,
2747,2024-11-01,Monthly,299,Delhi,2026-06-01
2748,2024-11-01,Annual,2499,Bengaluru,
2749,2024-11-01,Monthly,299,Bengaluru,2025-02-01
2750,2024-11-01,Monthly,299,Hyderabad,
2751,2024-11-01,Annual,2499,Kolkata,
2752,2024-11-01,Monthly,299,Pune,2025-08-01
2753,2024-11-01,Monthly,299,Patna,2025-12-01
2754,2024-11-01,Annual,2499,Jaipur,
2755,2024-11-01,Monthly,299,Delhi,2024-12-01
2756,2024-11-01,Annual,2499,Bengaluru,2025-02-01
2757,2024-11-01,Annual,2499,Mumbai,
2758,2024-11-01,Monthly,299,Bengaluru,2025-08-01
2759,2024-11-01,Annual,2499,Hyderabad,
2760,2024-11-01,Monthly,299,Chennai,2025-04-01
2761,2024-11-01,Monthly,299,Delhi,2025-12-01
2762,2024-11-01,Monthly,299,Pune,
2763,2024-11-01,Monthly,299,Ahmedabad,2026-02-01
2764,2024-11-01,Monthly,299,Bengaluru,2024-12-01
2765,2024-11-01,Monthly,299,Pune,
2766,2024-11-01,Monthly,299,Delhi,
2767,2024-11-01,Annual,2499,Ahmedabad,
2768,2024-11-01,Annual,2499,Chennai,
2769,2024-11-01,Annual,2499,Kolkata,
2770,2024-11-01,Annual,2499,,
2771,2024-11-01,Monthly,299,Bengaluru,2024-12-01
2772,2024-11-01,Monthly,299,Jaipur,2025-01-01
2773,2024-11-01,Monthly,299,Delhi,2025-07-01
2774,2024-11-01,Annual,2499,Mumbai,2024-12-01
2775,2024-11-01,Monthly,299,Kolkata,2026-04-01
2776,2024-11-01,Monthly,299,Patna,2025-02-01
2777,2024-11-01,Monthly,299,Chennai,2026-08-01
2778,2024-11-01,Monthly,299,Jaipur,2025-01-01
2779,2024-11-01,Monthly,299,Jaipur,2026-08-01
2780,2024-11-01,Monthly,299,Patna,2026-04-01
2781,2024-11-01,Monthly,299,Pune,2025-07-01
2782,2024-11-01,Monthly,299,Jaipur,2026-02-01
2783,2024-11-01,Annual,2499,Chennai,2025-01-01
2784,2024-11-01,Monthly,299,Mumbai,2025-07-01
2785,2024-11-01,Monthly,299,Ahmedabad,2025-02-01
2786,2024-11-01,Monthly,299,Bengaluru,
2787,2024-11-01,Monthly,299,Jaipur,2024-12-01
2788,2024-11-01,Monthly,299,Pune,2024-12-01
2789,2024-11-01,Annual,2499,Jaipur,
2790,2024-11-01,Monthly,299,Kolkata,2025-12-01
2791,2024-11-01,Monthly,299,Chennai,2025-04-01
2792,2024-11-01,Monthly,299,Chennai,
2793,2024-11-01,Monthly,299,Bengaluru,2025-09-01
2794,2024-11-01,Monthly,299,Jaipur,2025-12-01
2795,2024-11-01,Monthly,299,Pune,2026-01-01
2796,2024-11-01,Annual,2499,Mumbai,
2797,2024-11-01,Annual,2499,Chennai,
2798,2024-11-01,Monthly,299,,
2799,2024-11-01,Monthly,299,Jaipur,2025-05-01
2800,2024-11-01,Monthly,299,Bengaluru,
2801,2024-11-01,Annual,2499,Mumbai,2025-09-01
2802,2024-11-01,Annual,2499,Jaipur,
2803,2024-11-01,Monthly,299,Bengaluru,
2804,2024-11-01,Monthly,299,Hyderabad,2025-01-01
2805,2024-11-01,Monthly,299,Pune,2025-03-01
2806,2024-11-01,Monthly,299,Mumbai,
2807,2024-11-01,Monthly,299,Kolkata,2025-02-01
2808,2024-11-01,Annual,2499,Bengaluru,
2809,2024-11-01,Annual,2499,Patna,
2810,2024-11-01,Annual,2499,Kolkata,
2811,2024-11-01,Annual,2499,Delhi,
2812,2024-11-01,Monthly,299,Hyderabad,2026-01-01
2813,2024-11-01,Monthly,299,Delhi,2024-12-01
2814,2024-11-01,Monthly,299,Jaipur,2024-12-01
2815,2024-11-01,Annual,2499,Ahmedabad,
2816,2024-11-01,Monthly,299,Chennai,2025-07-01
2817,2024-11-01,Monthly,299,Kolkata,2025-01-01
2818,2024-11-01,Monthly,299,Hyderabad,2025-12-01
2819,2024-11-01,Annual,2499,Bengaluru,
2820,2024-11-01,Monthly,299,Mumbai,
2821,2024-11-01,Annual,2499,Ahmedabad,
2822,2024-11-01,Monthly,299,Patna,
2823,2024-11-01,Monthly,299,Patna,2025-04-01
2824,2024-11-01,Monthly,299,Ahmedabad,2025-02-01
2825,2024-11-01,Monthly,299,Chennai,2025-02-01
2826,2024-11-01,Monthly,299,Hyderabad,2024-12-01
2827,2024-11-01,Annual,2499,Mumbai,
2828,2024-11-01,Monthly,299,Ahmedabad,2025-04-01
2829,2024-11-01,Monthly,299,Chennai,2025-10-01
2830,2024-11-01,Monthly,299,Pune,2026-02-01
2831,2024-11-01,Monthly,299,Mumbai,2025-06-01
2832,2024-11-01,Monthly,299,Chennai,2024-12-01
2833,2024-11-01,Monthly,299,Delhi,
2834,2024-11-01,Monthly,299,Delhi,2025-09-01
2835,2024-11-01,Annual,2499,Chennai,
2836,2024-11-01,Annual,2499,Pune,2025-08-01
2837,2024-11-01,Monthly,299,Ahmedabad,2024-12-01
2838,2024-11-01,Monthly,299,Patna,2024-12-01
2839,2024-11-01,Monthly,299,Mumbai,2024-12-01
2840,2024-11-01,Monthly,299,Kolkata,2025-01-01
2841,2024-11-01,Annual,2499,Jaipur,
2842,2024-11-01,Monthly,299,Ahmedabad,
2843,2024-11-01,Monthly,299,Delhi,2024-12-01
2844,2024-11-01,Monthly,299,Mumbai,
2845,2024-11-01,Monthly,299,Jaipur,2026-02-01
2846,2024-11-01,Monthly,299,,2026-02-01
2847,2024-11-01,Monthly,299,Bengaluru,2025-02-01
2848,2024-11-01,Annual,2499,Delhi,2024-12-01
2849,2024-11-01,Monthly,299,Mumbai,2025-02-01
2850,2024-11-01,Annual,2499,Delhi,
2851,2024-11-01,Annual,2499,Pune,
2852,2024-11-01,Monthly,299,Jaipur,2025-09-01
2853,2024-11-01,Annual,2499,Bengaluru,
2854,2024-11-01,Monthly,299,Hyderabad,2025-10-01
2855,2024-11-01,Annual,2499,Jaipur,
2856,2024-11-01,Monthly,299,Bengaluru,2026-06-01
2857,2024-11-01,Monthly,299,Hyderabad,2025-06-01
2858,2024-11-01,Annual,2499,Jaipur,
2859,2024-11-01,Annual,2499,Kolkata,
2860,2024-11-01,Annual,2499,Ahmedabad,
2861,2024-11-01,Monthly,299,Chennai,
2862,2024-11-01,Monthly,299,Delhi,2025-08-01
2863,2024-11-01,Monthly,299,Mumbai,
2864,2024-11-01,Monthly,299,Patna,2025-09-01
2865,2024-11-01,Monthly,299,Bengaluru,2025-04-01
2866,2024-11-01,Monthly,299,Ahmedabad,2025-08-01
2867,2024-11-01,Monthly,299,Delhi,
2868,2024-11-01,Annual,2499,Bengaluru,
2869,2024-11-01,Annual,2499,Delhi,
2870,2024-11-01,Annual,2499,Patna,
2871,2024-11-01,Annual,2499,Kolkata,
2872,2024-11-01,Annual,2499,Jaipur,
2873,2024-11-01,Monthly,299,Jaipur,2026-06-01
2874,2024-11-01,Monthly,299,Pune,2025-04-01
2875,2024-11-01,Monthly,299,Mumbai,2026-02-01
2876,2024-11-01,Monthly,299,Kolkata,2025-01-01
2877,2024-11-01,Monthly,299,Hyderabad,2026-04-01
2878,2024-11-01,Monthly,299,Hyderabad,2026-05-01
2879,2024-11-01,Monthly,299,Delhi,
2880,2024-11-01,Annual,2499,Chennai,
2881,2024-11-01,Monthly,299,Mumbai,
2882,2024-11-01,Monthly,299,Pune,
2883,2024-11-01,Monthly,299,Kolkata,2025-01-01
2884,2024-11-01,Annual,2499,Jaipur,
2885,2024-11-01,Annual,2499,Pune,
2886,2024-11-01,Monthly,299,Kolkata,
2887,2024-11-01,Monthly,299,Kolkata,
2888,2024-11-01,Annual,2499,Hyderabad,
2889,2024-11-01,Annual,2499,Bengaluru,
2890,2024-11-01,Annual,2499,Mumbai,
2891,2024-11-01,Annual,2499,Kolkata,
2892,2024-11-01,Monthly,299,Mumbai,2025-06-01
2893,2024-11-01,Monthly,299,Kolkata,2025-03-01
2894,2024-11-01,Monthly,299,Mumbai,2025-09-01
2895,2024-11-01,Monthly,299,Chennai,2025-08-01
2896,2024-11-01,Annual,2499,Chennai,
2897,2024-11-01,Annual,2499,Hyderabad,
2898,2024-11-01,Monthly,299,Jaipur,2025-04-01
2899,2024-11-01,Monthly,299,Mumbai,2024-12-01
2900,2024-11-01,Annual,2499,Jaipur,2026-06-01
2901,2024-11-01,Annual,2499,Delhi,
2902,2024-11-01,Monthly,299,Kolkata,2024-12-01
2903,2024-11-01,Monthly,299,Ahmedabad,2026-08-01
2904,2024-11-01,Monthly,299,Pune,
2905,2024-11-01,Monthly,299,Delhi,2024-12-01
2906,2024-11-01,Monthly,299,Bengaluru,
2907,2024-11-01,Annual,2499,Delhi,
2908,2024-11-01,Monthly,299,Mumbai,2026-03-01
2909,2024-11-01,Annual,2499,Pune,
2910,2024-11-01,Annual,2499,Kolkata,
2911,2024-11-01,Annual,2499,Pune,
2912,2024-11-01,Monthly,299,Kolkata,2025-06-01
2913,2024-11-01,Monthly,299,Delhi,2024-12-01
2914,2024-11-01,Annual,2499,Delhi,
2915,2024-11-01,Monthly,299,Jaipur,2026-04-01
2916,2024-11-01,Monthly,299,Jaipur,2025-06-01
2917,2024-11-01,Monthly,299,Pune,
2918,2024-11-01,Annual,2499,Ahmedabad,
2919,2024-11-01,Monthly,299,Kolkata,2025-07-01
2920,2024-11-01,Monthly,299,Hyderabad,2024-12-01
2921,2024-11-01,Monthly,299,Pune,
2922,2024-11-01,Annual,2499,Patna,
2923,2024-11-01,Monthly,299,Pune,2025-10-01
2924,2024-11-01,Annual,2499,Hyderabad,
2925,2024-11-01,Annual,2499,Hyderabad,
2926,2024-11-01,Annual,2499,Chennai,
2927,2024-11-01,Monthly,299,Ahmedabad,
2928,2024-11-01,Monthly,299,Pune,2026-03-01
2929,2024-11-01,Annual,2499,Patna,
2930,2024-11-01,Monthly,299,Kolkata,2026-06-01
2931,2024-11-01,Monthly,299,Patna,2024-12-01
2932,2024-11-01,Monthly,299,Hyderabad,2025-07-01
2933,2024-11-01,Annual,2499,Hyderabad,
2934,2024-11-01,Monthly,299,Patna,2025-03-01
2935,2024-11-01,Annual,2499,Mumbai,
2936,2024-11-01,Annual,2499,Mumbai,
2937,2024-11-01,Annual,2499,Patna,
2938,2024-11-01,Annual,2499,Delhi,
2939,2024-11-01,Monthly,299,Bengaluru,
2940,2024-11-01,Monthly,299,Mumbai,2025-02-01
2941,2024-11-01,Annual,2499,Pune,2025-04-01
2942,2024-11-01,Monthly,299,Bengaluru,2025-11-01
2943,2024-11-01,Annual,2499,Chennai,2025-12-01
2944,2024-11-01,Monthly,299,Jaipur,2024-12-01
2945,2024-11-01,Monthly,299,Kolkata,
2946,2024-11-01,Monthly,299,Pune,2026-07-01
2947,2024-11-01,Monthly,299,Ahmedabad,
2948,2024-11-01,Annual,2499,Patna,
2949,2024-11-01,Monthly,299,Hyderabad,
2950,2024-11-01,Monthly,299,Pune,
2951,2024-11-01,Monthly,299,Kolkata,2025-10-01
2952,2024-11-01,Annual,2499,Ahmedabad,2025-10-01
2953,2024-11-01,Monthly,299,Bengaluru,2025-02-01
2954,2024-11-01,Monthly,299,Chennai,
2955,2024-11-01,Monthly,299,Jaipur,2026-01-01
2956,2024-11-01,Monthly,299,Delhi,2025-12-01
2957,2024-11-01,Monthly,299,Delhi,2025-05-01
2958,2024-11-01,Annual,2499,Ahmedabad,
2959,2024-11-01,Monthly,299,Hyderabad,2025-06-01
2960,2024-11-01,Monthly,299,Jaipur,
2961,2024-11-01,Monthly,299,Mumbai,2024-12-01
2962,2024-11-01,Annual,2499,Ahmedabad,
2963,2024-11-01,Annual,2499,Mumbai,
2964,2024-11-01,Monthly,299,Kolkata,2025-06-01
2965,2024-11-01,Annual,2499,Ahmedabad,
2966,2024-11-01,Monthly,299,Hyderabad,
2967,2024-11-01,Monthly,299,Mumbai,2025-04-01
2968,2024-11-01,Monthly,299,Delhi,2025-10-01
2969,2024-11-01,Annual,2499,Mumbai,2025-05-01
2970,2024-11-01,Monthly,299,Hyderabad,2026-02-01
2971,2024-11-01,Monthly,299,Bengaluru,2024-12-01
2972,2024-11-01,Monthly,299,Hyderabad,2025-10-01
2973,2024-11-01,Monthly,299,Jaipur,2025-04-01
2974,2024-11-01,Monthly,299,Patna,2025-04-01
2975,2024-11-01,Monthly,299,Patna,2026-02-01
2976,2024-11-01,Monthly,299,Pune,2025-10-01
2977,2024-11-01,Monthly,299,Delhi,2024-12-01
2978,2024-11-01,Monthly,299,Mumbai,2025-11-01
2979,2024-11-01,Monthly,299,Jaipur,2025-07-01
2980,2024-11-01,Annual,2499,Chennai,
2981,2024-11-01,Monthly,299,Mumbai,2024-12-01
2982,2024-11-01,Monthly,299,Mumbai,2025-02-01
2983,2024-11-01,Monthly,299,Hyderabad,
2984,2024-11-01,Annual,2499,Ahmedabad,
2985,2024-11-01,Monthly,299,Mumbai,2025-11-01
2986,2024-11-01,Monthly,299,Patna,2024-12-01
2987,2024-11-01,Monthly,299,Jaipur,
2988,2024-11-01,Monthly,299,Pune,2024-12-01
2989,2024-11-01,Monthly,299,Pune,2024-12-01
2990,2024-11-01,Monthly,299,Hyderabad,2025-02-01
2991,2024-11-01,Annual,2499,Chennai,2024-12-01
2992,2024-11-01,Monthly,299,Mumbai,2025-02-01
2993,2024-11-01,Monthly,299,Mumbai,2025-09-01
2994,2024-11-01,Monthly,299,Bengaluru,2025-01-01
2995,2024-11-01,Annual,2499,Delhi,
2996,2024-11-01,Monthly,299,Hyderabad,2025-08-01
2997,2024-11-01,Annual,2499,Chennai,
2998,2024-11-01,Monthly,299,Ahmedabad,2025-02-01
2999,2024-11-01,Monthly,299,Patna,2025-03-01
3000,2024-11-01,Monthly,299,Kolkata,2026-06-01
3001,2024-11-01,Monthly,299,Bengaluru,2025-09-01
3002,2024-11-01,Monthly,299,Jaipur,2026-02-01
3003,2024-11-01,Monthly,299,Chennai,2025-09-01
3004,2024-11-01,Monthly,299,Chennai,2026-06-01
3005,2024-11-01,Annual,2499,Bengaluru,
3006,2024-11-01,Monthly,299,Jaipur,2026-05-01
3007,2024-11-01,Monthly,299,Chennai,
3008,2024-11-01,Annual,2499,Hyderabad,
3009,2024-11-01,Monthly,299,Delhi,2025-06-01
3010,2024-11-01,Monthly,299,Delhi,2026-01-01
3011,2024-11-01,Monthly,299,Bengaluru,2025-02-01
3012,2024-11-01,Monthly,299,,2025-04-01
3013,2024-11-01,Annual,2499,Ahmedabad,
3014,2024-11-01,Annual,2499,Patna,2026-07-01
3015,2024-11-01,Monthly,299,,2026-02-01
3016,2024-11-01,Monthly,299,Chennai,2025-07-01
3017,2024-11-01,Monthly,299,Jaipur,2025-03-01
3018,2024-11-01,Monthly,299,Ahmedabad,2024-12-01
3019,2024-11-01,Monthly,299,Pune,2025-10-01
3020,2024-11-01,Annual,2499,Delhi,
3021,2024-11-01,Annual,2499,Chennai,
3022,2024-11-01,Annual,2499,,2026-06-01
3023,2024-11-01,Annual,2499,Bengaluru,2025-09-01
3024,2024-11-01,Annual,2499,Hyderabad,2025-11-01
3025,2024-11-01,Monthly,299,Ahmedabad,
3026,2024-11-01,Monthly,299,Patna,
3027,2024-11-01,Annual,2499,Delhi,
3028,2024-11-01,Annual,2499,Kolkata,
3029,2024-11-01,Monthly,299,Delhi,
3030,2024-11-01,Monthly,299,Delhi,2025-05-01
3031,2024-11-01,Monthly,299,Pune,2025-11-01
3032,2024-11-01,Monthly,299,Delhi,2025-08-01
3033,2024-11-01,Monthly,299,Pune,
3034,2024-11-01,Monthly,299,Mumbai,2026-04-01
3035,2024-11-01,Monthly,299,Mumbai,
3036,2024-11-01,Monthly,299,Hyderabad,
3037,2024-11-01,Monthly,299,Delhi,2026-01-01
3038,2024-11-01,Monthly,299,Hyderabad,2025-09-01
3039,2024-11-01,Annual,2499,Ahmedabad,2025-11-01
3040,2024-11-01,Monthly,299,Hyderabad,2025-09-01
3041,2024-11-01,Annual,2499,Jaipur,2026-06-01
3042,2024-11-01,Annual,2499,Patna,
3043,2024-11-01,Annual,2499,Patna,
3044,2024-11-01,Annual,2499,Mumbai,2026-02-01
3045,2024-11-01,Monthly,299,Kolkata,2025-09-01
3046,2024-11-01,Monthly,299,Pune,
3047,2024-11-01,Monthly,299,Pune,2025-01-01
3048,2024-11-01,Monthly,299,Bengaluru,
3049,2024-11-01,Annual,2499,Mumbai,
3050,2024-11-01,Monthly,299,Pune,2025-12-01
3051,2024-11-01,Monthly,299,Patna,
3052,2024-11-01,Annual,2499,Pune,
3053,2024-11-01,Monthly,299,Delhi,2025-10-01
3054,2024-11-01,Monthly,299,Jaipur,
3055,2024-11-01,Monthly,299,Hyderabad,2026-03-01
3056,2024-11-01,Monthly,299,Jaipur,2025-06-01
3057,2024-11-01,Annual,2499,Chennai,
3058,2024-11-01,Monthly,299,Pune,2025-05-01
3059,2024-11-01,Monthly,299,Jaipur,2025-07-01
3060,2024-11-01,Annual,2499,Mumbai,
3061,2024-11-01,Monthly,299,Jaipur,2024-12-01
3062,2024-11-01,Monthly,299,Bengaluru,2025-03-01
3063,2024-11-01,Monthly,299,,2025-01-01
3064,2024-11-01,Monthly,299,Pune,2025-11-01
3065,2024-12-01,Annual,2499,Hyderabad,
3066,2024-12-01,Annual,2499,Pune,
3067,2024-12-01,Annual,2499,Jaipur,
3068,2024-12-01,Monthly,299,Hyderabad,2025-01-01
3069,2024-12-01,Annual,2499,Patna,
3070,2024-12-01,Monthly,299,Mumbai,
3071,2024-12-01,Annual,2499,Mumbai,
3072,2024-12-01,Monthly,299,Patna,2025-01-01
3073,2024-12-01,Monthly,299,Pune,2026-07-01
3074,2024-12-01,Monthly,299,Delhi,2025-06-01
3075,2024-12-01,Monthly,299,Jaipur,2026-04-01
3076,2024-12-01,Annual,2499,Bengaluru,
3077,2024-12-01,Annual,2499,Mumbai,
3078,2024-12-01,Annual,2499,Chennai,2025-03-01
3079,2024-12-01,Monthly,299,Mumbai,2025-01-01
3080,2024-12-01,Monthly,299,Pune,2025-03-01
3081,2024-12-01,Annual,2499,Delhi,
3082,2024-12-01,Annual,2499,Patna,
3083,2024-12-01,Annual,2499,Delhi,2025-07-01
3084,2024-12-01,Monthly,299,Bengaluru,2025-07-01
3085,2024-12-01,Monthly,299,Pune,2026-08-01
3086,2024-12-01,Monthly,299,Hyderabad,
3087,2024-12-01,Monthly,299,Ahmedabad,
3088,2024-12-01,Annual,2499,Ahmedabad,
3089,2024-12-01,Monthly,299,Mumbai,2025-09-01
3090,2024-12-01,Monthly,299,Jaipur,2025-04-01
3091,2024-12-01,Annual,2499,Pune,
3092,2024-12-01,Monthly,299,Delhi,
3093,2024-12-01,Monthly,299,Pune,2025-08-01
3094,2024-12-01,Monthly,299,Ahmedabad,2025-12-01
3095,2024-12-01,Annual,2499,Chennai,
3096,2024-12-01,Annual,2499,Kolkata,
3097,2024-12-01,Annual,2499,Delhi,2025-02-01
3098,2024-12-01,Monthly,299,Jaipur,2025-02-01
3099,2024-12-01,Monthly,299,Jaipur,2025-04-01
3100,2024-12-01,Monthly,299,Patna,2026-02-01
3101,2024-12-01,Annual,2499,Mumbai,
3102,2024-12-01,Monthly,299,Pune,2025-01-01
3103,2024-12-01,Monthly,299,Ahmedabad,
3104,2024-12-01,Monthly,299,Delhi,2025-01-01
3105,2024-12-01,Monthly,299,Jaipur,2025-02-01
3106,2024-12-01,Monthly,299,Jaipur,2025-06-01
3107,2024-12-01,Monthly,299,Jaipur,2026-02-01
3108,2024-12-01,Monthly,299,Bengaluru,
3109,2024-12-01,Monthly,299,Delhi,2026-05-01
3110,2024-12-01,Monthly,299,Patna,2025-08-01
3111,2024-12-01,Annual,2499,Hyderabad,
3112,2024-12-01,Monthly,299,Ahmedabad,2025-01-01
3113,2024-12-01,Monthly,299,Kolkata,2025-04-01
3114,2024-12-01,Annual,2499,Bengaluru,
3115,2024-12-01,Monthly,299,Mumbai,
3116,2024-12-01,Annual,2499,Kolkata,
3117,2024-12-01,Annual,2499,Patna,2026-03-01
3118,2024-12-01,Monthly,299,Pune,
3119,2024-12-01,Monthly,299,Delhi,2025-05-01
3120,2024-12-01,Annual,2499,Chennai,2025-03-01
3121,2024-12-01,Annual,2499,Jaipur,2025-11-01
3122,2024-12-01,Monthly,299,Pune,2025-07-01
3123,2024-12-01,Monthly,299,Patna,2025-08-01
3124,2024-12-01,Monthly,299,Mumbai,2025-05-01
3125,2024-12-01,Annual,2499,Mumbai,2025-06-01
3126,2024-12-01,Monthly,299,Bengaluru,2025-11-01
3127,2024-12-01,Annual,2499,Bengaluru,2025-09-01
3128,2024-12-01,Monthly,299,Bengaluru,2026-04-01
3129,2024-12-01,Monthly,299,Mumbai,2026-01-01
3130,2024-12-01,Annual,2499,Patna,
3131,2024-12-01,Monthly,299,Ahmedabad,2025-07-01
3132,2024-12-01,Monthly,299,Chennai,2025-01-01
3133,2024-12-01,Monthly,299,Pune,
3134,2024-12-01,Annual,2499,Kolkata,
3135,2024-12-01,Annual,2499,Ahmedabad,
3136,2024-12-01,Annual,2499,Delhi,
3137,2024-12-01,Annual,2499,Ahmedabad,
3138,2024-12-01,Monthly,299,Jaipur,2026-04-01
3139,2024-12-01,Monthly,299,Pune,2025-07-01
3140,2024-12-01,Monthly,299,Hyderabad,2025-02-01
3141,2024-12-01,Monthly,299,Hyderabad,2025-03-01
3142,2024-12-01,Monthly,299,Mumbai,
3143,2024-12-01,Monthly,299,Mumbai,2025-01-01
3144,2024-12-01,Annual,2499,Ahmedabad,
3145,2024-12-01,Annual,2499,Patna,
3146,2024-12-01,Monthly,299,Ahmedabad,2025-04-01
3147,2024-12-01,Monthly,299,Chennai,2025-03-01
3148,2024-12-01,Monthly,299,Chennai,2025-06-01
3149,2024-12-01,Annual,2499,Jaipur,
3150,2024-12-01,Monthly,299,Mumbai,
3151,2024-12-01,Monthly,299,Patna,
3152,2024-12-01,Annual,2499,Mumbai,2025-05-01
3153,2024-12-01,Monthly,299,Chennai,
3154,2024-12-01,Monthly,299,Mumbai,
3155,2024-12-01,Monthly,299,Chennai,2025-01-01
3156,2024-12-01,Monthly,299,Kolkata,2025-05-01
3157,2024-12-01,Monthly,299,Pune,2025-11-01
3158,2024-12-01,Annual,2499,Ahmedabad,
3159,2024-12-01,Monthly,299,Mumbai,2026-05-01
3160,2024-12-01,Monthly,299,Patna,2025-03-01
3161,2024-12-01,Monthly,299,Ahmedabad,2025-11-01
3162,2024-12-01,Monthly,299,Delhi,2025-02-01
3163,2024-12-01,Monthly,299,,2025-02-01
3164,2024-12-01,Monthly,299,Ahmedabad,2025-05-01
3165,2024-12-01,Monthly,299,Delhi,2025-01-01
3166,2024-12-01,Annual,2499,Delhi,
3167,2024-12-01,Annual,2499,Bengaluru,
3168,2024-12-01,Annual,2499,Jaipur,
3169,2024-12-01,Monthly,299,Bengaluru,2026-03-01
3170,2024-12-01,Monthly,299,Pune,
3171,2024-12-01,Annual,2499,Kolkata,
3172,2024-12-01,Monthly,299,Delhi,
3173,2024-12-01,Monthly,299,Bengaluru,2025-12-01
3174,2024-12-01,Monthly,299,Pune,2025-09-01
3175,2024-12-01,Monthly,299,Kolkata,
3176,2024-12-01,Monthly,299,Kolkata,2025-04-01
3177,2024-12-01,Monthly,299,Jaipur,2026-01-01
3178,2024-12-01,Monthly,299,Pune,2025-07-01
3179,2024-12-01,Monthly,299,Pune,2025-02-01
3180,2024-12-01,Monthly,299,Bengaluru,2025-07-01
3181,2024-12-01,Monthly,299,Jaipur,2025-08-01
3182,2024-12-01,Monthly,299,Delhi,2025-07-01
3183,2024-12-01,Monthly,299,Ahmedabad,
3184,2024-12-01,Monthly,299,Chennai,2025-06-01
3185,2024-12-01,Annual,2499,Jaipur,
3186,2024-12-01,Annual,2499,Pune,2026-02-01
3187,2024-12-01,Monthly,299,Hyderabad,2025-02-01
3188,2024-12-01,Monthly,299,Pune,2026-08-01
3189,2024-12-01,Annual,2499,Bengaluru,
3190,2024-12-01,Monthly,299,Hyderabad,2025-11-01
3191,2024-12-01,Monthly,299,Pune,
3192,2024-12-01,Monthly,299,Jaipur,2025-05-01
3193,2024-12-01,Monthly,299,Pune,2025-03-01
3194,2024-12-01,Monthly,299,Jaipur,2025-03-01
3195,2024-12-01,Annual,2499,Patna,
3196,2024-12-01,Monthly,299,Delhi,2026-02-01
3197,2024-12-01,Monthly,299,Pune,2025-01-01
3198,2024-12-01,Annual,2499,Bengaluru,
3199,2024-12-01,Monthly,299,Pune,2025-01-01
3200,2024-12-01,Annual,2499,Pune,
3201,2024-12-01,Annual,2499,Bengaluru,
3202,2024-12-01,Annual,2499,Delhi,2025-06-01
3203,2024-12-01,Annual,2499,Patna,
3204,2024-12-01,Monthly,299,Pune,2025-02-01
3205,2024-12-01,Annual,2499,Bengaluru,
3206,2024-12-01,Monthly,299,Kolkata,2026-01-01
3207,2024-12-01,Monthly,299,Kolkata,2025-03-01
3208,2024-12-01,Monthly,299,Ahmedabad,2026-04-01
3209,2024-12-01,Monthly,299,Pune,2025-04-01
3210,2024-12-01,Annual,2499,Delhi,
3211,2024-12-01,Monthly,299,Jaipur,2026-07-01
3212,2024-12-01,Monthly,299,Chennai,2025-04-01
3213,2024-12-01,Annual,2499,Pune,
3214,2024-12-01,Monthly,299,Delhi,2026-03-01
3215,2024-12-01,Annual,2499,Ahmedabad,2026-06-01
3216,2024-12-01,Monthly,299,Delhi,2025-11-01
3217,2024-12-01,Monthly,299,Pune,2025-06-01
3218,2024-12-01,Monthly,299,Kolkata,2026-05-01
3219,2024-12-01,Monthly,299,Pune,2025-03-01
3220,2024-12-01,Monthly,299,Ahmedabad,2026-01-01
3221,2024-12-01,Monthly,299,Delhi,2025-01-01
3222,2024-12-01,Monthly,299,Patna,2025-03-01
3223,2024-12-01,Monthly,299,Kolkata,
3224,2024-12-01,Monthly,299,Chennai,2025-03-01
3225,2024-12-01,Monthly,299,Ahmedabad,2025-06-01
3226,2024-12-01,Monthly,299,Mumbai,2025-02-01
3227,2024-12-01,Monthly,299,Mumbai,
3228,2024-12-01,Annual,2499,Mumbai,
3229,2024-12-01,Monthly,299,Pune,2026-03-01
3230,2024-12-01,Monthly,299,Patna,2025-12-01
3231,2024-12-01,Monthly,299,Pune,2025-09-01
3232,2024-12-01,Annual,2499,Patna,2025-03-01
3233,2024-12-01,Monthly,299,,
3234,2024-12-01,Monthly,299,Jaipur,2025-12-01
3235,2024-12-01,Monthly,299,Ahmedabad,2025-04-01
3236,2024-12-01,Monthly,299,Hyderabad,2025-04-01
3237,2024-12-01,Monthly,299,Kolkata,2025-03-01
3238,2024-12-01,Annual,2499,Patna,
3239,2024-12-01,Monthly,299,Mumbai,2026-01-01
3240,2024-12-01,Annual,2499,Chennai,2025-01-01
3241,2024-12-01,Monthly,299,Ahmedabad,2025-08-01
3242,2024-12-01,Monthly,299,Patna,2025-06-01
3243,2024-12-01,Monthly,299,Bengaluru,
3244,2024-12-01,Monthly,299,Chennai,2025-09-01
3245,2024-12-01,Monthly,299,Chennai,2025-10-01
3246,2024-12-01,Monthly,299,Chennai,2025-06-01
3247,2024-12-01,Monthly,299,Kolkata,2025-03-01
3248,2024-12-01,Monthly,299,Jaipur,
3249,2024-12-01,Monthly,299,Jaipur,
3250,2024-12-01,Monthly,299,Mumbai,
3251,2024-12-01,Monthly,299,Patna,2025-04-01
3252,2024-12-01,Monthly,299,Hyderabad,2025-07-01
3253,2024-12-01,Monthly,299,Hyderabad,2026-08-01
3254,2024-12-01,Monthly,299,Bengaluru,2025-06-01
3255,2024-12-01,Monthly,299,Pune,
3256,2024-12-01,Annual,2499,Hyderabad,
3257,2024-12-01,Annual,2499,Chennai,
3258,2024-12-01,Annual,2499,Pune,
3259,2024-12-01,Monthly,299,Mumbai,2026-07-01
3260,2024-12-01,Annual,2499,Bengaluru,
3261,2024-12-01,Annual,2499,Jaipur,2025-09-01
3262,2024-12-01,Monthly,299,Patna,2026-07-01
3263,2024-12-01,Annual,2499,Pune,2026-03-01
3264,2024-12-01,Monthly,299,Chennai,2025-04-01
3265,2024-12-01,Monthly,299,Delhi,2025-09-01
3266,2024-12-01,Annual,2499,Chennai,
3267,2024-12-01,Monthly,299,Jaipur,2026-01-01
3268,2024-12-01,Monthly,299,Kolkata,
3269,2024-12-01,Monthly,299,Kolkata,
3270,2024-12-01,Annual,2499,Mumbai,
3271,2024-12-01,Monthly,299,Bengaluru,2025-01-01
3272,2024-12-01,Monthly,299,Chennai,
3273,2024-12-01,Monthly,299,Jaipur,2025-07-01
3274,2024-12-01,Annual,2499,Kolkata,
3275,2024-12-01,Annual,2499,Hyderabad,
3276,2024-12-01,Annual,2499,Hyderabad,
3277,2024-12-01,Monthly,299,Pune,
3278,2024-12-01,Monthly,299,Pune,2025-03-01
3279,2024-12-01,Monthly,299,Mumbai,
3280,2024-12-01,Monthly,299,Delhi,
3281,2024-12-01,Monthly,299,Chennai,
3282,2024-12-01,Monthly,299,Chennai,2025-01-01
3283,2024-12-01,Annual,2499,Kolkata,
3284,2024-12-01,Annual,2499,Mumbai,
3285,2024-12-01,Annual,2499,Patna,
3286,2024-12-01,Monthly,299,Chennai,2025-01-01
3287,2024-12-01,Monthly,299,Patna,
3288,2024-12-01,Monthly,299,Bengaluru,2025-06-01
3289,2024-12-01,Annual,2499,Kolkata,
3290,2024-12-01,Monthly,299,Jaipur,
3291,2024-12-01,Monthly,299,Patna,2025-01-01
3292,2024-12-01,Annual,2499,Hyderabad,2025-10-01
3293,2024-12-01,Monthly,299,Mumbai,
3294,2024-12-01,Monthly,299,Mumbai,2025-06-01
3295,2024-12-01,Monthly,299,Mumbai,
3296,2024-12-01,Monthly,299,Ahmedabad,2025-01-01
3297,2024-12-01,Monthly,299,Mumbai,2026-06-01
3298,2024-12-01,Monthly,299,Delhi,2025-01-01
3299,2024-12-01,Annual,2499,Kolkata,2025-09-01
3300,2024-12-01,Annual,2499,Hyderabad,
3301,2024-12-01,Monthly,299,Pune,
3302,2024-12-01,Monthly,299,Delhi,2025-06-01
3303,2024-12-01,Annual,2499,Pune,
3304,2024-12-01,Monthly,299,Bengaluru,2025-04-01
3305,2024-12-01,Monthly,299,Delhi,2025-05-01
3306,2024-12-01,Monthly,299,Pune,2026-05-01
3307,2024-12-01,Annual,2499,Hyderabad,2025-02-01
3308,2024-12-01,Monthly,299,Pune,2026-08-01
3309,2024-12-01,Monthly,299,Bengaluru,
3310,2024-12-01,Monthly,299,Ahmedabad,2026-06-01
3311,2024-12-01,Monthly,299,Hyderabad,2025-07-01
3312,2024-12-01,Monthly,299,Ahmedabad,2025-04-01
3313,2024-12-01,Annual,2499,Kolkata,
3314,2024-12-01,Monthly,299,Chennai,2025-11-01
3315,2024-12-01,Monthly,299,Jaipur,2025-01-01
3316,2024-12-01,Monthly,299,Chennai,2025-08-01
3317,2024-12-01,Monthly,299,Delhi,2025-04-01
3318,2024-12-01,Monthly,299,Ahmedabad,
3319,2024-12-01,Annual,2499,Bengaluru,
3320,2024-12-01,Annual,2499,Kolkata,
3321,2024-12-01,Monthly,299,Kolkata,2025-11-01
3322,2024-12-01,Annual,2499,Mumbai,
3323,2024-12-01,Monthly,299,Hyderabad,2025-12-01
3324,2024-12-01,Annual,2499,Chennai,
3325,2024-12-01,Monthly,299,Bengaluru,2025-03-01
3326,2024-12-01,Monthly,299,Mumbai,2025-11-01
3327,2024-12-01,Annual,2499,Ahmedabad,
3328,2024-12-01,Annual,2499,Patna,
3329,2024-12-01,Monthly,299,Kolkata,2025-02-01
3330,2024-12-01,Monthly,299,Hyderabad,2025-09-01
3331,2024-12-01,Annual,2499,Bengaluru,
3332,2024-12-01,Annual,2499,Delhi,2025-09-01
3333,2024-12-01,Monthly,299,Kolkata,
3334,2024-12-01,Monthly,299,Delhi,2025-01-01
3335,2024-12-01,Monthly,299,Kolkata,2025-12-01
3336,2024-12-01,Monthly,299,Pune,2025-10-01
3337,2024-12-01,Monthly,299,Bengaluru,2025-01-01
3338,2024-12-01,Monthly,299,Patna,2025-01-01
3339,2024-12-01,Annual,2499,Mumbai,
3340,2024-12-01,Monthly,299,Ahmedabad,2026-04-01
3341,2024-12-01,Annual,2499,Hyderabad,
3342,2024-12-01,Annual,2499,Mumbai,
3343,2024-12-01,Annual,2499,Kolkata,
3344,2024-12-01,Monthly,299,Pune,
3345,2024-12-01,Monthly,299,Hyderabad,2026-02-01
3346,2024-12-01,Annual,2499,Hyderabad,
3347,2024-12-01,Monthly,299,Jaipur,2025-05-01
3348,2024-12-01,Annual,2499,Hyderabad,
3349,2024-12-01,Annual,2499,Ahmedabad,
3350,2024-12-01,Monthly,299,Patna,2025-04-01
3351,2024-12-01,Monthly,299,Pune,
3352,2024-12-01,Monthly,299,Ahmedabad,2025-03-01
3353,2024-12-01,Annual,2499,Mumbai,
3354,2024-12-01,Annual,2499,Jaipur,2025-05-01
3355,2024-12-01,Monthly,299,Ahmedabad,2026-07-01
3356,2024-12-01,Annual,2499,Kolkata,
3357,2024-12-01,Annual,2499,Kolkata,
3358,2024-12-01,Annual,2499,Patna,
3359,2024-12-01,Monthly,299,Patna,2025-05-01
3360,2024-12-01,Monthly,299,,2025-01-01
3361,2024-12-01,Monthly,299,Pune,2025-02-01
3362,2024-12-01,Monthly,299,Ahmedabad,2025-01-01
3363,2024-12-01,Monthly,299,Delhi,2025-06-01
3364,2024-12-01,Monthly,299,Mumbai,2025-01-01
3365,2024-12-01,Monthly,299,Kolkata,
3366,2024-12-01,Monthly,299,Delhi,2025-03-01
3367,2024-12-01,Monthly,299,Jaipur,2025-02-01
3368,2024-12-01,Annual,2499,Bengaluru,
3369,2024-12-01,Annual,2499,Hyderabad,
3370,2024-12-01,Annual,2499,Chennai,
3371,2024-12-01,Monthly,299,Kolkata,2025-01-01
3372,2024-12-01,Monthly,299,Delhi,
3373,2024-12-01,Monthly,299,,2025-09-01
3374,2024-12-01,Monthly,299,Mumbai,2025-10-01
3375,2024-12-01,Monthly,299,Mumbai,2025-01-01
3376,2024-12-01,Annual,2499,Hyderabad,2025-09-01
3377,2024-12-01,Monthly,299,Kolkata,2025-01-01
3378,2024-12-01,Monthly,299,Hyderabad,2026-06-01
3379,2024-12-01,Monthly,299,Delhi,2026-03-01
3380,2024-12-01,Annual,2499,Mumbai,
3381,2024-12-01,Monthly,299,Mumbai,2025-07-01
3382,2024-12-01,Monthly,299,,
3383,2024-12-01,Annual,2499,Patna,
3384,2024-12-01,Monthly,299,Patna,2025-01-01
3385,2024-12-01,Monthly,299,Ahmedabad,2025-02-01
3386,2024-12-01,Monthly,299,Pune,
3387,2024-12-01,Annual,2499,Patna,2025-10-01
3388,2024-12-01,Annual,2499,Jaipur,
3389,2024-12-01,Annual,2499,Mumbai,2025-10-01
3390,2024-12-01,Monthly,299,Kolkata,2025-10-01
3391,2024-12-01,Monthly,299,Kolkata,2025-04-01
3392,2024-12-01,Annual,2499,Kolkata,
3393,2024-12-01,Annual,2499,Kolkata,2025-02-01
3394,2024-12-01,Annual,2499,Kolkata,
3395,2024-12-01,Annual,2499,Hyderabad,
3396,2024-12-01,Monthly,299,Patna,2025-05-01
3397,2024-12-01,Monthly,299,Mumbai,
3398,2024-12-01,Annual,2499,Kolkata,
3399,2024-12-01,Monthly,299,Ahmedabad,2026-04-01
3400,2024-12-01,Monthly,299,Patna,2025-07-01
3401,2024-12-01,Monthly,299,Bengaluru,
3402,2024-12-01,Monthly,299,Kolkata,
3403,2024-12-01,Monthly,299,Jaipur,2025-04-01
3404,2024-12-01,Monthly,299,Kolkata,2026-08-01
3405,2024-12-01,Monthly,299,Chennai,2025-07-01
3406,2024-12-01,Annual,2499,Chennai,
3407,2024-12-01,Annual,2499,Ahmedabad,
3408,2024-12-01,Monthly,299,Bengaluru,
3409,2024-12-01,Annual,2499,Pune,
3410,2024-12-01,Monthly,299,Hyderabad,2025-04-01
3411,2024-12-01,Monthly,299,Pune,2026-05-01
3412,2024-12-01,Annual,2499,Delhi,
3413,2024-12-01,Monthly,299,Bengaluru,
3414,2024-12-01,Annual,2499,Kolkata,2025-01-01
3415,2024-12-01,Monthly,299,Ahmedabad,2025-01-01
3416,2024-12-01,Monthly,299,Kolkata,2025-05-01
3417,2024-12-01,Monthly,299,Hyderabad,
3418,2024-12-01,Annual,2499,Kolkata,2025-01-01
3419,2024-12-01,Monthly,299,Patna,2025-01-01
3420,2024-12-01,Monthly,299,Mumbai,2025-09-01
3421,2025-01-01,Monthly,299,Jaipur,2025-02-01
3422,2025-01-01,Monthly,299,Pune,
3423,2025-01-01,Annual,2499,Delhi,
3424,2025-01-01,Annual,2499,Ahmedabad,
3425,2025-01-01,Monthly,299,Pune,2025-06-01
3426,2025-01-01,Monthly,299,Chennai,2025-10-01
3427,2025-01-01,Monthly,299,Ahmedabad,2025-07-01
3428,2025-01-01,Monthly,299,Bengaluru,
3429,2025-01-01,Monthly,299,Kolkata,2025-02-01
3430,2025-01-01,Monthly,299,Delhi,2025-11-01
3431,2025-01-01,Monthly,299,Mumbai,2026-02-01
3432,2025-01-01,Annual,2499,Patna,
3433,2025-01-01,Monthly,299,Bengaluru,
3434,2025-01-01,Monthly,299,Pune,
3435,2025-01-01,Monthly,299,Patna,2025-05-01
3436,2025-01-01,Monthly,299,Kolkata,2025-03-01
3437,2025-01-01,Monthly,299,Delhi,2025-07-01
3438,2025-01-01,Monthly,299,Jaipur,2025-04-01
3439,2025-01-01,Monthly,299,Ahmedabad,2025-02-01
3440,2025-01-01,Monthly,299,Hyderabad,2025-02-01
3441,2025-01-01,Monthly,299,Ahmedabad,2025-06-01
3442,2025-01-01,Monthly,299,Mumbai,2025-05-01
3443,2025-01-01,Monthly,299,Bengaluru,
3444,2025-01-01,Monthly,299,Mumbai,
3445,2025-01-01,Monthly,299,Mumbai,
3446,2025-01-01,Monthly,299,Pune,2025-02-01
3447,2025-01-01,Annual,2499,Bengaluru,
3448,2025-01-01,Monthly,299,Hyderabad,2026-01-01
3449,2025-01-01,Monthly,299,Delhi,2025-02-01
3450,2025-01-01,Monthly,299,Chennai,2025-10-01
3451,2025-01-01,Monthly,299,Bengaluru,2025-02-01
3452,2025-01-01,Monthly,299,Chennai,2025-02-01
3453,2025-01-01,Monthly,299,Ahmedabad,2025-05-01
3454,2025-01-01,Monthly,299,Hyderabad,2025-04-01
3455,2025-01-01,Monthly,299,Bengaluru,
3456,2025-01-01,Monthly,299,Kolkata,
3457,2025-01-01,Monthly,299,Hyderabad,2025-02-01
3458,2025-01-01,Annual,2499,Delhi,
3459,2025-01-01,Monthly,299,Bengaluru,2025-11-01
3460,2025-01-01,Monthly,299,Chennai,2025-11-01
3461,2025-01-01,Monthly,299,Bengaluru,2025-02-01
3462,2025-01-01,Monthly,299,Jaipur,2025-03-01
3463,2025-01-01,Annual,2499,Patna,2026-06-01
3464,2025-01-01,Annual,2499,Ahmedabad,2025-12-01
3465,2025-01-01,Monthly,299,Hyderabad,2025-05-01
3466,2025-01-01,Monthly,299,Pune,
3467,2025-01-01,Monthly,299,Kolkata,2025-02-01
3468,2025-01-01,Monthly,299,Ahmedabad,2025-04-01
3469,2025-01-01,Monthly,299,Hyderabad,
3470,2025-01-01,Monthly,299,Ahmedabad,2025-02-01
3471,2025-01-01,Monthly,299,Kolkata,2025-07-01
3472,2025-01-01,Monthly,299,Bengaluru,2025-08-01
3473,2025-01-01,Annual,2499,Hyderabad,2025-08-01
3474,2025-01-01,Annual,2499,Kolkata,2026-04-01
3475,2025-01-01,Annual,2499,Patna,2025-12-01
3476,2025-01-01,Monthly,299,Delhi,
3477,2025-01-01,Monthly,299,Ahmedabad,2025-03-01
3478,2025-01-01,Monthly,299,Ahmedabad,
3479,2025-01-01,Monthly,299,Hyderabad,
3480,2025-01-01,Monthly,299,Chennai,2025-02-01
3481,2025-01-01,Monthly,299,Kolkata,
3482,2025-01-01,Monthly,299,Ahmedabad,2025-02-01
3483,2025-01-01,Annual,2499,Jaipur,
3484,2025-01-01,Monthly,299,Hyderabad,
3485,2025-01-01,Monthly,299,,2025-03-01
3486,2025-01-01,Monthly,299,Chennai,2025-03-01
3487,2025-01-01,Monthly,299,Hyderabad,2025-03-01
3488,2025-01-01,Annual,2499,Delhi,
3489,2025-01-01,Monthly,299,Mumbai,2026-08-01
3490,2025-01-01,Annual,2499,Ahmedabad,
3491,2025-01-01,Monthly,299,Kolkata,
3492,2025-01-01,Monthly,299,Delhi,2025-08-01
3493,2025-01-01,Annual,2499,Bengaluru,
3494,2025-01-01,Monthly,299,,2025-04-01
3495,2025-01-01,Annual,2499,Kolkata,
3496,2025-01-01,Monthly,299,Chennai,2025-05-01
3497,2025-01-01,Annual,2499,Pune,
3498,2025-01-01,Annual,2499,Bengaluru,
3499,2025-01-01,Monthly,299,Ahmedabad,2025-10-01
3500,2025-01-01,Monthly,299,Mumbai,2025-08-01
3501,2025-01-01,Monthly,299,Hyderabad,2026-08-01
3502,2025-01-01,Annual,2499,Pune,
3503,2025-01-01,Annual,2499,Hyderabad,
3504,2025-01-01,Monthly,299,Delhi,
3505,2025-01-01,Annual,2499,Jaipur,2025-12-01
3506,2025-01-01,Monthly,299,Pune,2025-02-01
3507,2025-01-01,Monthly,299,Kolkata,2025-03-01
3508,2025-01-01,Annual,2499,Hyderabad,2025-02-01
3509,2025-01-01,Monthly,299,Delhi,2025-02-01
3510,2025-01-01,Monthly,299,Delhi,2026-05-01
3511,2025-01-01,Monthly,299,Mumbai,
3512,2025-01-01,Monthly,299,Delhi,2025-12-01
3513,2025-01-01,Monthly,299,Bengaluru,2025-05-01
3514,2025-01-01,Monthly,299,Pune,2025-07-01
3515,2025-01-01,Annual,2499,Bengaluru,
3516,2025-01-01,Annual,2499,Pune,2026-02-01
3517,2025-01-01,Monthly,299,Chennai,2025-03-01
3518,2025-01-01,Monthly,299,Ahmedabad,2025-03-01
3519,2025-01-01,Monthly,299,Patna,
3520,2025-01-01,Monthly,299,Chennai,2025-07-01
3521,2025-01-01,Monthly,299,Kolkata,2025-02-01
3522,2025-01-01,Monthly,299,Kolkata,
3523,2025-01-01,Annual,2499,Mumbai,
3524,2025-01-01,Annual,2499,Hyderabad,
3525,2025-01-01,Monthly,299,Patna,2025-02-01
3526,2025-01-01,Monthly,299,Bengaluru,2026-02-01
3527,2025-01-01,Annual,2499,Pune,
3528,2025-01-01,Monthly,299,Mumbai,2026-07-01
3529,2025-01-01,Annual,2499,Patna,
3530,2025-01-01,Monthly,299,Delhi,
3531,2025-01-01,Annual,2499,Mumbai,
3532,2025-01-01,Annual,2499,Kolkata,2026-06-01
3533,2025-01-01,Annual,2499,Patna,2025-11-01
3534,2025-01-01,Annual,2499,Bengaluru,2025-04-01
3535,2025-01-01,Annual,2499,Delhi,
3536,2025-01-01,Monthly,299,Kolkata,2025-04-01
3537,2025-01-01,Monthly,299,Patna,2025-09-01
3538,2025-01-01,Annual,2499,Delhi,
3539,2025-01-01,Annual,2499,Mumbai,
3540,2025-01-01,Annual,2499,Patna,2025-11-01
3541,2025-01-01,Annual,2499,Jaipur,
3542,2025-01-01,Monthly,299,Pune,
3543,2025-01-01,Monthly,299,Pune,2025-02-01
3544,2025-01-01,Monthly,299,Pune,2025-02-01
3545,2025-01-01,Monthly,299,Bengaluru,
3546,2025-01-01,Monthly,299,Pune,2026-05-01
3547,2025-01-01,Monthly,299,Patna,2025-05-01
3548,2025-01-01,Annual,2499,Jaipur,
3549,2025-01-01,Annual,2499,Chennai,2025-04-01
3550,2025-01-01,Monthly,299,Mumbai,
3551,2025-01-01,Monthly,299,Jaipur,
3552,2025-01-01,Monthly,299,Hyderabad,2025-06-01
3553,2025-01-01,Monthly,299,Hyderabad,2025-07-01
3554,2025-01-01,Annual,2499,,
3555,2025-01-01,Annual,2499,Kolkata,
3556,2025-01-01,Monthly,299,Patna,2025-05-01
3557,2025-01-01,Monthly,299,Bengaluru,2025-05-01
3558,2025-01-01,Monthly,299,Hyderabad,2025-03-01
3559,2025-01-01,Annual,2499,Jaipur,
3560,2025-01-01,Monthly,299,Patna,
3561,2025-01-01,Monthly,299,Patna,
3562,2025-01-01,Annual,2499,Chennai,
3563,2025-01-01,Monthly,299,Bengaluru,2026-03-01
3564,2025-01-01,Monthly,299,Mumbai,2025-03-01
3565,2025-01-01,Monthly,299,Bengaluru,
3566,2025-01-01,Monthly,299,Bengaluru,2025-02-01
3567,2025-01-01,Annual,2499,Bengaluru,
3568,2025-01-01,Monthly,299,Patna,2025-10-01
3569,2025-01-01,Monthly,299,Pune,2025-09-01
3570,2025-01-01,Monthly,299,Patna,2026-07-01
3571,2025-01-01,Annual,2499,Bengaluru,
3572,2025-01-01,Monthly,299,Delhi,2026-02-01
3573,2025-01-01,Annual,2499,Chennai,
3574,2025-01-01,Annual,2499,Ahmedabad,
3575,2025-01-01,Monthly,299,Chennai,2025-11-01
3576,2025-01-01,Annual,2499,Delhi,
3577,2025-01-01,Monthly,299,Chennai,
3578,2025-01-01,Monthly,299,Jaipur,
3579,2025-01-01,Monthly,299,Kolkata,2026-07-01
3580,2025-01-01,Monthly,299,Bengaluru,2025-04-01
3581,2025-01-01,Monthly,299,Ahmedabad,2025-04-01
3582,2025-01-01,Monthly,299,Bengaluru,2026-08-01
3583,2025-01-01,Monthly,299,Pune,2025-11-01
3584,2025-01-01,Monthly,299,Mumbai,2025-08-01
3585,2025-01-01,Monthly,299,Hyderabad,2025-03-01
3586,2025-01-01,Monthly,299,Pune,
3587,2025-01-01,Annual,2499,Patna,
3588,2025-01-01,Annual,2499,Kolkata,
3589,2025-01-01,Monthly,299,Mumbai,2025-05-01
3590,2025-01-01,Annual,2499,Pune,2025-09-01
3591,2025-01-01,Annual,2499,Hyderabad,
3592,2025-01-01,Monthly,299,Delhi,2025-02-01
3593,2025-01-01,Monthly,299,Hyderabad,2026-03-01
3594,2025-01-01,Monthly,299,Kolkata,2026-03-01
3595,2025-01-01,Monthly,299,Mumbai,2025-02-01
3596,2025-01-01,Monthly,299,Hyderabad,
3597,2025-01-01,Annual,2499,Delhi,2025-07-01
3598,2025-01-01,Annual,2499,Delhi,
3599,2025-01-01,Annual,2499,Hyderabad,
3600,2025-01-01,Monthly,299,Bengaluru,2025-04-01
3601,2025-01-01,Annual,2499,Ahmedabad,
3602,2025-01-01,Monthly,299,Pune,2025-06-01
3603,2025-01-01,Annual,2499,Chennai,2026-02-01
3604,2025-01-01,Annual,2499,Hyderabad,
3605,2025-01-01,Annual,2499,Pune,
3606,2025-01-01,Monthly,299,Pune,2025-02-01
3607,2025-01-01,Monthly,299,Ahmedabad,2025-07-01
3608,2025-01-01,Monthly,299,Ahmedabad,2025-11-01
3609,2025-01-01,Monthly,299,Hyderabad,
3610,2025-01-01,Monthly,299,Delhi,2026-02-01
3611,2025-01-01,Monthly,299,Jaipur,2026-05-01
3612,2025-01-01,Monthly,299,Kolkata,2026-07-01
3613,2025-01-01,Monthly,299,Delhi,
3614,2025-01-01,Annual,2499,Bengaluru,
3615,2025-01-01,Annual,2499,Kolkata,2025-02-01
3616,2025-01-01,Monthly,299,Pune,2025-06-01
3617,2025-01-01,Monthly,299,Kolkata,2025-06-01
3618,2025-01-01,Monthly,299,Chennai,2025-03-01
3619,2025-01-01,Monthly,299,Chennai,2025-02-01
3620,2025-01-01,Monthly,299,Patna,2025-03-01
3621,2025-01-01,Monthly,299,Kolkata,2026-01-01
3622,2025-01-01,Monthly,299,Bengaluru,
3623,2025-01-01,Annual,2499,Mumbai,2025-05-01
3624,2025-01-01,Monthly,299,Pune,2025-05-01
3625,2025-01-01,Monthly,299,Jaipur,
3626,2025-01-01,Annual,2499,Kolkata,
3627,2025-01-01,Annual,2499,Mumbai,2025-03-01
3628,2025-01-01,Monthly,299,Mumbai,
3629,2025-01-01,Annual,2499,Mumbai,
3630,2025-01-01,Monthly,299,Delhi,2025-02-01
3631,2025-01-01,Monthly,299,Bengaluru,2025-12-01
3632,2025-01-01,Annual,2499,Hyderabad,
3633,2025-01-01,Monthly,299,Hyderabad,2025-03-01
3634,2025-01-01,Annual,2499,Chennai,2025-04-01
3635,2025-01-01,Monthly,299,Hyderabad,2026-08-01
3636,2025-01-01,Annual,2499,Chennai,2025-12-01
3637,2025-01-01,Monthly,299,Ahmedabad,2025-04-01
3638,2025-01-01,Monthly,299,Kolkata,
3639,2025-01-01,Annual,2499,Patna,
3640,2025-01-01,Annual,2499,Ahmedabad,2026-06-01
3641,2025-01-01,Monthly,299,Mumbai,2025-05-01
3642,2025-01-01,Monthly,299,Pune,
3643,2025-01-01,Annual,2499,Pune,2025-06-01
3644,2025-01-01,Annual,2499,Delhi,
3645,2025-01-01,Monthly,299,Ahmedabad,2025-05-01
3646,2025-01-01,Monthly,299,Kolkata,2026-02-01
3647,2025-01-01,Monthly,299,Ahmedabad,2025-06-01
3648,2025-01-01,Monthly,299,Jaipur,2025-04-01
3649,2025-01-01,Annual,2499,Patna,
3650,2025-01-01,Monthly,299,Bengaluru,2025-04-01
3651,2025-01-01,Annual,2499,Kolkata,
3652,2025-01-01,Annual,2499,Delhi,
3653,2025-01-01,Annual,2499,Kolkata,
3654,2025-01-01,Monthly,299,Bengaluru,2025-10-01
3655,2025-01-01,Annual,2499,Patna,2025-10-01
3656,2025-01-01,Monthly,299,Delhi,2025-09-01
3657,2025-01-01,Monthly,299,Hyderabad,
3658,2025-01-01,Annual,2499,Chennai,
3659,2025-01-01,Monthly,299,Delhi,2025-03-01
3660,2025-01-01,Monthly,299,Delhi,2025-10-01
3661,2025-01-01,Monthly,299,Mumbai,2025-11-01
3662,2025-01-01,Annual,2499,Bengaluru,2025-11-01
3663,2025-01-01,Monthly,299,Ahmedabad,2025-12-01
3664,2025-01-01,Annual,2499,Delhi,
3665,2025-01-01,Monthly,299,Kolkata,
3666,2025-01-01,Monthly,299,Mumbai,
3667,2025-01-01,Monthly,299,Delhi,2025-12-01
3668,2025-01-01,Annual,2499,Mumbai,
3669,2025-01-01,Monthly,299,Jaipur,2025-02-01
3670,2025-01-01,Annual,2499,Delhi,
3671,2025-01-01,Monthly,299,Pune,
3672,2025-01-01,Monthly,299,Hyderabad,
3673,2025-01-01,Monthly,299,Patna,2025-04-01
3674,2025-01-01,Monthly,299,Jaipur,2025-07-01
3675,2025-01-01,Annual,2499,Delhi,
3676,2025-01-01,Monthly,299,Jaipur,2026-07-01
3677,2025-01-01,Monthly,299,Bengaluru,
3678,2025-01-01,Annual,2499,Patna,
3679,2025-01-01,Annual,2499,Delhi,
3680,2025-01-01,Annual,2499,Bengaluru,
3681,2025-01-01,Annual,2499,Delhi,
3682,2025-01-01,Annual,2499,Kolkata,
3683,2025-01-01,Monthly,299,Patna,2025-05-01
3684,2025-01-01,Monthly,299,Mumbai,2026-05-01
3685,2025-01-01,Monthly,299,Patna,
3686,2025-01-01,Annual,2499,Ahmedabad,
3687,2025-01-01,Annual,2499,Pune,
3688,2025-01-01,Monthly,299,Mumbai,
3689,2025-01-01,Monthly,299,Bengaluru,
3690,2025-01-01,Monthly,299,Kolkata,
3691,2025-01-01,Monthly,299,Pune,2026-06-01
3692,2025-01-01,Annual,2499,,2025-06-01
3693,2025-01-01,Annual,2499,Chennai,
3694,2025-01-01,Monthly,299,Hyderabad,
3695,2025-01-01,Monthly,299,Delhi,
3696,2025-01-01,Monthly,299,Chennai,2025-02-01
3697,2025-01-01,Monthly,299,Kolkata,
3698,2025-01-01,Monthly,299,Delhi,2025-06-01
3699,2025-01-01,Monthly,299,Jaipur,
3700,2025-01-01,Annual,2499,Chennai,
3701,2025-01-01,Monthly,299,Mumbai,2026-07-01
3702,2025-01-01,Monthly,299,Ahmedabad,2026-01-01
3703,2025-01-01,Monthly,299,Jaipur,2026-02-01
3704,2025-01-01,Monthly,299,Kolkata,2025-02-01
3705,2025-01-01,Monthly,299,Jaipur,2026-06-01
3706,2025-01-01,Monthly,299,Kolkata,2025-10-01
3707,2025-01-01,Monthly,299,Ahmedabad,
3708,2025-01-01,Monthly,299,Kolkata,2025-03-01
3709,2025-01-01,Annual,2499,Pune,
3710,2025-01-01,Monthly,299,Delhi,2025-04-01
3711,2025-01-01,Annual,2499,Pune,
3712,2025-01-01,Annual,2499,Hyderabad,
3713,2025-01-01,Annual,2499,Kolkata,
3714,2025-01-01,Monthly,299,Ahmedabad,2026-04-01
3715,2025-01-01,Monthly,299,Bengaluru,2025-11-01
3716,2025-01-01,Monthly,299,Mumbai,2025-08-01
3717,2025-01-01,Monthly,299,Ahmedabad,
3718,2025-01-01,Monthly,299,Jaipur,
3719,2025-01-01,Monthly,299,Jaipur,2025-07-01
3720,2025-01-01,Monthly,299,Mumbai,2025-10-01
3721,2025-01-01,Monthly,299,Mumbai,
3722,2025-01-01,Monthly,299,Mumbai,
3723,2025-01-01,Monthly,299,Pune,
3724,2025-01-01,Monthly,299,Pune,2026-01-01
3725,2025-01-01,Monthly,299,Kolkata,2026-08-01
3726,2025-01-01,Annual,2499,Ahmedabad,
3727,2025-01-01,Annual,2499,Bengaluru,
3728,2025-01-01,Monthly,299,Chennai,2025-06-01
3729,2025-01-01,Annual,2499,Bengaluru,
3730,2025-01-01,Annual,2499,Mumbai,
3731,2025-01-01,Monthly,299,Jaipur,
3732,2025-01-01,Annual,2499,Delhi,
3733,2025-01-01,Monthly,299,Ahmedabad,2025-11-01
3734,2025-01-01,Monthly,299,Hyderabad,2025-05-01
3735,2025-01-01,Annual,2499,Delhi,2025-02-01
3736,2025-01-01,Monthly,299,Kolkata,2025-07-01
3737,2025-01-01,Monthly,299,Jaipur,2025-02-01
3738,2025-01-01,Monthly,299,Jaipur,2025-06-01
3739,2025-01-01,Annual,2499,Bengaluru,2026-07-01
3740,2025-01-01,Monthly,299,Delhi,2025-12-01
3741,2025-01-01,Annual,2499,Bengaluru,
3742,2025-01-01,Monthly,299,Ahmedabad,2026-08-01
3743,2025-01-01,Monthly,299,Pune,
3744,2025-01-01,Monthly,299,,
3745,2025-01-01,Monthly,299,Chennai,2025-11-01
3746,2025-01-01,Annual,2499,Hyderabad,2025-10-01
3747,2025-01-01,Monthly,299,Ahmedabad,2025-02-01
3748,2025-01-01,Monthly,299,Pune,2026-02-01
3749,2025-01-01,Monthly,299,Chennai,2025-06-01
3750,2025-01-01,Monthly,299,Mumbai,2025-02-01
3751,2025-01-01,Annual,2499,Patna,2025-02-01
3752,2025-01-01,Annual,2499,Pune,
3753,2025-01-01,Monthly,299,Bengaluru,2025-10-01
3754,2025-01-01,Monthly,299,Bengaluru,2025-04-01
3755,2025-01-01,Monthly,299,Pune,2026-05-01
3756,2025-01-01,Monthly,299,Jaipur,
3757,2025-01-01,Monthly,299,Chennai,2026-08-01
3758,2025-01-01,Monthly,299,Jaipur,2025-06-01
3759,2025-01-01,Monthly,299,Ahmedabad,
3760,2025-01-01,Monthly,299,Pune,
3761,2025-01-01,Monthly,299,Jaipur,
3762,2025-01-01,Annual,2499,Delhi,
3763,2025-01-01,Monthly,299,Delhi,2025-02-01
3764,2025-01-01,Monthly,299,Kolkata,
3765,2025-01-01,Monthly,299,Mumbai,2025-08-01
3766,2025-01-01,Monthly,299,Mumbai,
3767,2025-01-01,Annual,2499,Patna,2025-07-01
3768,2025-01-01,Monthly,299,Kolkata,
3769,2025-01-01,Annual,2499,Delhi,2026-06-01
3770,2025-01-01,Annual,2499,Ahmedabad,
3771,2025-01-01,Monthly,299,Mumbai,
3772,2025-01-01,Monthly,299,Pune,2026-08-01
3773,2025-01-01,Monthly,299,Ahmedabad,2026-01-01
3774,2025-01-01,Annual,2499,Bengaluru,
3775,2025-01-01,Monthly,299,Pune,2026-05-01
3776,2025-01-01,Monthly,299,Delhi,2025-04-01
3777,2025-01-01,Monthly,299,Ahmedabad,2025-08-01
3778,2025-01-01,Monthly,299,Ahmedabad,2026-04-01
3779,2025-01-01,Monthly,299,Kolkata,
3780,2025-01-01,Monthly,299,Mumbai,2025-10-01
3781,2025-01-01,Monthly,299,Ahmedabad,2026-08-01
3782,2025-01-01,Monthly,299,Patna,2025-09-01
3783,2025-01-01,Monthly,299,Kolkata,
3784,2025-01-01,Monthly,299,Mumbai,2025-02-01
3785,2025-01-01,Monthly,299,Mumbai,2026-08-01
3786,2025-01-01,Monthly,299,Jaipur,2026-06-01
3787,2025-01-01,Monthly,299,Chennai,2025-04-01
3788,2025-01-01,Monthly,299,Pune,
3789,2025-01-01,Annual,2499,Pune,
3790,2025-01-01,Monthly,299,Bengaluru,
3791,2025-01-01,Monthly,299,Ahmedabad,2025-02-01
3792,2025-01-01,Monthly,299,Patna,2025-10-01
3793,2025-01-01,Monthly,299,Delhi,2025-03-01
3794,2025-01-01,Annual,2499,Hyderabad,
3795,2025-01-01,Monthly,299,Mumbai,2025-04-01
3796,2025-01-01,Annual,2499,Pune,2025-02-01
3797,2025-01-01,Monthly,299,Pune,2026-06-01
3798,2025-01-01,Annual,2499,Ahmedabad,
3799,2025-01-01,Monthly,299,Hyderabad,2025-03-01
3800,2025-01-01,Monthly,299,Mumbai,2025-04-01
3801,2025-01-01,Monthly,299,Patna,2025-11-01
3802,2025-01-01,Annual,2499,Patna,
3803,2025-01-01,Monthly,299,Ahmedabad,2025-06-01
3804,2025-01-01,Monthly,299,Ahmedabad,2025-04-01
3805,2025-01-01,Monthly,299,Ahmedabad,
3806,2025-01-01,Monthly,299,Ahmedabad,2025-04-01
3807,2025-01-01,Annual,2499,Ahmedabad,
3808,2025-01-01,Monthly,299,Ahmedabad,2026-07-01
3809,2025-01-01,Annual,2499,Delhi,
3810,2025-01-01,Monthly,299,Mumbai,
3811,2025-01-01,Annual,2499,Delhi,2026-03-01
3812,2025-01-01,Annual,2499,Hyderabad,
3813,2025-01-01,Annual,2499,Pune,
3814,2025-01-01,Annual,2499,Ahmedabad,
3815,2025-01-01,Monthly,299,Hyderabad,2025-02-01
3816,2025-01-01,Annual,2499,Patna,
3817,2025-01-01,Monthly,299,Delhi,2026-08-01
3818,2025-01-01,Annual,2499,Chennai,
3819,2025-01-01,Annual,2499,Jaipur,
3820,2025-01-01,Monthly,299,Pune,
3821,2025-01-01,Monthly,299,Chennai,2025-05-01
3822,2025-01-01,Annual,2499,Chennai,2025-09-01
3823,2025-01-01,Monthly,299,Patna,
3824,2025-01-01,Monthly,299,Kolkata,
3825,2025-01-01,Monthly,299,Patna,2026-04-01
3826,2025-01-01,Monthly,299,Mumbai,
3827,2025-01-01,Monthly,299,Jaipur,2025-11-01
3828,2025-01-01,Monthly,299,Chennai,2025-04-01
3829,2025-01-01,Monthly,299,Kolkata,2025-03-01
3830,2025-01-01,Monthly,299,Patna,2025-02-01
3831,2025-01-01,Monthly,299,,
3832,2025-01-01,Monthly,299,Ahmedabad,2025-03-01
3833,2025-01-01,Monthly,299,Ahmedabad,2025-04-01
3834,2025-01-01,Monthly,299,Mumbai,
3835,2025-02-01,Monthly,299,Pune,
3836,2025-02-01,Monthly,299,Pune,2025-08-01
3837,2025-02-01,Annual,2499,Bengaluru,
3838,2025-02-01,Monthly,299,Mumbai,2025-05-01
3839,2025-02-01,Monthly,299,Pune,
3840,2025-02-01,Monthly,299,Delhi,
3841,2025-02-01,Monthly,299,Mumbai,2026-05-01
3842,2025-02-01,Annual,2499,Mumbai,
3843,2025-02-01,Monthly,299,Chennai,2026-03-01
3844,2025-02-01,Monthly,299,Hyderabad,2025-03-01
3845,2025-02-01,Annual,2499,Delhi,
3846,2025-02-01,Monthly,299,Kolkata,
3847,2025-02-01,Monthly,299,Jaipur,2025-04-01
3848,2025-02-01,Monthly,299,Patna,
3849,2025-02-01,Monthly,299,Jaipur,2025-09-01
3850,2025-02-01,Monthly,299,Delhi,2025-08-01
3851,2025-02-01,Annual,2499,Chennai,
3852,2025-02-01,Monthly,299,Hyderabad,
3853,2025-02-01,Annual,2499,Jaipur,
3854,2025-02-01,Annual,2499,Hyderabad,2025-03-01
3855,2025-02-01,Monthly,299,Bengaluru,2025-03-01
3856,2025-02-01,Monthly,299,Hyderabad,2025-07-01
3857,2025-02-01,Monthly,299,Delhi,2025-08-01
3858,2025-02-01,Monthly,299,Kolkata,2025-05-01
3859,2025-02-01,Monthly,299,Patna,
3860,2025-02-01,Monthly,299,Delhi,2025-06-01
3861,2025-02-01,Monthly,299,Patna,
3862,2025-02-01,Monthly,299,Chennai,2026-02-01
3863,2025-02-01,Monthly,299,Chennai,2025-04-01
3864,2025-02-01,Monthly,299,Ahmedabad,2025-08-01
3865,2025-02-01,Monthly,299,Jaipur,
3866,2025-02-01,Monthly,299,Delhi,2026-03-01
3867,2025-02-01,Monthly,299,Hyderabad,2026-02-01
3868,2025-02-01,Monthly,299,Bengaluru,
3869,2025-02-01,Annual,2499,Pune,2026-04-01
3870,2025-02-01,Monthly,299,Mumbai,
3871,2025-02-01,Annual,2499,Ahmedabad,
3872,2025-02-01,Monthly,299,Jaipur,
3873,2025-02-01,Monthly,299,Kolkata,2026-05-01
3874,2025-02-01,Monthly,299,Jaipur,2025-05-01
3875,2025-02-01,Monthly,299,Patna,2025-07-01
3876,2025-02-01,Monthly,299,Kolkata,
3877,2025-02-01,Annual,2499,Bengaluru,
3878,2025-02-01,Monthly,299,Jaipur,2025-12-01
3879,2025-02-01,Monthly,299,Hyderabad,2026-02-01
3880,2025-02-01,Annual,2499,Jaipur,
3881,2025-02-01,Monthly,299,Delhi,2025-07-01
3882,2025-02-01,Monthly,299,Bengaluru,2025-03-01
3883,2025-02-01,Monthly,299,Pune,
3884,2025-02-01,Monthly,299,Hyderabad,2025-05-01
3885,2025-02-01,Annual,2499,Kolkata,
3886,2025-02-01,Monthly,299,Patna,2025-05-01
3887,2025-02-01,Annual,2499,Ahmedabad,
3888,2025-02-01,Annual,2499,Kolkata,
3889,2025-02-01,Annual,2499,Jaipur,
3890,2025-02-01,Monthly,299,Jaipur,2025-12-01
3891,2025-02-01,Annual,2499,Ahmedabad,
3892,2025-02-01,Monthly,299,Delhi,2026-05-01
3893,2025-02-01,Monthly,299,Ahmedabad,2025-12-01
3894,2025-02-01,Annual,2499,Kolkata,
3895,2025-02-01,Monthly,299,Pune,
3896,2025-02-01,Annual,2499,Bengaluru,
3897,2025-02-01,Monthly,299,Pune,2025-03-01
3898,2025-02-01,Monthly,299,Ahmedabad,2026-01-01
3899,2025-02-01,Monthly,299,Pune,2025-05-01
3900,2025-02-01,Monthly,299,Chennai,
3901,2025-02-01,Monthly,299,Jaipur,2025-03-01
3902,2025-02-01,Annual,2499,Jaipur,
3903,2025-02-01,Monthly,299,Bengaluru,2026-04-01
3904,2025-02-01,Annual,2499,Mumbai,
3905,2025-02-01,Monthly,299,Bengaluru,2025-05-01
3906,2025-02-01,Monthly,299,Chennai,2025-03-01
3907,2025-02-01,Monthly,299,Pune,
3908,2025-02-01,Monthly,299,Jaipur,2026-06-01
3909,2025-02-01,Annual,2499,Patna,
3910,2025-02-01,Monthly,299,Chennai,2025-08-01
3911,2025-02-01,Annual,2499,Mumbai,
3912,2025-02-01,Annual,2499,Hyderabad,2025-05-01
3913,2025-02-01,Monthly,299,Patna,2025-04-01
3914,2025-02-01,Monthly,299,Mumbai,2025-04-01
3915,2025-02-01,Monthly,299,Chennai,2025-07-01
3916,2025-02-01,Annual,2499,Jaipur,
3917,2025-02-01,Monthly,299,Ahmedabad,2025-06-01
3918,2025-02-01,Monthly,299,Kolkata,2025-12-01
3919,2025-02-01,Monthly,299,Delhi,
3920,2025-02-01,Monthly,299,Delhi,2026-04-01
3921,2025-02-01,Monthly,299,Mumbai,
3922,2025-02-01,Monthly,299,Ahmedabad,2025-07-01
3923,2025-02-01,Monthly,299,Delhi,
3924,2025-02-01,Monthly,299,Hyderabad,2025-03-01
3925,2025-02-01,Monthly,299,Kolkata,2025-04-01
3926,2025-02-01,Monthly,299,Patna,2026-01-01
3927,2025-02-01,Annual,2499,Chennai,
3928,2025-02-01,Monthly,299,Chennai,
3929,2025-02-01,Annual,2499,Pune,
3930,2025-02-01,Monthly,299,Hyderabad,2025-10-01
3931,2025-02-01,Monthly,299,Hyderabad,
3932,2025-02-01,Monthly,299,Hyderabad,
3933,2025-02-01,Annual,2499,Mumbai,
3934,2025-02-01,Annual,2499,Mumbai,
3935,2025-02-01,Annual,2499,,
3936,2025-02-01,Monthly,299,Chennai,2025-03-01
3937,2025-02-01,Monthly,299,Pune,2025-03-01
3938,2025-02-01,Monthly,299,Jaipur,2025-10-01
3939,2025-02-01,Monthly,299,Kolkata,
3940,2025-02-01,Monthly,299,Bengaluru,
3941,2025-02-01,Annual,2499,Kolkata,
3942,2025-02-01,Monthly,299,Jaipur,
3943,2025-02-01,Monthly,299,Kolkata,2025-04-01
3944,2025-02-01,Monthly,299,Jaipur,2025-04-01
3945,2025-02-01,Annual,2499,Bengaluru,2026-07-01
3946,2025-02-01,Monthly,299,Kolkata,2025-03-01
3947,2025-02-01,Monthly,299,Jaipur,2025-09-01
3948,2025-02-01,Monthly,299,Ahmedabad,
3949,2025-02-01,Monthly,299,Delhi,
3950,2025-02-01,Monthly,299,Hyderabad,2025-03-01
3951,2025-02-01,Monthly,299,Delhi,
3952,2025-02-01,Monthly,299,Delhi,2026-01-01
3953,2025-02-01,Monthly,299,Jaipur,2025-05-01
3954,2025-02-01,Monthly,299,Kolkata,2025-06-01
3955,2025-02-01,Annual,2499,Kolkata,
3956,2025-02-01,Annual,2499,Delhi,
3957,2025-02-01,Annual,2499,Delhi,
3958,2025-02-01,Monthly,299,Hyderabad,
3959,2025-02-01,Monthly,299,Ahmedabad,
3960,2025-02-01,Monthly,299,Mumbai,2025-11-01
3961,2025-02-01,Monthly,299,Bengaluru,
3962,2025-02-01,Annual,2499,Delhi,
3963,2025-02-01,Monthly,299,Jaipur,
3964,2025-02-01,Monthly,299,Bengaluru,2025-03-01
3965,2025-02-01,Annual,2499,Delhi,
3966,2025-02-01,Annual,2499,Kolkata,
3967,2025-02-01,Monthly,299,Pune,
3968,2025-02-01,Monthly,299,Patna,
3969,2025-02-01,Monthly,299,Kolkata,2025-06-01
3970,2025-02-01,Annual,2499,Pune,2025-03-01
3971,2025-02-01,Monthly,299,Kolkata,2026-07-01
3972,2025-02-01,Monthly,299,Kolkata,
3973,2025-02-01,Annual,2499,Patna,
3974,2025-02-01,Monthly,299,Ahmedabad,
3975,2025-02-01,Monthly,299,Mumbai,
3976,2025-02-01,Annual,2499,Hyderabad,2025-11-01
3977,2025-02-01,Monthly,299,Mumbai,2026-02-01
3978,2025-02-01,Annual,2499,Hyderabad,2025-03-01
3979,2025-02-01,Monthly,299,Patna,2025-11-01
3980,2025-02-01,Monthly,299,Ahmedabad,2025-03-01
3981,2025-02-01,Monthly,299,Delhi,2026-02-01
3982,2025-02-01,Monthly,299,Bengaluru,2025-03-01
3983,2025-02-01,Monthly,299,,2025-08-01
3984,2025-02-01,Monthly,299,Mumbai,2025-03-01
3985,2025-02-01,Monthly,299,Bengaluru,2025-04-01
3986,2025-02-01,Monthly,299,Kolkata,2026-08-01
3987,2025-02-01,Annual,2499,Pune,
3988,2025-02-01,Monthly,299,Jaipur,
3989,2025-02-01,Monthly,299,Chennai,2025-10-01
3990,2025-02-01,Monthly,299,Bengaluru,
3991,2025-02-01,Monthly,299,Jaipur,2025-09-01
3992,2025-02-01,Annual,2499,Patna,
3993,2025-02-01,Monthly,299,Patna,2025-03-01
3994,2025-02-01,Monthly,299,Delhi,
3995,2025-02-01,Monthly,299,Hyderabad,
3996,2025-02-01,Annual,2499,Jaipur,
3997,2025-02-01,Monthly,299,Kolkata,
3998,2025-02-01,Annual,2499,Ahmedabad,2026-03-01
3999,2025-02-01,Monthly,299,Kolkata,2025-03-01
4000,2025-02-01,Monthly,299,Ahmedabad,
4001,2025-02-01,Monthly,299,Pune,2026-02-01
4002,2025-02-01,Monthly,299,Bengaluru,2025-07-01
4003,2025-02-01,Monthly,299,Jaipur,2026-01-01
4004,2025-02-01,Monthly,299,Ahmedabad,2025-10-01
4005,2025-02-01,Monthly,299,Chennai,2025-12-01
4006,2025-02-01,Monthly,299,Pune,2025-07-01
4007,2025-02-01,Monthly,299,Chennai,2025-03-01
4008,2025-02-01,Annual,2499,Chennai,
4009,2025-02-01,Monthly,299,Patna,2025-12-01
4010,2025-02-01,Monthly,299,Delhi,2025-07-01
4011,2025-02-01,Annual,2499,Jaipur,
4012,2025-02-01,Monthly,299,Jaipur,
4013,2025-02-01,Monthly,299,Jaipur,2025-12-01
4014,2025-02-01,Annual,2499,Pune,
4015,2025-02-01,Monthly,299,Jaipur,2025-07-01
4016,2025-02-01,Monthly,299,Bengaluru,2025-10-01
4017,2025-02-01,Annual,2499,Ahmedabad,
4018,2025-02-01,Monthly,299,Hyderabad,2025-03-01
4019,2025-02-01,Annual,2499,Bengaluru,
4020,2025-02-01,Annual,2499,Chennai,
4021,2025-02-01,Monthly,299,Mumbai,2026-07-01
4022,2025-02-01,Monthly,299,Jaipur,2026-01-01
4023,2025-02-01,Annual,2499,Jaipur,
4024,2025-02-01,Monthly,299,Jaipur,2025-07-01
4025,2025-02-01,Monthly,299,Hyderabad,2025-11-01
4026,2025-02-01,Monthly,299,Kolkata,
4027,2025-02-01,Annual,2499,Hyderabad,
4028,2025-02-01,Monthly,299,Bengaluru,2025-03-01
4029,2025-02-01,Monthly,299,Bengaluru,2025-07-01
4030,2025-02-01,Annual,2499,Delhi,
4031,2025-02-01,Monthly,299,Delhi,
4032,2025-02-01,Monthly,299,Patna,2025-03-01
4033,2025-02-01,Monthly,299,Hyderabad,
4034,2025-02-01,Monthly,299,Mumbai,2026-01-01
4035,2025-02-01,Monthly,299,Delhi,2025-12-01
4036,2025-02-01,Monthly,299,Ahmedabad,2025-05-01
4037,2025-02-01,Monthly,299,Hyderabad,2025-06-01
4038,2025-02-01,Annual,2499,Pune,
4039,2025-02-01,Monthly,299,Patna,2025-10-01
4040,2025-02-01,Monthly,299,Chennai,2025-03-01
4041,2025-02-01,Monthly,299,Bengaluru,
4042,2025-02-01,Annual,2499,Ahmedabad,
4043,2025-02-01,Monthly,299,Bengaluru,
4044,2025-02-01,Monthly,299,Patna,2025-03-01
4045,2025-02-01,Monthly,299,Jaipur,2025-12-01
4046,2025-02-01,Monthly,299,Kolkata,2025-06-01
4047,2025-02-01,Monthly,299,Bengaluru,2026-05-01
4048,2025-02-01,Monthly,299,Jaipur,
4049,2025-02-01,Monthly,299,Delhi,
4050,2025-02-01,Monthly,299,Jaipur,
4051,2025-02-01,Annual,2499,Ahmedabad,
4052,2025-02-01,Annual,2499,Pune,
4053,2025-02-01,Monthly,299,Kolkata,2025-10-01
4054,2025-02-01,Monthly,299,Chennai,2026-03-01
4055,2025-02-01,Annual,2499,Jaipur,
4056,2025-02-01,Annual,2499,Mumbai,
4057,2025-02-01,Monthly,299,Pune,2025-03-01
4058,2025-02-01,Monthly,299,Bengaluru,2025-06-01
4059,2025-02-01,Annual,2499,Mumbai,2025-05-01
4060,2025-02-01,Monthly,299,,2025-05-01
4061,2025-02-01,Annual,2499,Pune,2026-05-01
4062,2025-02-01,Annual,2499,Patna,2025-06-01
4063,2025-02-01,Annual,2499,Hyderabad,
4064,2025-02-01,Annual,2499,Bengaluru,
4065,2025-02-01,Monthly,299,Jaipur,2025-05-01
4066,2025-02-01,Monthly,299,Delhi,2026-04-01
4067,2025-02-01,Monthly,299,Mumbai,2025-12-01
4068,2025-02-01,Monthly,299,Hyderabad,2025-12-01
4069,2025-02-01,Annual,2499,Delhi,
4070,2025-02-01,Monthly,299,Kolkata,
4071,2025-02-01,Monthly,299,Bengaluru,
4072,2025-02-01,Monthly,299,Delhi,2025-11-01
4073,2025-02-01,Monthly,299,Ahmedabad,
4074,2025-02-01,Annual,2499,Hyderabad,
4075,2025-02-01,Annual,2499,Jaipur,
4076,2025-02-01,Monthly,299,Ahmedabad,2025-03-01
4077,2025-02-01,Monthly,299,Ahmedabad,2025-03-01
4078,2025-02-01,Monthly,299,Mumbai,
4079,2025-02-01,Annual,2499,Ahmedabad,
4080,2025-02-01,Monthly,299,Ahmedabad,2025-10-01
4081,2025-02-01,Monthly,299,Kolkata,2025-05-01
4082,2025-02-01,Monthly,299,Chennai,2025-10-01
4083,2025-02-01,Monthly,299,Pune,
4084,2025-02-01,Monthly,299,Pune,
4085,2025-02-01,Monthly,299,Chennai,2025-10-01
4086,2025-02-01,Monthly,299,Bengaluru,2025-06-01
4087,2025-02-01,Annual,2499,Mumbai,2025-05-01
4088,2025-02-01,Monthly,299,Delhi,2025-05-01
4089,2025-02-01,Annual,2499,Kolkata,
4090,2025-02-01,Annual,2499,Bengaluru,
4091,2025-02-01,Monthly,299,Patna,
4092,2025-02-01,Annual,2499,Delhi,2025-03-01
4093,2025-02-01,Annual,2499,Pune,
4094,2025-02-01,Annual,2499,Hyderabad,
4095,2025-02-01,Monthly,299,Mumbai,2026-05-01
4096,2025-02-01,Annual,2499,Hyderabad,
4097,2025-02-01,Monthly,299,Ahmedabad,2025-12-01
4098,2025-02-01,Monthly,299,Delhi,2025-06-01
4099,2025-02-01,Monthly,299,Mumbai,2025-07-01
4100,2025-02-01,Monthly,299,Pune,2025-08-01
4101,2025-02-01,Annual,2499,Delhi,
4102,2025-02-01,Monthly,299,Hyderabad,2025-12-01
4103,2025-02-01,Monthly,299,Hyderabad,
4104,2025-02-01,Monthly,299,Delhi,2025-05-01
4105,2025-02-01,Annual,2499,Pune,
4106,2025-02-01,Monthly,299,Jaipur,2025-05-01
4107,2025-02-01,Monthly,299,Delhi,
4108,2025-02-01,Annual,2499,Ahmedabad,
4109,2025-02-01,Monthly,299,Ahmedabad,2025-04-01
4110,2025-02-01,Annual,2499,Jaipur,
4111,2025-02-01,Monthly,299,Chennai,2026-08-01
4112,2025-02-01,Annual,2499,Mumbai,
4113,2025-02-01,Monthly,299,Patna,
4114,2025-02-01,Annual,2499,Chennai,2026-01-01
4115,2025-02-01,Monthly,299,Pune,
4116,2025-02-01,Monthly,299,Hyderabad,2026-08-01
4117,2025-02-01,Monthly,299,Chennai,
4118,2025-02-01,Monthly,299,Delhi,
4119,2025-02-01,Monthly,299,Patna,2026-04-01
4120,2025-02-01,Annual,2499,Pune,
4121,2025-02-01,Monthly,299,Kolkata,2025-04-01
4122,2025-02-01,Monthly,299,Ahmedabad,
4123,2025-02-01,Monthly,299,Jaipur,2025-03-01
4124,2025-02-01,Monthly,299,Bengaluru,
4125,2025-02-01,Monthly,299,Kolkata,
4126,2025-02-01,Monthly,299,Hyderabad,2025-03-01
4127,2025-02-01,Monthly,299,Patna,
4128,2025-02-01,Annual,2499,Ahmedabad,
4129,2025-02-01,Monthly,299,Patna,
4130,2025-02-01,Annual,2499,Delhi,
4131,2025-02-01,Annual,2499,Mumbai,
4132,2025-02-01,Monthly,299,Chennai,2025-03-01
4133,2025-02-01,Annual,2499,Patna,
4134,2025-02-01,Monthly,299,Jaipur,2025-04-01
4135,2025-02-01,Monthly,299,Hyderabad,2025-05-01
4136,2025-02-01,Annual,2499,Pune,2025-11-01
4137,2025-02-01,Annual,2499,Delhi,2025-07-01
4138,2025-02-01,Monthly,299,Mumbai,2025-05-01
4139,2025-02-01,Monthly,299,Mumbai,2026-01-01
4140,2025-02-01,Monthly,299,Bengaluru,2025-06-01
4141,2025-02-01,Monthly,299,Pune,2025-06-01
4142,2025-02-01,Monthly,299,Kolkata,
4143,2025-02-01,Annual,2499,Patna,
4144,2025-02-01,Annual,2499,Kolkata,
4145,2025-02-01,Monthly,299,Patna,2025-05-01
4146,2025-02-01,Monthly,299,Kolkata,2026-03-01
4147,2025-02-01,Monthly,299,Patna,2025-03-01
4148,2025-02-01,Monthly,299,Patna,2026-06-01
4149,2025-02-01,Monthly,299,Jaipur,2026-02-01
4150,2025-02-01,Monthly,299,Pune,2025-10-01
4151,2025-02-01,Monthly,299,Pune,2025-03-01
4152,2025-02-01,Monthly,299,Kolkata,2025-11-01
4153,2025-02-01,Monthly,299,Pune,
4154,2025-02-01,Monthly,299,Delhi,2025-05-01
4155,2025-02-01,Monthly,299,Delhi,2025-07-01
4156,2025-02-01,Monthly,299,Chennai,
4157,2025-02-01,Monthly,299,Delhi,2025-05-01
4158,2025-02-01,Annual,2499,Delhi,2025-04-01
4159,2025-02-01,Monthly,299,Kolkata,2025-10-01
4160,2025-02-01,Monthly,299,Kolkata,2025-04-01
4161,2025-02-01,Monthly,299,Mumbai,
4162,2025-02-01,Monthly,299,Kolkata,2025-04-01
4163,2025-02-01,Monthly,299,Bengaluru,2025-04-01
4164,2025-02-01,Monthly,299,Mumbai,2026-07-01
4165,2025-02-01,Monthly,299,Jaipur,2025-06-01
4166,2025-02-01,Monthly,299,Delhi,
4167,2025-02-01,Monthly,299,Kolkata,2025-03-01
4168,2025-02-01,Annual,2499,Jaipur,
4169,2025-02-01,Monthly,299,Delhi,2025-04-01
4170,2025-02-01,Monthly,299,Patna,2025-03-01
4171,2025-02-01,Annual,2499,Jaipur,
4172,2025-02-01,Monthly,299,Hyderabad,2025-08-01
4173,2025-02-01,Monthly,299,Patna,
4174,2025-02-01,Annual,2499,Mumbai,2025-07-01
4175,2025-02-01,Monthly,299,Mumbai,2025-08-01
4176,2025-02-01,Monthly,299,Kolkata,2025-04-01
4177,2025-02-01,Annual,2499,Bengaluru,
4178,2025-02-01,Monthly,299,Bengaluru,2025-03-01
4179,2025-02-01,Annual,2499,Ahmedabad,2026-08-01
4180,2025-02-01,Monthly,299,Mumbai,2025-04-01
4181,2025-02-01,Annual,2499,Pune,
4182,2025-02-01,Annual,2499,Chennai,
4183,2025-02-01,Annual,2499,Ahmedabad,2026-05-01
4184,2025-02-01,Monthly,299,Ahmedabad,
4185,2025-02-01,Annual,2499,Ahmedabad,
4186,2025-02-01,Monthly,299,Delhi,2025-05-01
4187,2025-02-01,Monthly,299,Hyderabad,2025-10-01
4188,2025-02-01,Monthly,299,Hyderabad,2025-04-01
4189,2025-02-01,Monthly,299,Ahmedabad,
4190,2025-02-01,Annual,2499,Patna,2025-03-01
4191,2025-02-01,Monthly,299,Patna,2025-10-01
4192,2025-02-01,Annual,2499,Delhi,
4193,2025-02-01,Monthly,299,Hyderabad,2026-08-01
4194,2025-02-01,Monthly,299,Ahmedabad,2025-11-01
4195,2025-02-01,Monthly,299,Pune,
4196,2025-02-01,Monthly,299,Bengaluru,2026-05-01
4197,2025-02-01,Monthly,299,Chennai,2025-04-01
4198,2025-02-01,Monthly,299,Chennai,2025-04-01
4199,2025-02-01,Monthly,299,Pune,
4200,2025-02-01,Monthly,299,Bengaluru,2025-03-01
4201,2025-02-01,Monthly,299,Jaipur,2026-07-01
4202,2025-02-01,Monthly,299,Bengaluru,
4203,2025-02-01,Annual,2499,Pune,2026-06-01
4204,2025-02-01,Monthly,299,Kolkata,2025-03-01
4205,2025-02-01,Monthly,299,Patna,
4206,2025-02-01,Monthly,299,Bengaluru,2025-06-01
4207,2025-02-01,Monthly,299,Chennai,2025-12-01
4208,2025-02-01,Monthly,299,Delhi,2025-04-01
4209,2025-02-01,Monthly,299,Jaipur,2025-03-01
4210,2025-02-01,Monthly,299,Hyderabad,
4211,2025-02-01,Monthly,299,Bengaluru,2025-11-01
4212,2025-02-01,Monthly,299,Mumbai,2025-04-01
4213,2025-02-01,Monthly,299,Kolkata,2025-07-01
4214,2025-02-01,Monthly,299,Kolkata,2025-07-01
4215,2025-02-01,Monthly,299,Hyderabad,
4216,2025-02-01,Monthly,299,Pune,
4217,2025-02-01,Annual,2499,Patna,
4218,2025-02-01,Monthly,299,Jaipur,2025-03-01
4219,2025-02-01,Monthly,299,Chennai,2025-03-01
4220,2025-02-01,Monthly,299,Pune,2026-02-01
4221,2025-02-01,Monthly,299,Ahmedabad,2025-03-01
4222,2025-02-01,Monthly,299,Chennai,2025-05-01
4223,2025-02-01,Monthly,299,Hyderabad,
4224,2025-02-01,Annual,2499,Pune,
4225,2025-02-01,Monthly,299,Kolkata,2025-05-01
4226,2025-02-01,Monthly,299,Ahmedabad,
4227,2025-02-01,Monthly,299,Chennai,2026-01-01
4228,2025-02-01,Monthly,299,Jaipur,2025-12-01
4229,2025-02-01,Monthly,299,Hyderabad,
4230,2025-02-01,Monthly,299,Mumbai,2026-03-01
4231,2025-02-01,Annual,2499,Mumbai,
4232,2025-02-01,Monthly,299,Mumbai,2025-03-01
4233,2025-02-01,Monthly,299,Hyderabad,2025-07-01
4234,2025-02-01,Annual,2499,Jaipur,
4235,2025-02-01,Monthly,299,Pune,2025-04-01
4236,2025-02-01,Monthly,299,Chennai,
4237,2025-02-01,Monthly,299,Patna,2025-05-01
4238,2025-02-01,Monthly,299,Hyderabad,2025-04-01
4239,2025-02-01,Monthly,299,Pune,
4240,2025-02-01,Monthly,299,Hyderabad,
4241,2025-02-01,Monthly,299,Chennai,2026-01-01
4242,2025-02-01,Monthly,299,Hyderabad,
4243,2025-02-01,Monthly,299,Hyderabad,
4244,2025-02-01,Monthly,299,Chennai,2026-08-01
4245,2025-02-01,Monthly,299,Patna,2025-12-01
4246,2025-02-01,Monthly,299,Kolkata,2025-10-01
4247,2025-02-01,Annual,2499,Kolkata,2026-01-01
4248,2025-02-01,Monthly,299,Jaipur,2025-10-01
4249,2025-02-01,Monthly,299,Pune,2025-03-01
4250,2025-02-01,Monthly,299,Ahmedabad,2025-04-01
4251,2025-02-01,Annual,2499,Hyderabad,
4252,2025-02-01,Annual,2499,Mumbai,
4253,2025-02-01,Annual,2499,Chennai,2026-05-01
4254,2025-02-01,Annual,2499,Bengaluru,
4255,2025-02-01,Monthly,299,Patna,2025-11-01
4256,2025-02-01,Annual,2499,Hyderabad,2026-03-01
4257,2025-02-01,Monthly,299,Kolkata,2025-04-01
4258,2025-02-01,Annual,2499,Jaipur,
4259,2025-03-01,Monthly,299,Delhi,2025-04-01
4260,2025-03-01,Monthly,299,Chennai,2026-01-01
4261,2025-03-01,Monthly,299,Chennai,2025-07-01
4262,2025-03-01,Monthly,299,Hyderabad,
4263,2025-03-01,Monthly,299,Ahmedabad,2026-08-01
4264,2025-03-01,Annual,2499,Jaipur,
4265,2025-03-01,Monthly,299,Kolkata,
4266,2025-03-01,Monthly,299,Hyderabad,
4267,2025-03-01,Monthly,299,Ahmedabad,
4268,2025-03-01,Monthly,299,Hyderabad,2025-06-01
4269,2025-03-01,Monthly,299,Mumbai,2026-06-01
4270,2025-03-01,Monthly,299,Bengaluru,
4271,2025-03-01,Annual,2499,Pune,
4272,2025-03-01,Monthly,299,Chennai,2025-04-01
4273,2025-03-01,Monthly,299,Kolkata,2025-04-01
4274,2025-03-01,Monthly,299,Bengaluru,2025-11-01
4275,2025-03-01,Annual,2499,Pune,
4276,2025-03-01,Monthly,299,Patna,
4277,2025-03-01,Monthly,299,Pune,2025-10-01
4278,2025-03-01,Monthly,299,Mumbai,2026-02-01
4279,2025-03-01,Monthly,299,Jaipur,
4280,2025-03-01,Monthly,299,Bengaluru,2025-04-01
4281,2025-03-01,Monthly,299,Delhi,2025-12-01
4282,2025-03-01,Annual,2499,Chennai,
4283,2025-03-01,Annual,2499,Patna,
4284,2025-03-01,Monthly,299,Patna,
4285,2025-03-01,Annual,2499,Bengaluru,
4286,2025-03-01,Annual,2499,Ahmedabad,
4287,2025-03-01,Annual,2499,Mumbai,
4288,2025-03-01,Monthly,299,Jaipur,2025-04-01
4289,2025-03-01,Monthly,299,Pune,
4290,2025-03-01,Monthly,299,Jaipur,2025-10-01
4291,2025-03-01,Monthly,299,Kolkata,2025-04-01
4292,2025-03-01,Annual,2499,Chennai,
4293,2025-03-01,Monthly,299,Kolkata,2026-01-01
4294,2025-03-01,Annual,2499,Jaipur,
4295,2025-03-01,Monthly,299,Mumbai,
4296,2025-03-01,Monthly,299,Chennai,2025-12-01
4297,2025-03-01,Monthly,299,Bengaluru,
4298,2025-03-01,Monthly,299,Chennai,2025-11-01
4299,2025-03-01,Monthly,299,Hyderabad,2025-08-01
4300,2025-03-01,Annual,2499,Hyderabad,
4301,2025-03-01,Monthly,299,Mumbai,
4302,2025-03-01,Annual,2499,Hyderabad,
4303,2025-03-01,Monthly,299,Ahmedabad,2026-08-01
4304,2025-03-01,Monthly,299,Pune,
4305,2025-03-01,Monthly,299,Patna,2026-02-01
4306,2025-03-01,Monthly,299,,2025-04-01
4307,2025-03-01,Monthly,299,Chennai,2025-07-01
4308,2025-03-01,Monthly,299,Mumbai,
4309,2025-03-01,Monthly,299,Kolkata,2025-11-01
4310,2025-03-01,Annual,2499,Chennai,2026-08-01
4311,2025-03-01,Monthly,299,Mumbai,2025-11-01
4312,2025-03-01,Monthly,299,Bengaluru,2026-04-01
4313,2025-03-01,Monthly,299,Pune,2025-04-01
4314,2025-03-01,Monthly,299,Bengaluru,2026-06-01
4315,2025-03-01,Monthly,299,Bengaluru,2025-05-01
4316,2025-03-01,Monthly,299,Chennai,2025-04-01
4317,2025-03-01,Monthly,299,Mumbai,2025-08-01
4318,2025-03-01,Monthly,299,Kolkata,
4319,2025-03-01,Monthly,299,Jaipur,2025-11-01
4320,2025-03-01,Monthly,299,Delhi,
4321,2025-03-01,Monthly,299,Chennai,
4322,2025-03-01,Monthly,299,Chennai,
4323,2025-03-01,Monthly,299,Mumbai,2026-05-01
4324,2025-03-01,Annual,2499,Hyderabad,
4325,2025-03-01,Monthly,299,Chennai,2025-04-01
4326,2025-03-01,Monthly,299,Hyderabad,2025-04-01
4327,2025-03-01,Annual,2499,Hyderabad,
4328,2025-03-01,Annual,2499,Jaipur,
4329,2025-03-01,Monthly,299,Chennai,2026-02-01
4330,2025-03-01,Annual,2499,Hyderabad,
4331,2025-03-01,Monthly,299,Pune,2025-04-01
4332,2025-03-01,Monthly,299,Hyderabad,2026-08-01
4333,2025-03-01,Monthly,299,Pune,
4334,2025-03-01,Annual,2499,Delhi,
4335,2025-03-01,Monthly,299,Jaipur,2025-11-01
4336,2025-03-01,Annual,2499,Kolkata,
4337,2025-03-01,Monthly,299,Ahmedabad,2025-06-01
4338,2025-03-01,Annual,2499,Ahmedabad,
4339,2025-03-01,Annual,2499,Kolkata,
4340,2025-03-01,Monthly,299,Hyderabad,2025-07-01
4341,2025-03-01,Monthly,299,Hyderabad,2025-06-01
4342,2025-03-01,Monthly,299,Patna,2025-04-01
4343,2025-03-01,Monthly,299,Delhi,2025-06-01
4344,2025-03-01,Annual,2499,Kolkata,
4345,2025-03-01,Monthly,299,Hyderabad,2025-11-01
4346,2025-03-01,Annual,2499,Ahmedabad,
4347,2025-03-01,Monthly,299,Mumbai,
4348,2025-03-01,Monthly,299,Bengaluru,
4349,2025-03-01,Monthly,299,Patna,2025-11-01
4350,2025-03-01,Monthly,299,Bengaluru,2025-04-01
4351,2025-03-01,Monthly,299,Ahmedabad,2025-06-01
4352,2025-03-01,Annual,2499,Hyderabad,
4353,2025-03-01,Annual,2499,Pune,2026-06-01
4354,2025-03-01,Monthly,299,Chennai,2025-06-01
4355,2025-03-01,Annual,2499,Mumbai,
4356,2025-03-01,Monthly,299,Chennai,2026-04-01
4357,2025-03-01,Annual,2499,,
4358,2025-03-01,Monthly,299,Bengaluru,2025-08-01
4359,2025-03-01,Monthly,299,Jaipur,
4360,2025-03-01,Monthly,299,Ahmedabad,
4361,2025-03-01,Monthly,299,Jaipur,2025-05-01
4362,2025-03-01,Annual,2499,Bengaluru,
4363,2025-03-01,Monthly,299,Kolkata,
4364,2025-03-01,Monthly,299,Ahmedabad,2026-03-01
4365,2025-03-01,Monthly,299,Pune,
4366,2025-03-01,Monthly,299,Delhi,2025-04-01
4367,2025-03-01,Monthly,299,Kolkata,
4368,2025-03-01,Annual,2499,Chennai,
4369,2025-03-01,Annual,2499,Patna,
4370,2025-03-01,Annual,2499,Delhi,
4371,2025-03-01,Monthly,299,Jaipur,2025-06-01
4372,2025-03-01,Monthly,299,Pune,2025-04-01
4373,2025-03-01,Annual,2499,Kolkata,
4374,2025-03-01,Annual,2499,Kolkata,
4375,2025-03-01,Monthly,299,Chennai,2025-06-01
4376,2025-03-01,Annual,2499,Ahmedabad,
4377,2025-03-01,Monthly,299,Mumbai,2026-08-01
4378,2025-03-01,Annual,2499,Hyderabad,2025-07-01
4379,2025-03-01,Monthly,299,Chennai,2025-10-01
4380,2025-03-01,Monthly,299,Jaipur,2025-06-01
4381,2025-03-01,Monthly,299,Ahmedabad,
4382,2025-03-01,Monthly,299,Hyderabad,
4383,2025-03-01,Monthly,299,,2025-04-01
4384,2025-03-01,Monthly,299,Jaipur,
4385,2025-03-01,Annual,2499,Pune,
4386,2025-03-01,Annual,2499,Bengaluru,
4387,2025-03-01,Monthly,299,Hyderabad,2025-06-01
4388,2025-03-01,Annual,2499,Delhi,
4389,2025-03-01,Monthly,299,Chennai,
4390,2025-03-01,Monthly,299,Hyderabad,2025-04-01
4391,2025-03-01,Monthly,299,Bengaluru,2025-05-01
4392,2025-03-01,Monthly,299,Pune,2026-03-01
4393,2025-03-01,Annual,2499,Patna,
4394,2025-03-01,Monthly,299,Delhi,2025-06-01
4395,2025-03-01,Annual,2499,Jaipur,
4396,2025-03-01,Monthly,299,Hyderabad,2025-05-01
4397,2025-03-01,Monthly,299,Delhi,2025-08-01
4398,2025-03-01,Monthly,299,Jaipur,
4399,2025-03-01,Annual,2499,Bengaluru,
4400,2025-03-01,Monthly,299,Hyderabad,2025-08-01
4401,2025-03-01,Monthly,299,Ahmedabad,2025-04-01
4402,2025-03-01,Monthly,299,Chennai,
4403,2025-03-01,Monthly,299,Bengaluru,2025-07-01
4404,2025-03-01,Monthly,299,Bengaluru,2025-06-01
4405,2025-03-01,Monthly,299,Delhi,
4406,2025-03-01,Monthly,299,Hyderabad,2026-08-01
4407,2025-03-01,Monthly,299,Ahmedabad,2025-04-01
4408,2025-03-01,Monthly,299,Pune,2026-07-01
4409,2025-03-01,Annual,2499,Ahmedabad,
4410,2025-03-01,Annual,2499,Jaipur,
4411,2025-03-01,Annual,2499,Jaipur,2025-04-01
4412,2025-03-01,Monthly,299,Jaipur,
4413,2025-03-01,Monthly,299,Hyderabad,2025-05-01
4414,2025-03-01,Monthly,299,Jaipur,2025-04-01
4415,2025-03-01,Monthly,299,Bengaluru,
4416,2025-03-01,Monthly,299,Bengaluru,2025-06-01
4417,2025-03-01,Monthly,299,Ahmedabad,2025-05-01
4418,2025-03-01,Annual,2499,Hyderabad,2026-02-01
4419,2025-03-01,Monthly,299,Delhi,2026-01-01
4420,2025-03-01,Monthly,299,Bengaluru,2025-04-01
4421,2025-03-01,Monthly,299,Bengaluru,2025-05-01
4422,2025-03-01,Monthly,299,Chennai,2025-07-01
4423,2025-03-01,Monthly,299,Patna,2025-04-01
4424,2025-03-01,Monthly,299,Kolkata,2025-11-01
4425,2025-03-01,Monthly,299,Mumbai,2025-10-01
4426,2025-03-01,Annual,2499,Jaipur,
4427,2025-03-01,Annual,2499,Bengaluru,
4428,2025-03-01,Monthly,299,Patna,2025-12-01
4429,2025-03-01,Annual,2499,Bengaluru,
4430,2025-03-01,Annual,2499,Hyderabad,2026-01-01
4431,2025-03-01,Monthly,299,Pune,2025-07-01
4432,2025-03-01,Monthly,299,Hyderabad,
4433,2025-03-01,Annual,2499,Delhi,
4434,2025-03-01,Monthly,299,Pune,2025-09-01
4435,2025-03-01,Monthly,299,Chennai,2025-10-01
4436,2025-03-01,Monthly,299,Jaipur,2026-06-01
4437,2025-03-01,Monthly,299,Kolkata,2026-02-01
4438,2025-03-01,Annual,2499,Ahmedabad,
4439,2025-03-01,Monthly,299,Mumbai,2026-04-01
4440,2025-03-01,Monthly,299,Mumbai,
4441,2025-03-01,Monthly,299,Chennai,2025-06-01
4442,2025-03-01,Annual,2499,Patna,
4443,2025-03-01,Annual,2499,Mumbai,
4444,2025-03-01,Monthly,299,Chennai,2025-05-01
4445,2025-03-01,Monthly,299,Delhi,
4446,2025-03-01,Annual,2499,Jaipur,
4447,2025-03-01,Annual,2499,Chennai,
4448,2025-03-01,Monthly,299,Delhi,2025-04-01
4449,2025-03-01,Annual,2499,Jaipur,2025-12-01
4450,2025-03-01,Monthly,299,Mumbai,2025-10-01
4451,2025-03-01,Monthly,299,Ahmedabad,2025-11-01
4452,2025-03-01,Annual,2499,Chennai,
4453,2025-03-01,Annual,2499,Mumbai,
4454,2025-03-01,Monthly,299,Chennai,
4455,2025-03-01,Monthly,299,Mumbai,2025-06-01
4456,2025-03-01,Annual,2499,Delhi,
4457,2025-03-01,Monthly,299,Patna,2025-05-01
4458,2025-03-01,Annual,2499,Mumbai,
4459,2025-03-01,Annual,2499,Mumbai,
4460,2025-03-01,Monthly,299,Pune,2025-05-01
4461,2025-03-01,Monthly,299,Chennai,
4462,2025-03-01,Monthly,299,Pune,
4463,2025-03-01,Monthly,299,Jaipur,2026-02-01
4464,2025-03-01,Annual,2499,Pune,
4465,2025-03-01,Annual,2499,Pune,2025-11-01
4466,2025-03-01,Annual,2499,Pune,
4467,2025-03-01,Monthly,299,Bengaluru,
4468,2025-03-01,Monthly,299,Mumbai,2025-09-01
4469,2025-03-01,Monthly,299,Bengaluru,
4470,2025-03-01,Monthly,299,Jaipur,
4471,2025-03-01,Monthly,299,Delhi,2025-09-01
4472,2025-03-01,Monthly,299,Mumbai,2025-10-01
4473,2025-03-01,Annual,2499,Kolkata,
4474,2025-03-01,Monthly,299,Kolkata,2026-07-01
4475,2025-03-01,Monthly,299,Mumbai,2025-10-01
4476,2025-03-01,Annual,2499,Chennai,
4477,2025-03-01,Monthly,299,Ahmedabad,
4478,2025-03-01,Monthly,299,Ahmedabad,2026-02-01
4479,2025-03-01,Annual,2499,Mumbai,
4480,2025-03-01,Monthly,299,Ahmedabad,2025-04-01
4481,2025-03-01,Monthly,299,Mumbai,2025-09-01
4482,2025-03-01,Annual,2499,,
4483,2025-03-01,Monthly,299,Mumbai,2026-08-01
4484,2025-03-01,Monthly,299,Kolkata,2026-02-01
4485,2025-03-01,Monthly,299,Bengaluru,2025-04-01
4486,2025-03-01,Monthly,299,Patna,2025-05-01
4487,2025-03-01,Monthly,299,Pune,2026-01-01
4488,2025-03-01,Annual,2499,Bengaluru,
4489,2025-03-01,Monthly,299,Chennai,2026-07-01
4490,2025-03-01,Annual,2499,Patna,
4491,2025-03-01,Monthly,299,Kolkata,2025-04-01
4492,2025-03-01,Annual,2499,Bengaluru,2025-09-01
4493,2025-03-01,Monthly,299,Mumbai,
4494,2025-03-01,Monthly,299,Bengaluru,
4495,2025-03-01,Monthly,299,Hyderabad,2025-09-01
4496,2025-03-01,Monthly,299,Bengaluru,2025-06-01
4497,2025-03-01,Monthly,299,Chennai,
4498,2025-03-01,Monthly,299,Jaipur,2025-12-01
4499,2025-03-01,Monthly,299,Patna,2025-08-01
4500,2025-03-01,Monthly,299,Patna,2026-07-01
4501,2025-03-01,Annual,2499,Bengaluru,2025-04-01
4502,2025-03-01,Monthly,299,Pune,2026-03-01
4503,2025-03-01,Annual,2499,Delhi,
4504,2025-03-01,Monthly,299,Kolkata,
4505,2025-03-01,Annual,2499,Ahmedabad,2025-12-01
4506,2025-03-01,Monthly,299,Kolkata,2025-07-01
4507,2025-03-01,Monthly,299,Hyderabad,2025-06-01
4508,2025-03-01,Monthly,299,Hyderabad,2025-09-01
4509,2025-03-01,Annual,2499,Bengaluru,
4510,2025-03-01,Monthly,299,Jaipur,2025-08-01
4511,2025-03-01,Monthly,299,Pune,2026-05-01
4512,2025-03-01,Monthly,299,Jaipur,
4513,2025-03-01,Monthly,299,Delhi,
4514,2025-03-01,Monthly,299,Mumbai,2025-05-01
4515,2025-03-01,Annual,2499,Bengaluru,2026-07-01
4516,2025-03-01,Monthly,299,Patna,2025-06-01
4517,2025-03-01,Monthly,299,Ahmedabad,
4518,2025-03-01,Monthly,299,Pune,2026-05-01
4519,2025-03-01,Annual,2499,Pune,
4520,2025-03-01,Monthly,299,Ahmedabad,2025-11-01
4521,2025-03-01,Annual,2499,Bengaluru,2025-04-01
4522,2025-03-01,Monthly,299,Jaipur,2025-07-01
4523,2025-03-01,Monthly,299,Kolkata,2025-07-01
4524,2025-03-01,Monthly,299,Bengaluru,
4525,2025-03-01,Monthly,299,Patna,
4526,2025-03-01,Monthly,299,Ahmedabad,2025-06-01
4527,2025-03-01,Monthly,299,Jaipur,2025-04-01
4528,2025-03-01,Annual,2499,Patna,
4529,2025-03-01,Monthly,299,Chennai,2026-05-01
4530,2025-03-01,Monthly,299,Hyderabad,2025-05-01
4531,2025-03-01,Annual,2499,Ahmedabad,2025-04-01
4532,2025-03-01,Monthly,299,Patna,2025-04-01
4533,2025-03-01,Monthly,299,Hyderabad,
4534,2025-03-01,Monthly,299,Delhi,2025-07-01
4535,2025-03-01,Monthly,299,Hyderabad,2026-04-01
4536,2025-03-01,Annual,2499,Chennai,
4537,2025-03-01,Monthly,299,Mumbai,
4538,2025-03-01,Annual,2499,Patna,2025-08-01
4539,2025-03-01,Monthly,299,Delhi,2025-09-01
4540,2025-03-01,Annual,2499,Kolkata,2025-06-01
4541,2025-03-01,Annual,2499,Delhi,
4542,2025-03-01,Annual,2499,Delhi,
4543,2025-03-01,Monthly,299,Delhi,2025-07-01
4544,2025-03-01,Monthly,299,Ahmedabad,
4545,2025-03-01,Monthly,299,Hyderabad,2025-04-01
4546,2025-03-01,Annual,2499,Ahmedabad,
4547,2025-03-01,Monthly,299,Bengaluru,2025-06-01
4548,2025-03-01,Monthly,299,Mumbai,2025-08-01
4549,2025-03-01,Monthly,299,Pune,2025-04-01
4550,2025-03-01,Monthly,299,Hyderabad,
4551,2025-03-01,Monthly,299,Bengaluru,
4552,2025-03-01,Monthly,299,Bengaluru,2026-02-01
4553,2025-03-01,Annual,2499,Hyderabad,
4554,2025-03-01,Annual,2499,Jaipur,
4555,2025-03-01,Monthly,299,Patna,2026-04-01
4556,2025-03-01,Monthly,299,Kolkata,2025-12-01
4557,2025-03-01,Annual,2499,Delhi,
4558,2025-03-01,Monthly,299,Ahmedabad,2025-05-01
4559,2025-03-01,Monthly,299,Patna,2025-08-01
4560,2025-03-01,Monthly,299,Pune,2026-01-01
4561,2025-03-01,Monthly,299,Jaipur,2025-05-01
4562,2025-03-01,Monthly,299,Delhi,2025-09-01
4563,2025-03-01,Monthly,299,Mumbai,2025-05-01
4564,2025-03-01,Monthly,299,Delhi,2025-05-01
4565,2025-03-01,Annual,2499,Kolkata,
4566,2025-03-01,Monthly,299,Ahmedabad,2026-02-01
4567,2025-03-01,Monthly,299,Chennai,2025-08-01
4568,2025-03-01,Annual,2499,Delhi,
4569,2025-03-01,Monthly,299,Bengaluru,
4570,2025-03-01,Annual,2499,Patna,
4571,2025-03-01,Monthly,299,Bengaluru,
4572,2025-03-01,Monthly,299,Bengaluru,2025-09-01
4573,2025-03-01,Monthly,299,Bengaluru,2025-11-01
4574,2025-03-01,Monthly,299,Kolkata,2025-10-01
4575,2025-03-01,Monthly,299,Hyderabad,2026-04-01
4576,2025-03-01,Annual,2499,Hyderabad,
4577,2025-03-01,Monthly,299,Jaipur,2026-02-01
4578,2025-03-01,Annual,2499,Kolkata,
4579,2025-03-01,Monthly,299,Chennai,2025-04-01
4580,2025-03-01,Monthly,299,Chennai,2025-04-01
4581,2025-03-01,Annual,2499,Hyderabad,
4582,2025-03-01,Monthly,299,Ahmedabad,2025-07-01
4583,2025-03-01,Monthly,299,Kolkata,
4584,2025-03-01,Monthly,299,Jaipur,
4585,2025-03-01,Monthly,299,Patna,
4586,2025-03-01,Monthly,299,Patna,2025-05-01
4587,2025-03-01,Annual,2499,Ahmedabad,2025-10-01
4588,2025-03-01,Monthly,299,Hyderabad,
4589,2025-03-01,Monthly,299,Delhi,2025-08-01
4590,2025-03-01,Annual,2499,,
4591,2025-03-01,Monthly,299,Chennai,2026-04-01
4592,2025-03-01,Monthly,299,Delhi,2025-04-01
4593,2025-03-01,Monthly,299,Jaipur,2025-04-01
4594,2025-03-01,Monthly,299,Bengaluru,
4595,2025-03-01,Monthly,299,Jaipur,2026-02-01
4596,2025-03-01,Monthly,299,Delhi,2025-06-01
4597,2025-03-01,Monthly,299,Hyderabad,2025-10-01
4598,2025-03-01,Monthly,299,Ahmedabad,2025-04-01
4599,2025-03-01,Monthly,299,Bengaluru,2026-05-01
4600,2025-03-01,Annual,2499,Chennai,
4601,2025-03-01,Monthly,299,Jaipur,2025-04-01
4602,2025-03-01,Monthly,299,Jaipur,
4603,2025-03-01,Annual,2499,Delhi,
4604,2025-03-01,Monthly,299,,2025-11-01
4605,2025-03-01,Monthly,299,Chennai,2025-04-01
4606,2025-03-01,Monthly,299,Ahmedabad,2025-05-01
4607,2025-03-01,Monthly,299,Bengaluru,2025-11-01
4608,2025-03-01,Monthly,299,Chennai,2025-12-01
4609,2025-03-01,Monthly,299,Pune,2025-05-01
4610,2025-03-01,Annual,2499,Patna,
4611,2025-03-01,Annual,2499,Pune,
4612,2025-03-01,Monthly,299,Delhi,
4613,2025-03-01,Monthly,299,Bengaluru,
4614,2025-03-01,Monthly,299,Jaipur,2025-09-01
4615,2025-03-01,Annual,2499,Hyderabad,2025-12-01
4616,2025-03-01,Monthly,299,Kolkata,2025-06-01
4617,2025-03-01,Monthly,299,Patna,
4618,2025-03-01,Monthly,299,Delhi,2026-07-01
4619,2025-03-01,Monthly,299,Delhi,2025-05-01
4620,2025-04-01,Monthly,299,Kolkata,2025-06-01
4621,2025-04-01,Monthly,299,Ahmedabad,2025-11-01
4622,2025-04-01,Monthly,299,Hyderabad,2025-12-01
4623,2025-04-01,Monthly,299,Patna,2026-03-01
4624,2025-04-01,Monthly,299,Patna,2025-07-01
4625,2025-04-01,Monthly,299,Patna,2026-06-01
4626,2025-04-01,Annual,2499,,2026-04-01
4627,2025-04-01,Monthly,299,Ahmedabad,2026-02-01
4628,2025-04-01,Monthly,299,Ahmedabad,2025-05-01
4629,2025-04-01,Annual,2499,Patna,
4630,2025-04-01,Monthly,299,Patna,2026-06-01
4631,2025-04-01,Monthly,299,Pune,
4632,2025-04-01,Monthly,299,Bengaluru,
4633,2025-04-01,Annual,2499,Ahmedabad,
4634,2025-04-01,Annual,2499,Patna,
4635,2025-04-01,Annual,2499,Jaipur,
4636,2025-04-01,Annual,2499,Pune,
4637,2025-04-01,Annual,2499,Mumbai,
4638,2025-04-01,Monthly,299,Hyderabad,2026-08-01
4639,2025-04-01,Annual,2499,Delhi,2025-09-01
4640,2025-04-01,Monthly,299,Jaipur,2025-10-01
4641,2025-04-01,Monthly,299,Kolkata,2026-03-01
4642,2025-04-01,Monthly,299,Jaipur,2025-05-01
4643,2025-04-01,Annual,2499,Mumbai,
4644,2025-04-01,Monthly,299,Hyderabad,
4645,2025-04-01,Monthly,299,Pune,
4646,2025-04-01,Monthly,299,Delhi,2025-11-01
4647,2025-04-01,Monthly,299,Mumbai,2026-08-01
4648,2025-04-01,Monthly,299,Ahmedabad,
4649,2025-04-01,Monthly,299,Delhi,2025-05-01
4650,2025-04-01,Monthly,299,Patna,
4651,2025-04-01,Annual,2499,Pune,
4652,2025-04-01,Annual,2499,Patna,2025-10-01
4653,2025-04-01,Monthly,299,Kolkata,2025-05-01
4654,2025-04-01,Monthly,299,Patna,2025-06-01
4655,2025-04-01,Monthly,299,Patna,2025-08-01
4656,2025-04-01,Monthly,299,Kolkata,2026-02-01
4657,2025-04-01,Monthly,299,Chennai,
4658,2025-04-01,Annual,2499,Jaipur,
4659,2025-04-01,Monthly,299,Delhi,
4660,2025-04-01,Monthly,299,Kolkata,2025-06-01
4661,2025-04-01,Monthly,299,Bengaluru,
4662,2025-04-01,Monthly,299,Ahmedabad,
4663,2025-04-01,Annual,2499,Pune,
4664,2025-04-01,Monthly,299,Bengaluru,
4665,2025-04-01,Monthly,299,Pune,2026-08-01
4666,2025-04-01,Monthly,299,Chennai,
4667,2025-04-01,Monthly,299,Hyderabad,
4668,2025-04-01,Monthly,299,Bengaluru,2026-07-01
4669,2025-04-01,Monthly,299,Pune,2025-10-01
4670,2025-04-01,Monthly,299,Pune,2025-07-01
4671,2025-04-01,Monthly,299,Jaipur,2026-04-01
4672,2025-04-01,Monthly,299,Chennai,2025-11-01
4673,2025-04-01,Annual,2499,Ahmedabad,
4674,2025-04-01,Annual,2499,Ahmedabad,
4675,2025-04-01,Monthly,299,Delhi,2025-05-01
4676,2025-04-01,Monthly,299,Delhi,
4677,2025-04-01,Monthly,299,Hyderabad,2025-11-01
4678,2025-04-01,Monthly,299,Jaipur,
4679,2025-04-01,Annual,2499,Delhi,2026-05-01
4680,2025-04-01,Monthly,299,Mumbai,2025-05-01
4681,2025-04-01,Monthly,299,Pune,2025-11-01
4682,2025-04-01,Annual,2499,Ahmedabad,
4683,2025-04-01,Annual,2499,Hyderabad,2025-05-01
4684,2025-04-01,Monthly,299,Kolkata,
4685,2025-04-01,Monthly,299,Jaipur,2025-08-01
4686,2025-04-01,Monthly,299,Pune,
4687,2025-04-01,Monthly,299,Delhi,2025-10-01
4688,2025-04-01,Monthly,299,Bengaluru,2026-07-01
4689,2025-04-01,Annual,2499,Chennai,
4690,2025-04-01,Monthly,299,Delhi,
4691,2025-04-01,Monthly,299,Chennai,
4692,2025-04-01,Monthly,299,Bengaluru,
4693,2025-04-01,Annual,2499,Mumbai,2026-06-01
4694,2025-04-01,Monthly,299,Hyderabad,2025-05-01
4695,2025-04-01,Monthly,299,Chennai,
4696,2025-04-01,Monthly,299,Bengaluru,
4697,2025-04-01,Monthly,299,Kolkata,
4698,2025-04-01,Annual,2499,Kolkata,
4699,2025-04-01,Monthly,299,Hyderabad,
4700,2025-04-01,Annual,2499,Pune,2025-05-01
4701,2025-04-01,Monthly,299,Mumbai,2025-06-01
4702,2025-04-01,Monthly,299,Patna,
4703,2025-04-01,Monthly,299,Delhi,2025-05-01
4704,2025-04-01,Annual,2499,Kolkata,
4705,2025-04-01,Monthly,299,Bengaluru,
4706,2025-04-01,Monthly,299,Mumbai,2025-05-01
4707,2025-04-01,Annual,2499,Hyderabad,
4708,2025-04-01,Monthly,299,Pune,
4709,2025-04-01,Monthly,299,Jaipur,2025-07-01
4710,2025-04-01,Monthly,299,Hyderabad,2025-08-01
4711,2025-04-01,Annual,2499,Kolkata,
4712,2025-04-01,Monthly,299,Patna,2025-12-01
4713,2025-04-01,Monthly,299,,
4714,2025-04-01,Monthly,299,Jaipur,2025-05-01
4715,2025-04-01,Annual,2499,Delhi,
4716,2025-04-01,Monthly,299,Delhi,
4717,2025-04-01,Annual,2499,Hyderabad,
4718,2025-04-01,Monthly,299,Pune,
4719,2025-04-01,Annual,2499,Ahmedabad,
4720,2025-04-01,Monthly,299,Ahmedabad,
4721,2025-04-01,Monthly,299,Jaipur,2025-12-01
4722,2025-04-01,Monthly,299,Ahmedabad,
4723,2025-04-01,Monthly,299,Delhi,
4724,2025-04-01,Annual,2499,Jaipur,
4725,2025-04-01,Monthly,299,Ahmedabad,
4726,2025-04-01,Monthly,299,Delhi,2025-06-01
4727,2025-04-01,Annual,2499,Delhi,
4728,2025-04-01,Annual,2499,Ahmedabad,2026-01-01
4729,2025-04-01,Annual,2499,Patna,
4730,2025-04-01,Annual,2499,Delhi,2025-12-01
4731,2025-04-01,Monthly,299,Pune,2025-08-01
4732,2025-04-01,Monthly,299,Kolkata,2025-10-01
4733,2025-04-01,Monthly,299,Delhi,
4734,2025-04-01,Monthly,299,Patna,2025-09-01
4735,2025-04-01,Monthly,299,Chennai,2026-01-01
4736,2025-04-01,Annual,2499,Mumbai,
4737,2025-04-01,Monthly,299,Kolkata,2025-08-01
4738,2025-04-01,Monthly,299,Delhi,2026-08-01
4739,2025-04-01,Monthly,299,,
4740,2025-04-01,Monthly,299,Pune,2026-07-01
4741,2025-04-01,Annual,2499,Kolkata,
4742,2025-04-01,Annual,2499,Kolkata,
4743,2025-04-01,Annual,2499,,
4744,2025-04-01,Monthly,299,Delhi,2025-08-01
4745,2025-04-01,Monthly,299,Patna,
4746,2025-04-01,Monthly,299,Ahmedabad,2025-05-01
4747,2025-04-01,Annual,2499,,
4748,2025-04-01,Monthly,299,Jaipur,2025-11-01
4749,2025-04-01,Monthly,299,Hyderabad,
4750,2025-04-01,Monthly,299,Hyderabad,2026-07-01
4751,2025-04-01,Monthly,299,Mumbai,2025-05-01
4752,2025-04-01,Monthly,299,Mumbai,2025-08-01
4753,2025-04-01,Annual,2499,Kolkata,
4754,2025-04-01,Monthly,299,Chennai,2025-05-01
4755,2025-04-01,Monthly,299,Hyderabad,
4756,2025-04-01,Monthly,299,Pune,
4757,2025-04-01,Monthly,299,,2025-05-01
4758,2025-04-01,Monthly,299,Kolkata,
4759,2025-04-01,Annual,2499,Chennai,
4760,2025-04-01,Annual,2499,Patna,
4761,2025-04-01,Monthly,299,Jaipur,2026-05-01
4762,2025-04-01,Monthly,299,Jaipur,2026-02-01
4763,2025-04-01,Monthly,299,Chennai,
4764,2025-04-01,Monthly,299,Delhi,2025-12-01
4765,2025-04-01,Monthly,299,Patna,2026-01-01
4766,2025-04-01,Monthly,299,Hyderabad,
4767,2025-04-01,Monthly,299,Hyderabad,2026-01-01
4768,2025-04-01,Monthly,299,Jaipur,
4769,2025-04-01,Annual,2499,Pune,
4770,2025-04-01,Monthly,299,Mumbai,2025-10-01
4771,2025-04-01,Monthly,299,Jaipur,2025-08-01
4772,2025-04-01,Monthly,299,Mumbai,2025-06-01
4773,2025-04-01,Monthly,299,Kolkata,2025-06-01
4774,2025-04-01,Monthly,299,Kolkata,
4775,2025-04-01,Monthly,299,Bengaluru,2025-06-01
4776,2025-04-01,Annual,2499,Patna,
4777,2025-04-01,Monthly,299,Kolkata,2026-01-01
4778,2025-04-01,Monthly,299,Bengaluru,2025-05-01
4779,2025-04-01,Monthly,299,Hyderabad,
4780,2025-04-01,Monthly,299,Chennai,
4781,2025-04-01,Annual,2499,Delhi,
4782,2025-04-01,Annual,2499,Pune,2026-08-01
4783,2025-04-01,Monthly,299,Jaipur,2025-06-01
4784,2025-04-01,Monthly,299,Ahmedabad,
4785,2025-04-01,Annual,2499,Ahmedabad,
4786,2025-04-01,Annual,2499,Ahmedabad,
4787,2025-04-01,Monthly,299,Ahmedabad,2026-03-01
4788,2025-04-01,Monthly,299,Delhi,2026-06-01
4789,2025-04-01,Monthly,299,Jaipur,2025-12-01
4790,2025-04-01,Monthly,299,Ahmedabad,2025-07-01
4791,2025-04-01,Monthly,299,Mumbai,2026-08-01
4792,2025-04-01,Monthly,299,Kolkata,2025-12-01
4793,2025-04-01,Monthly,299,Pune,
4794,2025-04-01,Annual,2499,Chennai,
4795,2025-04-01,Monthly,299,Ahmedabad,2025-12-01
4796,2025-04-01,Monthly,299,Patna,
4797,2025-04-01,Monthly,299,Chennai,2025-08-01
4798,2025-04-01,Monthly,299,,2026-03-01
4799,2025-04-01,Monthly,299,Jaipur,2025-06-01
4800,2025-04-01,Annual,2499,Patna,
4801,2025-04-01,Monthly,299,Mumbai,2025-10-01
4802,2025-04-01,Monthly,299,Ahmedabad,
4803,2025-04-01,Monthly,299,Kolkata,
4804,2025-04-01,Monthly,299,Mumbai,
4805,2025-04-01,Monthly,299,Mumbai,2026-04-01
4806,2025-04-01,Annual,2499,Mumbai,
4807,2025-04-01,Annual,2499,Patna,
4808,2025-04-01,Monthly,299,Bengaluru,2025-12-01
4809,2025-04-01,Monthly,299,Bengaluru,2026-07-01
4810,2025-04-01,Monthly,299,Delhi,2025-05-01
4811,2025-04-01,Monthly,299,,2026-07-01
4812,2025-04-01,Annual,2499,Bengaluru,
4813,2025-04-01,Monthly,299,Delhi,2025-06-01
4814,2025-04-01,Monthly,299,Pune,2025-12-01
4815,2025-04-01,Monthly,299,Ahmedabad,2025-05-01
4816,2025-04-01,Annual,2499,Ahmedabad,
4817,2025-04-01,Annual,2499,Mumbai,
4818,2025-04-01,Monthly,299,Pune,
4819,2025-04-01,Monthly,299,Delhi,2025-08-01
4820,2025-04-01,Annual,2499,Patna,2026-05-01
4821,2025-04-01,Monthly,299,Jaipur,2026-06-01
4822,2025-04-01,Monthly,299,Delhi,
4823,2025-04-01,Annual,2499,Hyderabad,2026-05-01
4824,2025-04-01,Annual,2499,Ahmedabad,2026-02-01
4825,2025-04-01,Monthly,299,Pune,
4826,2025-04-01,Monthly,299,Patna,
4827,2025-04-01,Monthly,299,Hyderabad,
4828,2025-04-01,Monthly,299,Bengaluru,
4829,2025-04-01,Annual,2499,Patna,
4830,2025-04-01,Annual,2499,Hyderabad,
4831,2025-04-01,Monthly,299,Chennai,2026-01-01
4832,2025-04-01,Monthly,299,Bengaluru,
4833,2025-04-01,Monthly,299,Hyderabad,2025-11-01
4834,2025-04-01,Monthly,299,Kolkata,2025-06-01
4835,2025-04-01,Annual,2499,Bengaluru,
4836,2025-04-01,Annual,2499,Hyderabad,
4837,2025-04-01,Monthly,299,Chennai,2025-05-01
4838,2025-04-01,Monthly,299,Pune,2026-07-01
4839,2025-04-01,Monthly,299,Delhi,2026-07-01
4840,2025-04-01,Monthly,299,Bengaluru,2025-07-01
4841,2025-04-01,Annual,2499,Patna,
4842,2025-04-01,Monthly,299,Hyderabad,
4843,2025-04-01,Monthly,299,Patna,2025-05-01
4844,2025-04-01,Monthly,299,Ahmedabad,2025-08-01
4845,2025-04-01,Monthly,299,Kolkata,2025-10-01
4846,2025-04-01,Monthly,299,Bengaluru,
4847,2025-04-01,Annual,2499,Ahmedabad,
4848,2025-04-01,Monthly,299,Bengaluru,
4849,2025-04-01,Annual,2499,Bengaluru,2026-07-01
4850,2025-04-01,Annual,2499,Mumbai,2026-06-01
4851,2025-04-01,Monthly,299,Ahmedabad,2025-08-01
4852,2025-04-01,Monthly,299,Chennai,2026-06-01
4853,2025-04-01,Monthly,299,Hyderabad,2025-12-01
4854,2025-04-01,Monthly,299,Hyderabad,
4855,2025-04-01,Annual,2499,Kolkata,
4856,2025-04-01,Monthly,299,Bengaluru,2025-07-01
4857,2025-04-01,Monthly,299,Bengaluru,2026-01-01
4858,2025-04-01,Annual,2499,Ahmedabad,
4859,2025-04-01,Monthly,299,Pune,2025-05-01
4860,2025-04-01,Monthly,299,Kolkata,2026-04-01
4861,2025-04-01,Monthly,299,Bengaluru,2025-05-01
4862,2025-04-01,Monthly,299,Pune,2026-06-01
4863,2025-04-01,Monthly,299,Delhi,2025-09-01
4864,2025-04-01,Annual,2499,Ahmedabad,
4865,2025-04-01,Annual,2499,Jaipur,
4866,2025-04-01,Monthly,299,Patna,
4867,2025-04-01,Monthly,299,Mumbai,2025-07-01
4868,2025-04-01,Annual,2499,Patna,
4869,2025-04-01,Monthly,299,Kolkata,2025-10-01
4870,2025-04-01,Monthly,299,Patna,2026-05-01
4871,2025-04-01,Monthly,299,Ahmedabad,
4872,2025-04-01,Monthly,299,Hyderabad,2025-05-01
4873,2025-04-01,Monthly,299,Ahmedabad,2026-07-01
4874,2025-04-01,Annual,2499,Pune,2025-10-01
4875,2025-04-01,Monthly,299,Mumbai,2025-07-01
4876,2025-04-01,Annual,2499,Jaipur,
4877,2025-04-01,Monthly,299,Mumbai,2025-06-01
4878,2025-04-01,Monthly,299,Jaipur,
4879,2025-04-01,Monthly,299,Kolkata,2025-09-01
4880,2025-04-01,Monthly,299,Bengaluru,2026-06-01
4881,2025-04-01,Annual,2499,Delhi,
4882,2025-04-01,Monthly,299,Ahmedabad,2026-02-01
4883,2025-04-01,Monthly,299,Ahmedabad,
4884,2025-04-01,Monthly,299,Patna,2026-03-01
4885,2025-04-01,Annual,2499,Jaipur,
4886,2025-04-01,Monthly,299,Ahmedabad,2025-07-01
4887,2025-04-01,Monthly,299,Ahmedabad,2025-07-01
4888,2025-04-01,Monthly,299,Delhi,2026-02-01
4889,2025-04-01,Monthly,299,Pune,2025-11-01
4890,2025-04-01,Annual,2499,Kolkata,2026-07-01
4891,2025-04-01,Monthly,299,Delhi,2025-09-01
4892,2025-04-01,Annual,2499,Hyderabad,
4893,2025-04-01,Monthly,299,Mumbai,2025-05-01
4894,2025-04-01,Annual,2499,Delhi,2026-03-01
4895,2025-04-01,Monthly,299,Ahmedabad,2025-06-01
4896,2025-04-01,Annual,2499,Mumbai,
4897,2025-04-01,Annual,2499,Chennai,2026-08-01
4898,2025-04-01,Monthly,299,Patna,
4899,2025-04-01,Monthly,299,Patna,
4900,2025-04-01,Monthly,299,Patna,2025-06-01
4901,2025-04-01,Monthly,299,Patna,2025-06-01
4902,2025-04-01,Monthly,299,Pune,2025-05-01
4903,2025-04-01,Monthly,299,Pune,2025-11-01
4904,2025-04-01,Monthly,299,Patna,2026-04-01
4905,2025-04-01,Monthly,299,Patna,
4906,2025-04-01,Monthly,299,,2026-05-01
4907,2025-04-01,Monthly,299,Pune,2026-05-01
4908,2025-04-01,Monthly,299,Hyderabad,2025-12-01
4909,2025-04-01,Monthly,299,Chennai,
4910,2025-04-01,Monthly,299,Ahmedabad,2025-07-01
4911,2025-04-01,Monthly,299,Hyderabad,2025-07-01
4912,2025-04-01,Monthly,299,Jaipur,2026-01-01
4913,2025-04-01,Monthly,299,Ahmedabad,2025-12-01
4914,2025-04-01,Annual,2499,Kolkata,
4915,2025-04-01,Monthly,299,Delhi,2025-10-01
4916,2025-04-01,Monthly,299,Patna,2025-05-01
4917,2025-04-01,Annual,2499,Patna,
4918,2025-04-01,Monthly,299,Bengaluru,2025-05-01
4919,2025-04-01,Monthly,299,Delhi,2025-05-01
4920,2025-04-01,Annual,2499,Mumbai,
4921,2025-04-01,Monthly,299,Jaipur,
4922,2025-04-01,Annual,2499,Chennai,
4923,2025-04-01,Monthly,299,Jaipur,
4924,2025-04-01,Annual,2499,Bengaluru,2026-08-01
4925,2025-04-01,Monthly,299,Kolkata,2025-10-01
4926,2025-04-01,Monthly,299,Chennai,
4927,2025-04-01,Annual,2499,Chennai,
4928,2025-04-01,Monthly,299,Delhi,
4929,2025-04-01,Annual,2499,Bengaluru,
4930,2025-04-01,Annual,2499,Delhi,
4931,2025-04-01,Monthly,299,Chennai,2026-01-01
4932,2025-04-01,Annual,2499,Kolkata,2026-05-01
4933,2025-04-01,Monthly,299,Pune,
4934,2025-04-01,Annual,2499,Kolkata,
4935,2025-04-01,Annual,2499,Patna,
4936,2025-04-01,Annual,2499,Mumbai,2025-06-01
4937,2025-04-01,Annual,2499,Delhi,
4938,2025-04-01,Annual,2499,Pune,
4939,2025-04-01,Annual,2499,Hyderabad,
4940,2025-04-01,Monthly,299,Delhi,2026-05-01
4941,2025-04-01,Monthly,299,Mumbai,2025-05-01
4942,2025-04-01,Monthly,299,Mumbai,
4943,2025-04-01,Monthly,299,Chennai,2025-08-01
4944,2025-04-01,Monthly,299,Ahmedabad,
4945,2025-04-01,Annual,2499,Hyderabad,
4946,2025-04-01,Annual,2499,Bengaluru,
4947,2025-04-01,Monthly,299,Jaipur,2025-06-01
4948,2025-04-01,Annual,2499,Kolkata,
4949,2025-04-01,Annual,2499,,
4950,2025-04-01,Monthly,299,Ahmedabad,2025-05-01
4951,2025-04-01,Annual,2499,Ahmedabad,
4952,2025-04-01,Monthly,299,Delhi,2025-10-01
4953,2025-04-01,Monthly,299,,
4954,2025-04-01,Annual,2499,Hyderabad,2025-10-01
4955,2025-04-01,Annual,2499,Delhi,
4956,2025-04-01,Monthly,299,Ahmedabad,2026-06-01
4957,2025-04-01,Monthly,299,Kolkata,2025-05-01
4958,2025-04-01,Annual,2499,Ahmedabad,
4959,2025-04-01,Monthly,299,Hyderabad,2025-10-01
4960,2025-04-01,Monthly,299,Kolkata,
4961,2025-04-01,Annual,2499,Chennai,
4962,2025-04-01,Annual,2499,Pune,
4963,2025-04-01,Monthly,299,Hyderabad,2026-03-01
4964,2025-04-01,Monthly,299,Hyderabad,
4965,2025-04-01,Monthly,299,Kolkata,2025-09-01
4966,2025-04-01,Annual,2499,Pune,
4967,2025-04-01,Monthly,299,Ahmedabad,2025-09-01
4968,2025-04-01,Annual,2499,Hyderabad,
4969,2025-04-01,Annual,2499,Patna,
4970,2025-04-01,Monthly,299,Chennai,
4971,2025-04-01,Annual,2499,Patna,
4972,2025-04-01,Annual,2499,Patna,
4973,2025-04-01,Monthly,299,Mumbai,2025-07-01
4974,2025-04-01,Monthly,299,Bengaluru,
4975,2025-04-01,Monthly,299,Bengaluru,2025-06-01
4976,2025-04-01,Monthly,299,Pune,2025-11-01
4977,2025-04-01,Monthly,299,Jaipur,2025-07-01
4978,2025-04-01,Monthly,299,Ahmedabad,
4979,2025-04-01,Monthly,299,Jaipur,
4980,2025-04-01,Annual,2499,Bengaluru,
4981,2025-04-01,Monthly,299,Jaipur,2026-03-01
4982,2025-04-01,Monthly,299,Patna,2026-07-01
4983,2025-04-01,Annual,2499,Pune,2025-07-01
4984,2025-04-01,Monthly,299,Mumbai,
4985,2025-04-01,Annual,2499,Hyderabad,
4986,2025-04-01,Monthly,299,Pune,2025-11-01
4987,2025-04-01,Monthly,299,Delhi,
4988,2025-04-01,Annual,2499,Hyderabad,2026-05-01
4989,2025-04-01,Monthly,299,Bengaluru,2026-03-01
4990,2025-04-01,Monthly,299,Ahmedabad,
4991,2025-04-01,Monthly,299,Hyderabad,2025-08-01
4992,2025-04-01,Annual,2499,Jaipur,
4993,2025-04-01,Monthly,299,Ahmedabad,
4994,2025-04-01,Monthly,299,Jaipur,
4995,2025-04-01,Monthly,299,Bengaluru,
4996,2025-04-01,Monthly,299,Jaipur,
4997,2025-04-01,Annual,2499,Jaipur,
4998,2025-04-01,Monthly,299,Delhi,
4999,2025-04-01,Monthly,299,Ahmedabad,2026-01-01
5000,2025-04-01,Monthly,299,Ahmedabad,2025-07-01
5001,2025-05-01,Monthly,299,Pune,2026-06-01
5002,2025-05-01,Monthly,299,Patna,
5003,2025-05-01,Monthly,299,Chennai,
5004,2025-05-01,Monthly,299,Hyderabad,2026-08-01
5005,2025-05-01,Monthly,299,Ahmedabad,
5006,2025-05-01,Monthly,299,Mumbai,2026-04-01
5007,2025-05-01,Annual,2499,Kolkata,
5008,2025-05-01,Annual,2499,Bengaluru,
5009,2025-05-01,Monthly,299,Ahmedabad,2025-08-01
5010,2025-05-01,Annual,2499,Mumbai,
5011,2025-05-01,Monthly,299,Hyderabad,2025-12-01
5012,2025-05-01,Monthly,299,Bengaluru,
5013,2025-05-01,Monthly,299,Ahmedabad,2025-09-01
5014,2025-05-01,Monthly,299,Chennai,2026-04-01
5015,2025-05-01,Monthly,299,Patna,2025-08-01
5016,2025-05-01,Monthly,299,Jaipur,
5017,2025-05-01,Annual,2499,Kolkata,
5018,2025-05-01,Monthly,299,Delhi,2025-06-01
5019,2025-05-01,Annual,2499,Delhi,2026-07-01
5020,2025-05-01,Monthly,299,Jaipur,2025-06-01
5021,2025-05-01,Annual,2499,Mumbai,
5022,2025-05-01,Annual,2499,Bengaluru,
5023,2025-05-01,Annual,2499,Pune,
5024,2025-05-01,Monthly,299,Patna,2025-06-01
5025,2025-05-01,Annual,2499,Ahmedabad,
5026,2025-05-01,Annual,2499,Ahmedabad,
5027,2025-05-01,Annual,2499,Bengaluru,2026-03-01
5028,2025-05-01,Monthly,299,Hyderabad,2026-05-01
5029,2025-05-01,Monthly,299,Chennai,2025-06-01
5030,2025-05-01,Monthly,299,Jaipur,
5031,2025-05-01,Annual,2499,Bengaluru,
5032,2025-05-01,Annual,2499,Patna,
5033,2025-05-01,Annual,2499,Chennai,
5034,2025-05-01,Monthly,299,Mumbai,2025-07-01
5035,2025-05-01,Monthly,299,Ahmedabad,2026-05-01
5036,2025-05-01,Monthly,299,Delhi,2025-06-01
5037,2025-05-01,Monthly,299,Hyderabad,2026-06-01
5038,2025-05-01,Monthly,299,Kolkata,2025-07-01
5039,2025-05-01,Monthly,299,Hyderabad,2026-08-01
5040,2025-05-01,Monthly,299,Patna,
5041,2025-05-01,Annual,2499,Kolkata,
5042,2025-05-01,Monthly,299,Kolkata,2025-06-01
5043,2025-05-01,Annual,2499,Kolkata,
5044,2025-05-01,Monthly,299,Pune,2025-08-01
5045,2025-05-01,Monthly,299,Patna,2025-09-01
5046,2025-05-01,Monthly,299,Bengaluru,2025-06-01
5047,2025-05-01,Monthly,299,Hyderabad,2025-08-01
5048,2025-05-01,Monthly,299,Bengaluru,2025-06-01
5049,2025-05-01,Monthly,299,Patna,2026-02-01
5050,2025-05-01,Monthly,299,Hyderabad,
5051,2025-05-01,Annual,2499,Jaipur,
5052,2025-05-01,Monthly,299,Ahmedabad,2025-06-01
5053,2025-05-01,Monthly,299,Hyderabad,
5054,2025-05-01,Monthly,299,Kolkata,2025-07-01
5055,2025-05-01,Monthly,299,Ahmedabad,2025-08-01
5056,2025-05-01,Monthly,299,Delhi,2025-06-01
5057,2025-05-01,Annual,2499,Pune,2026-01-01
5058,2025-05-01,Annual,2499,Pune,2025-06-01
5059,2025-05-01,Annual,2499,Mumbai,
5060,2025-05-01,Annual,2499,Patna,
5061,2025-05-01,Monthly,299,Chennai,
5062,2025-05-01,Monthly,299,Delhi,
5063,2025-05-01,Monthly,299,Mumbai,2025-06-01
5064,2025-05-01,Monthly,299,Bengaluru,2026-08-01
5065,2025-05-01,Monthly,299,Chennai,2025-06-01
5066,2025-05-01,Monthly,299,Ahmedabad,
5067,2025-05-01,Monthly,299,Mumbai,
5068,2025-05-01,Monthly,299,Hyderabad,2025-09-01
5069,2025-05-01,Annual,2499,Patna,
5070,2025-05-01,Annual,2499,Mumbai,
5071,2025-05-01,Monthly,299,Chennai,2026-04-01
5072,2025-05-01,Annual,2499,Jaipur,
5073,2025-05-01,Monthly,299,Hyderabad,
5074,2025-05-01,Annual,2499,Ahmedabad,
5075,2025-05-01,Annual,2499,Pune,2025-06-01
5076,2025-05-01,Monthly,299,Ahmedabad,
5077,2025-05-01,Annual,2499,Ahmedabad,
5078,2025-05-01,Annual,2499,Patna,2026-04-01
5079,2025-05-01,Annual,2499,Hyderabad,
5080,2025-05-01,Monthly,299,Chennai,2025-06-01
5081,2025-05-01,Annual,2499,Mumbai,
5082,2025-05-01,Annual,2499,Bengaluru,
5083,2025-05-01,Monthly,299,Bengaluru,
5084,2025-05-01,Annual,2499,Mumbai,2025-06-01
5085,2025-05-01,Monthly,299,Jaipur,2025-12-01
5086,2025-05-01,Annual,2499,Ahmedabad,2026-02-01
5087,2025-05-01,Monthly,299,Patna,2026-03-01
5088,2025-05-01,Monthly,299,Ahmedabad,2026-05-01
5089,2025-05-01,Monthly,299,Bengaluru,
5090,2025-05-01,Monthly,299,Hyderabad,2025-11-01
5091,2025-05-01,Monthly,299,Patna,2026-02-01
5092,2025-05-01,Annual,2499,Kolkata,
5093,2025-05-01,Annual,2499,Mumbai,
5094,2025-05-01,Monthly,299,Hyderabad,
5095,2025-05-01,Monthly,299,Pune,2025-06-01
5096,2025-05-01,Monthly,299,Pune,
5097,2025-05-01,Annual,2499,Delhi,
5098,2025-05-01,Monthly,299,Bengaluru,2026-01-01
5099,2025-05-01,Annual,2499,Mumbai,
5100,2025-05-01,Annual,2499,Kolkata,
5101,2025-05-01,Annual,2499,Delhi,2025-06-01
5102,2025-05-01,Monthly,299,Delhi,
5103,2025-05-01,Annual,2499,Delhi,
5104,2025-05-01,Annual,2499,Chennai,2026-03-01
5105,2025-05-01,Monthly,299,Chennai,2026-08-01
5106,2025-05-01,Monthly,299,Patna,
5107,2025-05-01,Monthly,299,Ahmedabad,2025-06-01
5108,2025-05-01,Monthly,299,Patna,
5109,2025-05-01,Monthly,299,Chennai,2025-07-01
5110,2025-05-01,Annual,2499,Kolkata,
5111,2025-05-01,Monthly,299,Patna,
5112,2025-05-01,Monthly,299,Jaipur,2025-09-01
5113,2025-05-01,Monthly,299,Patna,2025-11-01
5114,2025-05-01,Monthly,299,Patna,2025-06-01
5115,2025-05-01,Monthly,299,Bengaluru,2025-07-01
5116,2025-05-01,Annual,2499,Kolkata,
5117,2025-05-01,Monthly,299,Pune,2025-06-01
5118,2025-05-01,Monthly,299,Pune,2025-06-01
5119,2025-05-01,Annual,2499,Ahmedabad,2025-08-01
5120,2025-05-01,Monthly,299,Chennai,2025-08-01
5121,2025-05-01,Monthly,299,Jaipur,2025-07-01
5122,2025-05-01,Monthly,299,Hyderabad,2026-07-01
5123,2025-05-01,Annual,2499,Patna,
5124,2025-05-01,Monthly,299,Bengaluru,
5125,2025-05-01,Monthly,299,Delhi,2026-03-01
5126,2025-05-01,Monthly,299,Mumbai,
5127,2025-05-01,Annual,2499,Bengaluru,
5128,2025-05-01,Monthly,299,Kolkata,
5129,2025-05-01,Annual,2499,Ahmedabad,
5130,2025-05-01,Annual,2499,Jaipur,
5131,2025-05-01,Annual,2499,Delhi,2025-06-01
5132,2025-05-01,Monthly,299,Delhi,
5133,2025-05-01,Monthly,299,Mumbai,2025-09-01
5134,2025-05-01,Monthly,299,Hyderabad,2025-09-01
5135,2025-05-01,Annual,2499,Mumbai,
5136,2025-05-01,Monthly,299,Bengaluru,2026-05-01
5137,2025-05-01,Monthly,299,Jaipur,2025-08-01
5138,2025-05-01,Monthly,299,Chennai,
5139,2025-05-01,Monthly,299,Kolkata,2026-06-01
5140,2025-05-01,Monthly,299,Chennai,
5141,2025-05-01,Annual,2499,Ahmedabad,
5142,2025-05-01,Monthly,299,,2025-11-01
5143,2025-05-01,Annual,2499,Jaipur,
5144,2025-05-01,Monthly,299,Chennai,2026-02-01
5145,2025-05-01,Monthly,299,Pune,2025-12-01
5146,2025-05-01,Annual,2499,Pune,
5147,2025-05-01,Monthly,299,Chennai,2025-10-01
5148,2025-05-01,Monthly,299,Kolkata,2025-07-01
5149,2025-05-01,Monthly,299,Hyderabad,
5150,2025-05-01,Annual,2499,Ahmedabad,
5151,2025-05-01,Monthly,299,Pune,2025-08-01
5152,2025-05-01,Annual,2499,Kolkata,
5153,2025-05-01,Monthly,299,Bengaluru,2026-06-01
5154,2025-05-01,Monthly,299,Bengaluru,
5155,2025-05-01,Annual,2499,Mumbai,
5156,2025-05-01,Monthly,299,Jaipur,2025-09-01
5157,2025-05-01,Monthly,299,Patna,2026-01-01
5158,2025-05-01,Monthly,299,Ahmedabad,2026-02-01
5159,2025-05-01,Annual,2499,Chennai,
5160,2025-05-01,Monthly,299,Hyderabad,
5161,2025-05-01,Monthly,299,Bengaluru,2025-08-01
5162,2025-05-01,Monthly,299,Patna,2025-08-01
5163,2025-05-01,Monthly,299,Kolkata,2026-04-01
5164,2025-05-01,Annual,2499,Delhi,
5165,2025-05-01,Annual,2499,Jaipur,
5166,2025-05-01,Monthly,299,Bengaluru,
5167,2025-05-01,Annual,2499,Kolkata,
5168,2025-05-01,Monthly,299,Delhi,
5169,2025-05-01,Monthly,299,Bengaluru,2026-03-01
5170,2025-05-01,Monthly,299,Bengaluru,2025-09-01
5171,2025-05-01,Monthly,299,Pune,2025-07-01
5172,2025-05-01,Monthly,299,Patna,
5173,2025-05-01,Monthly,299,,2025-09-01
5174,2025-05-01,Monthly,299,Bengaluru,
5175,2025-05-01,Monthly,299,Pune,
5176,2025-05-01,Annual,2499,Chennai,
5177,2025-05-01,Monthly,299,Ahmedabad,2025-08-01
5178,2025-05-01,Monthly,299,Delhi,
5179,2025-05-01,Monthly,299,Jaipur,2025-06-01
5180,2025-05-01,Monthly,299,Pune,2026-05-01
5181,2025-05-01,Monthly,299,Ahmedabad,2026-03-01
5182,2025-05-01,Annual,2499,Mumbai,2025-11-01
5183,2025-05-01,Annual,2499,Ahmedabad,
5184,2025-05-01,Annual,2499,Kolkata,
5185,2025-05-01,Monthly,299,Bengaluru,2025-07-01
5186,2025-05-01,Monthly,299,Bengaluru,2026-02-01
5187,2025-05-01,Annual,2499,Bengaluru,
5188,2025-05-01,Annual,2499,,
5189,2025-05-01,Monthly,299,Patna,
5190,2025-05-01,Monthly,299,Jaipur,
5191,2025-05-01,Monthly,299,Patna,
5192,2025-05-01,Monthly,299,Kolkata,2026-02-01
5193,2025-05-01,Monthly,299,Chennai,2026-05-01
5194,2025-05-01,Monthly,299,Ahmedabad,
5195,2025-05-01,Monthly,299,Jaipur,2025-07-01
5196,2025-05-01,Annual,2499,Bengaluru,
5197,2025-05-01,Monthly,299,Patna,2025-06-01
5198,2025-05-01,Monthly,299,Patna,2025-08-01
5199,2025-05-01,Monthly,299,Ahmedabad,2025-06-01
5200,2025-05-01,Monthly,299,Jaipur,2025-09-01
5201,2025-05-01,Annual,2499,Patna,2025-10-01
5202,2025-05-01,Monthly,299,Bengaluru,2026-05-01
5203,2025-05-01,Monthly,299,Bengaluru,2025-11-01
5204,2025-05-01,Monthly,299,Pune,
5205,2025-05-01,Monthly,299,Ahmedabad,
5206,2025-05-01,Monthly,299,Delhi,
5207,2025-05-01,Monthly,299,Chennai,2025-08-01
5208,2025-05-01,Monthly,299,Jaipur,2026-01-01
5209,2025-05-01,Monthly,299,Delhi,2025-07-01
5210,2025-05-01,Annual,2499,Pune,
5211,2025-05-01,Monthly,299,Kolkata,2025-08-01
5212,2025-05-01,Monthly,299,Delhi,
5213,2025-05-01,Monthly,299,Hyderabad,
5214,2025-05-01,Monthly,299,Patna,
5215,2025-05-01,Annual,2499,Bengaluru,
5216,2025-05-01,Annual,2499,Kolkata,
5217,2025-05-01,Monthly,299,Hyderabad,2025-12-01
5218,2025-05-01,Monthly,299,Patna,2025-06-01
5219,2025-05-01,Monthly,299,Chennai,2026-02-01
5220,2025-05-01,Monthly,299,Mumbai,2025-08-01
5221,2025-05-01,Monthly,299,Patna,
5222,2025-05-01,Annual,2499,Hyderabad,
5223,2025-05-01,Monthly,299,Ahmedabad,2026-06-01
5224,2025-05-01,Monthly,299,Ahmedabad,2025-08-01
5225,2025-05-01,Monthly,299,Pune,2026-03-01
5226,2025-05-01,Monthly,299,Mumbai,2025-10-01
5227,2025-05-01,Monthly,299,Chennai,2025-11-01
5228,2025-05-01,Monthly,299,Bengaluru,2025-06-01
5229,2025-05-01,Monthly,299,Hyderabad,2025-12-01
5230,2025-05-01,Monthly,299,Hyderabad,2026-01-01
5231,2025-05-01,Annual,2499,Pune,2026-03-01
5232,2025-05-01,Monthly,299,Pune,
5233,2025-05-01,Monthly,299,Hyderabad,
5234,2025-05-01,Annual,2499,Patna,
5235,2025-05-01,Monthly,299,,
5236,2025-05-01,Monthly,299,Hyderabad,2025-09-01
5237,2025-05-01,Annual,2499,Kolkata,
5238,2025-05-01,Monthly,299,Ahmedabad,2026-04-01
5239,2025-05-01,Monthly,299,Kolkata,2025-08-01
5240,2025-05-01,Annual,2499,Chennai,
5241,2025-05-01,Monthly,299,Jaipur,2025-06-01
5242,2025-05-01,Monthly,299,Hyderabad,
5243,2025-05-01,Monthly,299,Ahmedabad,2025-06-01
5244,2025-05-01,Annual,2499,Chennai,
5245,2025-05-01,Monthly,299,Jaipur,2026-02-01
5246,2025-05-01,Monthly,299,Pune,2025-06-01
5247,2025-05-01,Monthly,299,Bengaluru,2025-08-01
5248,2025-05-01,Annual,2499,Kolkata,2025-06-01
5249,2025-05-01,Annual,2499,Patna,
5250,2025-05-01,Monthly,299,Hyderabad,2026-03-01
5251,2025-05-01,Monthly,299,Bengaluru,2026-02-01
5252,2025-05-01,Annual,2499,Jaipur,
5253,2025-05-01,Monthly,299,Mumbai,2026-01-01
5254,2025-05-01,Monthly,299,Jaipur,
5255,2025-05-01,Monthly,299,Mumbai,2025-06-01
5256,2025-05-01,Monthly,299,Mumbai,
5257,2025-05-01,Annual,2499,Pune,2025-11-01
5258,2025-05-01,Monthly,299,Hyderabad,
5259,2025-05-01,Monthly,299,Bengaluru,
5260,2025-05-01,Monthly,299,Mumbai,2025-11-01
5261,2025-05-01,Annual,2499,Patna,
5262,2025-05-01,Annual,2499,Hyderabad,
5263,2025-05-01,Monthly,299,Delhi,2025-07-01
5264,2025-05-01,Annual,2499,Chennai,
5265,2025-05-01,Monthly,299,Kolkata,
5266,2025-05-01,Monthly,299,Ahmedabad,
5267,2025-05-01,Monthly,299,Bengaluru,2025-12-01
5268,2025-05-01,Monthly,299,Delhi,2025-07-01
5269,2025-05-01,Annual,2499,Hyderabad,
5270,2025-05-01,Annual,2499,Hyderabad,
5271,2025-05-01,Monthly,299,Jaipur,2025-07-01
5272,2025-05-01,Monthly,299,Jaipur,2025-06-01
5273,2025-05-01,Monthly,299,Delhi,
5274,2025-05-01,Monthly,299,Pune,
5275,2025-05-01,Monthly,299,Delhi,2026-03-01
5276,2025-05-01,Monthly,299,Bengaluru,2025-09-01
5277,2025-05-01,Annual,2499,Hyderabad,
5278,2025-05-01,Monthly,299,Pune,2025-07-01
5279,2025-05-01,Monthly,299,Jaipur,2025-07-01
5280,2025-05-01,Monthly,299,Bengaluru,2025-08-01
5281,2025-05-01,Monthly,299,Bengaluru,
5282,2025-05-01,Monthly,299,Bengaluru,2025-06-01
5283,2025-05-01,Monthly,299,Bengaluru,2026-08-01
5284,2025-05-01,Monthly,299,Delhi,2025-08-01
5285,2025-05-01,Monthly,299,Jaipur,
5286,2025-05-01,Monthly,299,Mumbai,
5287,2025-05-01,Monthly,299,Jaipur,2025-12-01
5288,2025-05-01,Monthly,299,Chennai,2026-03-01
5289,2025-05-01,Annual,2499,Ahmedabad,
5290,2025-05-01,Annual,2499,Hyderabad,
5291,2025-05-01,Monthly,299,Pune,
5292,2025-05-01,Annual,2499,Pune,
5293,2025-05-01,Monthly,299,Chennai,
5294,2025-05-01,Monthly,299,Kolkata,2026-01-01
5295,2025-05-01,Monthly,299,Kolkata,
5296,2025-05-01,Annual,2499,Delhi,
5297,2025-05-01,Monthly,299,Chennai,2025-12-01
5298,2025-05-01,Annual,2499,Pune,
5299,2025-05-01,Monthly,299,Ahmedabad,
5300,2025-05-01,Annual,2499,Mumbai,2025-08-01
5301,2025-05-01,Monthly,299,Mumbai,2025-07-01
5302,2025-05-01,Monthly,299,Hyderabad,2025-06-01
5303,2025-05-01,Monthly,299,Ahmedabad,2025-07-01
5304,2025-05-01,Monthly,299,Delhi,2025-06-01
5305,2025-05-01,Monthly,299,Patna,
5306,2025-05-01,Annual,2499,Hyderabad,
5307,2025-05-01,Monthly,299,Kolkata,
5308,2025-05-01,Monthly,299,Mumbai,2026-03-01
5309,2025-05-01,Monthly,299,Jaipur,2025-11-01
5310,2025-05-01,Monthly,299,Pune,2025-12-01
5311,2025-05-01,Annual,2499,Mumbai,
5312,2025-05-01,Monthly,299,Patna,
5313,2025-05-01,Monthly,299,Delhi,2026-03-01
5314,2025-05-01,Monthly,299,Pune,
5315,2025-05-01,Monthly,299,Delhi,
5316,2025-05-01,Monthly,299,Hyderabad,2026-02-01
5317,2025-05-01,Monthly,299,Delhi,
5318,2025-05-01,Monthly,299,Hyderabad,2026-07-01
5319,2025-05-01,Monthly,299,Kolkata,
5320,2025-05-01,Monthly,299,Jaipur,2026-02-01
5321,2025-05-01,Monthly,299,Ahmedabad,2025-07-01
5322,2025-05-01,Monthly,299,Mumbai,2025-06-01
5323,2025-05-01,Annual,2499,Ahmedabad,
5324,2025-05-01,Monthly,299,Chennai,
5325,2025-05-01,Monthly,299,Mumbai,2025-07-01
5326,2025-05-01,Monthly,299,Chennai,2025-09-01
5327,2025-05-01,Annual,2499,Kolkata,
5328,2025-05-01,Annual,2499,Chennai,
5329,2025-05-01,Annual,2499,Ahmedabad,
5330,2025-05-01,Annual,2499,Pune,
5331,2025-05-01,Monthly,299,,2025-11-01
5332,2025-05-01,Monthly,299,Pune,2025-09-01
5333,2025-05-01,Annual,2499,Bengaluru,
5334,2025-05-01,Monthly,299,Hyderabad,2025-11-01
5335,2025-05-01,Annual,2499,Delhi,
5336,2025-05-01,Monthly,299,Mumbai,
5337,2025-05-01,Annual,2499,Ahmedabad,
5338,2025-05-01,Monthly,299,Ahmedabad,2025-06-01
5339,2025-05-01,Monthly,299,Pune,2025-12-01
5340,2025-05-01,Monthly,299,Bengaluru,
5341,2025-05-01,Annual,2499,Patna,
5342,2025-05-01,Annual,2499,Ahmedabad,
5343,2025-05-01,Annual,2499,Jaipur,
5344,2025-05-01,Monthly,299,Hyderabad,2026-05-01
5345,2025-05-01,Monthly,299,Ahmedabad,2025-06-01
5346,2025-05-01,Monthly,299,Kolkata,2026-03-01
5347,2025-05-01,Monthly,299,Mumbai,2026-01-01
5348,2025-05-01,Monthly,299,Chennai,
5349,2025-05-01,Monthly,299,Patna,2025-09-01
5350,2025-05-01,Monthly,299,Patna,2026-03-01
5351,2025-05-01,Monthly,299,Chennai,2025-08-01
5352,2025-05-01,Monthly,299,Kolkata,2026-03-01
5353,2025-05-01,Monthly,299,Ahmedabad,
5354,2025-05-01,Annual,2499,Chennai,2026-01-01
5355,2025-05-01,Monthly,299,Hyderabad,2025-07-01
5356,2025-05-01,Annual,2499,Chennai,2025-10-01
5357,2025-05-01,Annual,2499,Chennai,
5358,2025-05-01,Monthly,299,Bengaluru,2025-11-01
5359,2025-05-01,Monthly,299,Delhi,2025-06-01
5360,2025-05-01,Monthly,299,Hyderabad,
5361,2025-05-01,Monthly,299,Pune,2025-10-01
5362,2025-05-01,Monthly,299,Delhi,2025-09-01
5363,2025-05-01,Monthly,299,Kolkata,2026-07-01
5364,2025-05-01,Monthly,299,Delhi,2025-08-01
5365,2025-05-01,Monthly,299,Patna,2026-04-01
5366,2025-05-01,Annual,2499,Patna,2025-09-01
5367,2025-05-01,Annual,2499,Bengaluru,
5368,2025-05-01,Monthly,299,Bengaluru,
5369,2025-05-01,Monthly,299,Delhi,2026-03-01
5370,2025-05-01,Annual,2499,Hyderabad,
5371,2025-05-01,Monthly,299,Kolkata,
5372,2025-05-01,Monthly,299,Delhi,2026-02-01
5373,2025-05-01,Monthly,299,Chennai,2025-11-01
5374,2025-05-01,Monthly,299,Mumbai,
5375,2025-05-01,Monthly,299,Mumbai,2025-07-01
5376,2025-05-01,Monthly,299,Jaipur,
5377,2025-05-01,Annual,2499,Bengaluru,2026-08-01
5378,2025-05-01,Annual,2499,Chennai,
5379,2025-05-01,Monthly,299,Mumbai,2026-08-01
5380,2025-05-01,Monthly,299,Bengaluru,2026-07-01
5381,2025-05-01,Monthly,299,Jaipur,2025-06-01
5382,2025-05-01,Monthly,299,Pune,
5383,2025-05-01,Monthly,299,Hyderabad,
5384,2025-05-01,Monthly,299,Bengaluru,2026-06-01
5385,2025-05-01,Monthly,299,Delhi,
5386,2025-05-01,Monthly,299,Hyderabad,2025-09-01
5387,2025-05-01,Annual,2499,Hyderabad,2025-09-01
5388,2025-05-01,Monthly,299,Delhi,2026-02-01
5389,2025-05-01,Annual,2499,Pune,
5390,2025-05-01,Monthly,299,Mumbai,2025-07-01
5391,2025-05-01,Annual,2499,Delhi,
5392,2025-05-01,Monthly,299,Chennai,
5393,2025-05-01,Annual,2499,Kolkata,2025-08-01
5394,2025-05-01,Annual,2499,Ahmedabad,
5395,2025-05-01,Monthly,299,Chennai,
5396,2025-05-01,Monthly,299,Pune,2025-07-01
5397,2025-05-01,Annual,2499,Chennai,
5398,2025-05-01,Monthly,299,Jaipur,2025-07-01
5399,2025-05-01,Monthly,299,Ahmedabad,2026-07-01
5400,2025-05-01,Monthly,299,Chennai,2026-01-01
5401,2025-05-01,Monthly,299,Mumbai,2025-08-01
5402,2025-05-01,Monthly,299,Patna,2025-06-01
5403,2025-05-01,Monthly,299,Delhi,
5404,2025-05-01,Monthly,299,Hyderabad,
5405,2025-05-01,Monthly,299,Patna,2026-05-01
5406,2025-05-01,Monthly,299,Ahmedabad,2025-10-01
5407,2025-05-01,Monthly,299,Bengaluru,
5408,2025-05-01,Monthly,299,Jaipur,2025-10-01
5409,2025-05-01,Monthly,299,Kolkata,
5410,2025-05-01,Monthly,299,Delhi,2025-08-01
5411,2025-05-01,Annual,2499,Hyderabad,2026-01-01
5412,2025-05-01,Annual,2499,Mumbai,
5413,2025-05-01,Monthly,299,Chennai,
5414,2025-05-01,Monthly,299,Jaipur,2026-01-01
5415,2025-05-01,Monthly,299,Bengaluru,2025-10-01
5416,2025-05-01,Monthly,299,Bengaluru,
5417,2025-05-01,Monthly,299,Chennai,2025-06-01
5418,2025-05-01,Monthly,299,Kolkata,2025-06-01
5419,2025-05-01,Annual,2499,Chennai,
5420,2025-05-01,Annual,2499,Delhi,
5421,2025-05-01,Annual,2499,Kolkata,
5422,2025-05-01,Monthly,299,Jaipur,
5423,2025-05-01,Monthly,299,,2025-10-01
5424,2025-05-01,Annual,2499,Mumbai,
5425,2025-05-01,Monthly,299,Mumbai,
5426,2025-05-01,Monthly,299,Hyderabad,2026-01-01
5427,2025-05-01,Annual,2499,Delhi,
5428,2025-05-01,Monthly,299,Ahmedabad,2026-01-01
5429,2025-05-01,Annual,2499,Ahmedabad,
5430,2025-05-01,Monthly,299,Mumbai,2025-06-01
5431,2025-05-01,Monthly,299,Bengaluru,2025-08-01
5432,2025-05-01,Monthly,299,Hyderabad,2025-12-01
5433,2025-05-01,Monthly,299,Patna,2025-12-01
5434,2025-05-01,Monthly,299,Patna,2025-10-01
5435,2025-05-01,Monthly,299,Kolkata,2026-04-01
5436,2025-05-01,Monthly,299,Ahmedabad,2025-06-01
5437,2025-05-01,Monthly,299,Kolkata,2025-10-01
5438,2025-05-01,Monthly,299,Delhi,2025-10-01
5439,2025-05-01,Monthly,299,Bengaluru,
5440,2025-05-01,Monthly,299,Hyderabad,
5441,2025-05-01,Monthly,299,Patna,2026-08-01
5442,2025-05-01,Annual,2499,Patna,
5443,2025-05-01,Monthly,299,Jaipur,2025-06-01
5444,2025-05-01,Monthly,299,Jaipur,
5445,2025-05-01,Monthly,299,Ahmedabad,2026-03-01
5446,2025-05-01,Annual,2499,Hyderabad,
5447,2025-05-01,Annual,2499,Hyderabad,2026-08-01
5448,2025-05-01,Annual,2499,Mumbai,
5449,2025-05-01,Monthly,299,Hyderabad,2026-06-01
5450,2025-05-01,Monthly,299,Delhi,2026-02-01
5451,2025-05-01,Monthly,299,Ahmedabad,2025-08-01
5452,2025-05-01,Annual,2499,Chennai,
5453,2025-05-01,Monthly,299,Delhi,2025-06-01
5454,2025-05-01,Annual,2499,Kolkata,
5455,2025-05-01,Monthly,299,Delhi,
5456,2025-05-01,Monthly,299,Bengaluru,2026-01-01
5457,2025-05-01,Monthly,299,Pune,2026-05-01
5458,2025-05-01,Monthly,299,Chennai,2026-02-01
5459,2025-05-01,Monthly,299,Delhi,
5460,2025-05-01,Annual,2499,Hyderabad,
5461,2025-05-01,Monthly,299,Delhi,2025-07-01
5462,2025-05-01,Monthly,299,Kolkata,2026-01-01
5463,2025-05-01,Monthly,299,Mumbai,2025-07-01
5464,2025-05-01,Monthly,299,Kolkata,2026-05-01
5465,2025-05-01,Annual,2499,Pune,2025-08-01
5466,2025-05-01,Monthly,299,Jaipur,2025-07-01
5467,2025-05-01,Annual,2499,Kolkata,
5468,2025-05-01,Monthly,299,Kolkata,2026-01-01
5469,2025-05-01,Monthly,299,Ahmedabad,2025-12-01
5470,2025-05-01,Monthly,299,Kolkata,2025-12-01
5471,2025-05-01,Annual,2499,Jaipur,
5472,2025-05-01,Monthly,299,Kolkata,
5473,2025-05-01,Monthly,299,Bengaluru,2025-06-01
5474,2025-05-01,Monthly,299,Kolkata,
5475,2025-05-01,Annual,2499,Patna,
5476,2025-05-01,Monthly,299,Ahmedabad,2025-07-01
5477,2025-06-01,Monthly,299,Pune,
5478,2025-06-01,Monthly,299,Chennai,2025-10-01
5479,2025-06-01,Monthly,299,Chennai,2025-08-01
5480,2025-06-01,Monthly,299,Chennai,
5481,2025-06-01,Annual,2499,Patna,
5482,2025-06-01,Monthly,299,Pune,
5483,2025-06-01,Monthly,299,Ahmedabad,2026-07-01
5484,2025-06-01,Monthly,299,Pune,
5485,2025-06-01,Monthly,299,Mumbai,
5486,2025-06-01,Monthly,299,Jaipur,2026-03-01
5487,2025-06-01,Monthly,299,Ahmedabad,2026-06-01
5488,2025-06-01,Monthly,299,Delhi,2025-08-01
5489,2025-06-01,Annual,2499,Bengaluru,2026-02-01
5490,2025-06-01,Monthly,299,Delhi,2026-05-01
5491,2025-06-01,Monthly,299,Bengaluru,2025-12-01
5492,2025-06-01,Annual,2499,,
5493,2025-06-01,Monthly,299,Mumbai,2025-08-01
5494,2025-06-01,Monthly,299,Pune,2025-07-01
5495,2025-06-01,Monthly,299,Bengaluru,2025-12-01
5496,2025-06-01,Monthly,299,Bengaluru,2026-03-01
5497,2025-06-01,Monthly,299,Chennai,2025-08-01
5498,2025-06-01,Monthly,299,Bengaluru,2025-12-01
5499,2025-06-01,Monthly,299,Hyderabad,2026-05-01
5500,2025-06-01,Annual,2499,Hyderabad,
5501,2025-06-01,Monthly,299,Jaipur,2026-07-01
5502,2025-06-01,Monthly,299,Hyderabad,
5503,2025-06-01,Monthly,299,Mumbai,2026-04-01
5504,2025-06-01,Monthly,299,Bengaluru,2025-07-01
5505,2025-06-01,Monthly,299,Pune,2025-08-01
5506,2025-06-01,Monthly,299,Chennai,
5507,2025-06-01,Monthly,299,Ahmedabad,2026-03-01
5508,2025-06-01,Monthly,299,Bengaluru,
5509,2025-06-01,Monthly,299,Delhi,
5510,2025-06-01,Monthly,299,Jaipur,2026-01-01
5511,2025-06-01,Monthly,299,Chennai,2025-08-01
5512,2025-06-01,Monthly,299,Kolkata,
5513,2025-06-01,Monthly,299,Bengaluru,2025-11-01
5514,2025-06-01,Annual,2499,Kolkata,
5515,2025-06-01,Annual,2499,Pune,
5516,2025-06-01,Monthly,299,Delhi,
5517,2025-06-01,Monthly,299,Jaipur,2025-07-01
5518,2025-06-01,Monthly,299,,
5519,2025-06-01,Monthly,299,Hyderabad,
5520,2025-06-01,Monthly,299,Patna,2026-01-01
5521,2025-06-01,Annual,2499,Jaipur,
5522,2025-06-01,Monthly,299,Kolkata,
5523,2025-06-01,Monthly,299,Jaipur,2026-04-01
5524,2025-06-01,Monthly,299,Delhi,2026-03-01
5525,2025-06-01,Monthly,299,Patna,
5526,2025-06-01,Monthly,299,Bengaluru,2025-08-01
5527,2025-06-01,Annual,2499,Pune,
5528,2025-06-01,Monthly,299,Chennai,2025-08-01
5529,2025-06-01,Annual,2499,Kolkata,
5530,2025-06-01,Annual,2499,Chennai,
5531,2025-06-01,Monthly,299,Chennai,2026-07-01
5532,2025-06-01,Monthly,299,Delhi,2026-05-01
5533,2025-06-01,Annual,2499,Ahmedabad,
5534,2025-06-01,Annual,2499,Bengaluru,2025-09-01
5535,2025-06-01,Monthly,299,Ahmedabad,
5536,2025-06-01,Monthly,299,Chennai,2025-11-01
5537,2025-06-01,Annual,2499,Pune,
5538,2025-06-01,Monthly,299,Ahmedabad,2025-07-01
5539,2025-06-01,Annual,2499,Delhi,
5540,2025-06-01,Monthly,299,Chennai,2026-03-01
5541,2025-06-01,Monthly,299,Mumbai,2025-08-01
5542,2025-06-01,Monthly,299,Patna,
5543,2025-06-01,Monthly,299,Bengaluru,2026-07-01
5544,2025-06-01,Annual,2499,Bengaluru,2025-07-01
5545,2025-06-01,Annual,2499,Delhi,
5546,2025-06-01,Monthly,299,Jaipur,2025-11-01
5547,2025-06-01,Monthly,299,Patna,2025-09-01
5548,2025-06-01,Monthly,299,Bengaluru,
5549,2025-06-01,Monthly,299,Mumbai,2026-03-01
5550,2025-06-01,Annual,2499,Hyderabad,2025-07-01
5551,2025-06-01,Monthly,299,Delhi,2026-03-01
5552,2025-06-01,Monthly,299,Chennai,
5553,2025-06-01,Annual,2499,Bengaluru,
5554,2025-06-01,Monthly,299,Hyderabad,
5555,2025-06-01,Monthly,299,Kolkata,
5556,2025-06-01,Monthly,299,Jaipur,2025-07-01
5557,2025-06-01,Monthly,299,Hyderabad,2025-11-01
5558,2025-06-01,Monthly,299,,2025-07-01
5559,2025-06-01,Annual,2499,Hyderabad,
5560,2025-06-01,Annual,2499,Mumbai,
5561,2025-06-01,Monthly,299,Pune,2025-10-01
5562,2025-06-01,Monthly,299,Kolkata,2026-04-01
5563,2025-06-01,Annual,2499,Hyderabad,
5564,2025-06-01,Annual,2499,Chennai,
5565,2025-06-01,Monthly,299,Jaipur,2025-09-01
5566,2025-06-01,Annual,2499,Jaipur,2026-01-01
5567,2025-06-01,Monthly,299,Pune,2025-08-01
5568,2025-06-01,Annual,2499,Ahmedabad,
5569,2025-06-01,Monthly,299,Chennai,2025-07-01
5570,2025-06-01,Annual,2499,Kolkata,
5571,2025-06-01,Monthly,299,Hyderabad,2025-07-01
5572,2025-06-01,Monthly,299,Delhi,
5573,2025-06-01,Annual,2499,Delhi,
5574,2025-06-01,Monthly,299,Mumbai,
5575,2025-06-01,Monthly,299,Chennai,
5576,2025-06-01,Monthly,299,Chennai,
5577,2025-06-01,Monthly,299,Chennai,2026-07-01
5578,2025-06-01,Monthly,299,Chennai,2025-10-01
5579,2025-06-01,Monthly,299,Chennai,2026-05-01
5580,2025-06-01,Monthly,299,Chennai,
5581,2025-06-01,Monthly,299,Patna,2025-09-01
5582,2025-06-01,Monthly,299,Bengaluru,2026-02-01
5583,2025-06-01,Monthly,299,Chennai,2026-06-01
5584,2025-06-01,Monthly,299,Bengaluru,
5585,2025-06-01,Monthly,299,Patna,2025-07-01
5586,2025-06-01,Annual,2499,Mumbai,
5587,2025-06-01,Monthly,299,Delhi,
5588,2025-06-01,Monthly,299,Kolkata,2026-01-01
5589,2025-06-01,Monthly,299,Hyderabad,2026-06-01
5590,2025-06-01,Monthly,299,Patna,2025-09-01
5591,2025-06-01,Monthly,299,Pune,
5592,2025-06-01,Monthly,299,Bengaluru,
5593,2025-06-01,Annual,2499,Jaipur,
5594,2025-06-01,Monthly,299,Pune,
5595,2025-06-01,Annual,2499,Patna,
5596,2025-06-01,Annual,2499,Chennai,
5597,2025-06-01,Monthly,299,Pune,2025-07-01
5598,2025-06-01,Monthly,299,Pune,2025-09-01
5599,2025-06-01,Monthly,299,Delhi,
5600,2025-06-01,Monthly,299,Patna,
5601,2025-06-01,Annual,2499,Jaipur,2026-05-01
5602,2025-06-01,Monthly,299,Ahmedabad,2026-06-01
5603,2025-06-01,Monthly,299,Delhi,2026-01-01
5604,2025-06-01,Monthly,299,Hyderabad,
5605,2025-06-01,Monthly,299,Chennai,
5606,2025-06-01,Monthly,299,Patna,
5607,2025-06-01,Monthly,299,Jaipur,2025-07-01
5608,2025-06-01,Monthly,299,Pune,2025-09-01
5609,2025-06-01,Monthly,299,Jaipur,2025-07-01
5610,2025-06-01,Annual,2499,Patna,
5611,2025-06-01,Monthly,299,Bengaluru,2025-07-01
5612,2025-06-01,Annual,2499,Hyderabad,
5613,2025-06-01,Annual,2499,Hyderabad,2025-07-01
5614,2025-06-01,Annual,2499,Hyderabad,
5615,2025-06-01,Monthly,299,Mumbai,2025-09-01
5616,2025-06-01,Monthly,299,Delhi,2025-08-01
5617,2025-06-01,Monthly,299,Mumbai,2026-05-01
5618,2025-06-01,Annual,2499,Bengaluru,
5619,2025-06-01,Monthly,299,Jaipur,
5620,2025-06-01,Monthly,299,Chennai,2026-06-01
5621,2025-06-01,Monthly,299,Bengaluru,
5622,2025-06-01,Monthly,299,Hyderabad,2025-07-01
5623,2025-06-01,Monthly,299,Chennai,2025-07-01
5624,2025-06-01,Annual,2499,Hyderabad,2025-07-01
5625,2025-06-01,Annual,2499,Mumbai,
5626,2025-06-01,Monthly,299,Pune,
5627,2025-06-01,Monthly,299,Jaipur,
5628,2025-06-01,Monthly,299,Delhi,2026-01-01
5629,2025-06-01,Monthly,299,Ahmedabad,2025-07-01
5630,2025-06-01,Annual,2499,Chennai,
5631,2025-06-01,Annual,2499,Delhi,
5632,2025-06-01,Monthly,299,Kolkata,2025-09-01
5633,2025-06-01,Monthly,299,Mumbai,
5634,2025-06-01,Monthly,299,Kolkata,2026-01-01
5635,2025-06-01,Monthly,299,Hyderabad,
5636,2025-06-01,Monthly,299,Chennai,
5637,2025-06-01,Monthly,299,Chennai,
5638,2025-06-01,Monthly,299,Kolkata,2026-07-01
5639,2025-06-01,Monthly,299,Hyderabad,2026-08-01
5640,2025-06-01,Annual,2499,Jaipur,2025-08-01
5641,2025-06-01,Monthly,299,Bengaluru,2025-07-01
5642,2025-06-01,Annual,2499,Chennai,
5643,2025-06-01,Monthly,299,Pune,
5644,2025-06-01,Annual,2499,Patna,2025-12-01
5645,2025-06-01,Annual,2499,Bengaluru,
5646,2025-06-01,Monthly,299,Mumbai,
5647,2025-06-01,Monthly,299,,2026-03-01
5648,2025-06-01,Monthly,299,,
5649,2025-06-01,Monthly,299,Pune,
5650,2025-06-01,Monthly,299,Chennai,
5651,2025-06-01,Monthly,299,Patna,2025-09-01
5652,2025-06-01,Annual,2499,Delhi,
5653,2025-06-01,Annual,2499,Mumbai,
5654,2025-06-01,Monthly,299,Bengaluru,2026-01-01
5655,2025-06-01,Annual,2499,Ahmedabad,
5656,2025-06-01,Monthly,299,Jaipur,2026-04-01
5657,2025-06-01,Annual,2499,Mumbai,
5658,2025-06-01,Monthly,299,Delhi,
5659,2025-06-01,Annual,2499,Patna,
5660,2025-06-01,Monthly,299,Jaipur,
5661,2025-06-01,Monthly,299,Bengaluru,
5662,2025-06-01,Monthly,299,Patna,2025-12-01
5663,2025-06-01,Annual,2499,Ahmedabad,
5664,2025-06-01,Monthly,299,Jaipur,2026-07-01
5665,2025-06-01,Monthly,299,Chennai,2026-05-01
5666,2025-06-01,Monthly,299,Hyderabad,2025-08-01
5667,2025-06-01,Monthly,299,Chennai,2026-03-01
5668,2025-06-01,Monthly,299,Mumbai,2025-07-01
5669,2025-06-01,Monthly,299,Chennai,
5670,2025-06-01,Monthly,299,Mumbai,2026-05-01
5671,2025-06-01,Annual,2499,Bengaluru,
5672,2025-06-01,Annual,2499,Ahmedabad,
5673,2025-06-01,Monthly,299,Jaipur,
5674,2025-06-01,Annual,2499,,
5675,2025-06-01,Monthly,299,Chennai,
5676,2025-06-01,Annual,2499,Pune,2025-07-01
5677,2025-06-01,Monthly,299,Ahmedabad,2025-07-01
5678,2025-06-01,Annual,2499,Ahmedabad,
5679,2025-06-01,Monthly,299,Bengaluru,
5680,2025-06-01,Monthly,299,Mumbai,
5681,2025-06-01,Monthly,299,Bengaluru,
5682,2025-06-01,Annual,2499,Bengaluru,
5683,2025-06-01,Annual,2499,Ahmedabad,2025-07-01
5684,2025-06-01,Monthly,299,Bengaluru,2026-07-01
5685,2025-06-01,Monthly,299,Delhi,2026-06-01
5686,2025-06-01,Annual,2499,Pune,2025-07-01
5687,2025-06-01,Annual,2499,Delhi,
5688,2025-06-01,Monthly,299,Jaipur,2025-07-01
5689,2025-06-01,Monthly,299,Mumbai,
5690,2025-06-01,Annual,2499,Jaipur,
5691,2025-06-01,Annual,2499,Ahmedabad,
5692,2025-06-01,Monthly,299,Pune,2026-03-01
5693,2025-06-01,Monthly,299,Hyderabad,
5694,2025-06-01,Monthly,299,Ahmedabad,2026-06-01
5695,2025-06-01,Monthly,299,Chennai,2025-11-01
5696,2025-06-01,Annual,2499,Patna,
5697,2025-06-01,Monthly,299,Patna,
5698,2025-06-01,Annual,2499,Hyderabad,
5699,2025-06-01,Monthly,299,Bengaluru,2025-12-01
5700,2025-06-01,Annual,2499,Patna,
5701,2025-06-01,Annual,2499,Pune,
5702,2025-06-01,Monthly,299,Ahmedabad,2025-10-01
5703,2025-06-01,Monthly,299,Ahmedabad,
5704,2025-06-01,Annual,2499,Mumbai,
5705,2025-06-01,Monthly,299,Kolkata,2025-07-01
5706,2025-06-01,Monthly,299,Jaipur,2026-02-01
5707,2025-06-01,Monthly,299,Mumbai,2025-07-01
5708,2025-06-01,Annual,2499,Jaipur,
5709,2025-06-01,Annual,2499,Chennai,
5710,2025-06-01,Monthly,299,Patna,2025-07-01
5711,2025-06-01,Annual,2499,Pune,
5712,2025-06-01,Monthly,299,Pune,2025-12-01
5713,2025-06-01,Monthly,299,Kolkata,2026-08-01
5714,2025-06-01,Annual,2499,Patna,
5715,2025-06-01,Monthly,299,Kolkata,2025-08-01
5716,2025-06-01,Monthly,299,Hyderabad,
5717,2025-06-01,Annual,2499,Pune,
5718,2025-06-01,Monthly,299,Chennai,2026-05-01
5719,2025-06-01,Annual,2499,Patna,2026-05-01
5720,2025-06-01,Annual,2499,Ahmedabad,2025-07-01
5721,2025-06-01,Monthly,299,Chennai,2025-10-01
5722,2025-06-01,Monthly,299,Ahmedabad,2025-07-01
5723,2025-06-01,Monthly,299,Jaipur,2025-09-01
5724,2025-06-01,Monthly,299,Patna,2025-07-01
5725,2025-06-01,Monthly,299,Jaipur,2025-07-01
5726,2025-06-01,Monthly,299,Bengaluru,2025-07-01
5727,2025-06-01,Annual,2499,Hyderabad,
5728,2025-06-01,Monthly,299,Mumbai,2026-04-01
5729,2025-06-01,Annual,2499,Pune,
5730,2025-06-01,Annual,2499,Mumbai,2026-04-01
5731,2025-06-01,Monthly,299,Pune,2026-04-01
5732,2025-06-01,Monthly,299,Mumbai,2026-05-01
5733,2025-06-01,Monthly,299,Hyderabad,
5734,2025-06-01,Annual,2499,Patna,
5735,2025-06-01,Monthly,299,Chennai,
5736,2025-06-01,Annual,2499,Hyderabad,2025-09-01
5737,2025-06-01,Annual,2499,Hyderabad,
5738,2025-06-01,Annual,2499,Hyderabad,
5739,2025-06-01,Monthly,299,Jaipur,2025-07-01
5740,2025-06-01,Monthly,299,Delhi,2025-12-01
5741,2025-06-01,Annual,2499,,
5742,2025-06-01,Annual,2499,Chennai,
5743,2025-06-01,Monthly,299,Delhi,2025-12-01
5744,2025-06-01,Monthly,299,Hyderabad,
5745,2025-06-01,Monthly,299,Ahmedabad,2026-04-01
5746,2025-06-01,Monthly,299,Ahmedabad,2025-11-01
5747,2025-06-01,Monthly,299,Delhi,2025-11-01
5748,2025-06-01,Monthly,299,Pune,2025-10-01
5749,2025-06-01,Monthly,299,Delhi,
5750,2025-06-01,Monthly,299,Ahmedabad,2025-08-01
5751,2025-06-01,Monthly,299,Bengaluru,
5752,2025-06-01,Annual,2499,Pune,
5753,2025-06-01,Annual,2499,Kolkata,
5754,2025-06-01,Monthly,299,Ahmedabad,
5755,2025-06-01,Monthly,299,Ahmedabad,
5756,2025-06-01,Annual,2499,Patna,
5757,2025-06-01,Monthly,299,Hyderabad,2025-07-01
5758,2025-06-01,Monthly,299,,
5759,2025-06-01,Monthly,299,Chennai,2025-07-01
5760,2025-06-01,Monthly,299,Mumbai,2025-09-01
5761,2025-06-01,Monthly,299,Patna,
5762,2025-06-01,Monthly,299,Delhi,2025-10-01
5763,2025-06-01,Monthly,299,Hyderabad,
5764,2025-06-01,Monthly,299,Chennai,2025-08-01
5765,2025-06-01,Monthly,299,Jaipur,2025-09-01
5766,2025-06-01,Monthly,299,Pune,2025-09-01
5767,2025-06-01,Annual,2499,Ahmedabad,
5768,2025-06-01,Monthly,299,Mumbai,
5769,2025-06-01,Monthly,299,Chennai,
5770,2025-06-01,Monthly,299,Chennai,2026-04-01
5771,2025-06-01,Monthly,299,Mumbai,
5772,2025-06-01,Monthly,299,Pune,
5773,2025-06-01,Monthly,299,Bengaluru,
5774,2025-06-01,Monthly,299,Kolkata,2026-05-01
5775,2025-06-01,Monthly,299,Delhi,
5776,2025-06-01,Monthly,299,Hyderabad,2025-09-01
5777,2025-06-01,Monthly,299,Jaipur,2026-07-01
5778,2025-06-01,Monthly,299,Kolkata,2025-12-01
5779,2025-06-01,Annual,2499,Ahmedabad,2026-07-01
5780,2025-06-01,Monthly,299,Kolkata,
5781,2025-06-01,Monthly,299,Jaipur,2025-07-01
5782,2025-06-01,Annual,2499,Jaipur,
5783,2025-06-01,Monthly,299,Hyderabad,2026-01-01
5784,2025-06-01,Monthly,299,Delhi,2026-08-01
5785,2025-06-01,Monthly,299,Delhi,2026-07-01
5786,2025-06-01,Monthly,299,Patna,
5787,2025-06-01,Monthly,299,Pune,2026-04-01
5788,2025-06-01,Monthly,299,Mumbai,
5789,2025-06-01,Monthly,299,Hyderabad,2026-03-01
5790,2025-06-01,Monthly,299,Mumbai,2025-10-01
5791,2025-06-01,Monthly,299,Hyderabad,
5792,2025-06-01,Monthly,299,Mumbai,
5793,2025-06-01,Annual,2499,Jaipur,
5794,2025-06-01,Monthly,299,Pune,
5795,2025-06-01,Monthly,299,Chennai,2025-09-01
5796,2025-06-01,Annual,2499,Pune,
5797,2025-06-01,Annual,2499,Hyderabad,
5798,2025-06-01,Monthly,299,Kolkata,2025-08-01
5799,2025-06-01,Annual,2499,Mumbai,
5800,2025-06-01,Monthly,299,Patna,2026-01-01
5801,2025-06-01,Monthly,299,Patna,2025-07-01
5802,2025-06-01,Monthly,299,Patna,2026-04-01
5803,2025-06-01,Monthly,299,Mumbai,2026-04-01
5804,2025-06-01,Monthly,299,Ahmedabad,2025-11-01
5805,2025-06-01,Monthly,299,Hyderabad,2026-05-01
5806,2025-06-01,Annual,2499,Bengaluru,
5807,2025-06-01,Monthly,299,Bengaluru,2025-12-01
5808,2025-06-01,Monthly,299,Ahmedabad,2025-11-01
5809,2025-06-01,Monthly,299,Mumbai,2025-08-01
5810,2025-06-01,Monthly,299,Patna,
5811,2025-06-01,Monthly,299,Mumbai,
5812,2025-06-01,Monthly,299,Ahmedabad,
5813,2025-06-01,Monthly,299,Pune,
5814,2025-06-01,Monthly,299,Hyderabad,
5815,2025-06-01,Annual,2499,Delhi,2026-02-01
5816,2025-06-01,Monthly,299,Hyderabad,
5817,2025-06-01,Annual,2499,Mumbai,
5818,2025-06-01,Monthly,299,Jaipur,
5819,2025-06-01,Monthly,299,Chennai,
5820,2025-06-01,Monthly,299,Ahmedabad,2026-03-01
5821,2025-06-01,Annual,2499,Bengaluru,
5822,2025-06-01,Annual,2499,Ahmedabad,
5823,2025-06-01,Monthly,299,Jaipur,2026-04-01
5824,2025-06-01,Monthly,299,Patna,2025-09-01
5825,2025-06-01,Annual,2499,Delhi,
5826,2025-06-01,Monthly,299,Delhi,2025-09-01
5827,2025-06-01,Annual,2499,Kolkata,
5828,2025-06-01,Monthly,299,Bengaluru,
5829,2025-06-01,Monthly,299,Pune,
5830,2025-06-01,Annual,2499,Patna,
5831,2025-06-01,Annual,2499,Ahmedabad,
5832,2025-06-01,Annual,2499,Chennai,2025-12-01
5833,2025-06-01,Monthly,299,Patna,
5834,2025-06-01,Monthly,299,Hyderabad,2025-07-01
5835,2025-06-01,Annual,2499,Patna,
5836,2025-06-01,Monthly,299,Mumbai,2025-07-01
5837,2025-06-01,Monthly,299,Patna,
5838,2025-06-01,Monthly,299,Chennai,
5839,2025-06-01,Monthly,299,Mumbai,2025-10-01
5840,2025-06-01,Annual,2499,Chennai,
5841,2025-06-01,Annual,2499,Hyderabad,2025-07-01
5842,2025-06-01,Annual,2499,Patna,
5843,2025-06-01,Annual,2499,Pune,
5844,2025-06-01,Monthly,299,Jaipur,
5845,2025-06-01,Monthly,299,Hyderabad,2026-03-01
5846,2025-06-01,Monthly,299,Ahmedabad,2025-08-01
5847,2025-06-01,Monthly,299,Hyderabad,2025-09-01
5848,2025-06-01,Monthly,299,Hyderabad,
5849,2025-06-01,Monthly,299,Mumbai,
5850,2025-06-01,Annual,2499,Patna,2025-11-01
5851,2025-06-01,Monthly,299,Jaipur,2025-08-01
5852,2025-06-01,Monthly,299,Hyderabad,2026-01-01
5853,2025-06-01,Monthly,299,Bengaluru,2026-03-01
5854,2025-06-01,Annual,2499,Pune,
5855,2025-06-01,Monthly,299,Hyderabad,2025-07-01
5856,2025-06-01,Monthly,299,Bengaluru,2026-05-01
5857,2025-06-01,Monthly,299,Hyderabad,
5858,2025-06-01,Annual,2499,Patna,
5859,2025-06-01,Annual,2499,Delhi,2025-07-01
5860,2025-06-01,Monthly,299,Hyderabad,2025-08-01
5861,2025-06-01,Monthly,299,Jaipur,
5862,2025-06-01,Annual,2499,Mumbai,
5863,2025-06-01,Monthly,299,Bengaluru,
5864,2025-06-01,Monthly,299,Pune,
5865,2025-06-01,Monthly,299,Hyderabad,2025-12-01
5866,2025-06-01,Annual,2499,Pune,2026-06-01
5867,2025-06-01,Monthly,299,Kolkata,
5868,2025-06-01,Monthly,299,Pune,2025-08-01
5869,2025-06-01,Monthly,299,Pune,
5870,2025-06-01,Monthly,299,,2025-12-01
5871,2025-06-01,Monthly,299,Jaipur,2026-02-01
5872,2025-06-01,Annual,2499,Mumbai,
5873,2025-06-01,Annual,2499,Pune,
5874,2025-06-01,Annual,2499,Ahmedabad,2026-04-01
5875,2025-06-01,Monthly,299,,
5876,2025-06-01,Monthly,299,Ahmedabad,
5877,2025-06-01,Monthly,299,Patna,2026-07-01
5878,2025-06-01,Monthly,299,Hyderabad,
5879,2025-06-01,Monthly,299,Hyderabad,2025-07-01
5880,2025-06-01,Annual,2499,Mumbai,2025-11-01
5881,2025-06-01,Monthly,299,Jaipur,2026-07-01
5882,2025-06-01,Annual,2499,Mumbai,2026-05-01
5883,2025-06-01,Annual,2499,Patna,
5884,2025-06-01,Monthly,299,Jaipur,2025-08-01
5885,2025-06-01,Monthly,299,Hyderabad,2025-11-01
5886,2025-06-01,Annual,2499,Bengaluru,
5887,2025-06-01,Monthly,299,Jaipur,2025-07-01
5888,2025-06-01,Annual,2499,Delhi,
5889,2025-06-01,Annual,2499,Pune,2026-08-01
5890,2025-06-01,Monthly,299,Mumbai,2025-07-01
5891,2025-06-01,Annual,2499,Hyderabad,
5892,2025-06-01,Monthly,299,Chennai,2026-05-01
5893,2025-06-01,Monthly,299,Jaipur,
5894,2025-06-01,Monthly,299,Hyderabad,2026-03-01
5895,2025-06-01,Monthly,299,Bengaluru,
5896,2025-06-01,Monthly,299,Mumbai,2026-03-01
5897,2025-06-01,Monthly,299,Mumbai,2025-10-01
5898,2025-06-01,Monthly,299,Mumbai,
5899,2025-06-01,Monthly,299,Chennai,2025-11-01
5900,2025-06-01,Monthly,299,Jaipur,2025-07-01
5901,2025-06-01,Annual,2499,Patna,
5902,2025-06-01,Annual,2499,Pune,
5903,2025-06-01,Annual,2499,Kolkata,
5904,2025-06-01,Annual,2499,Delhi,
5905,2025-06-01,Annual,2499,Pune,
5906,2025-06-01,Monthly,299,Hyderabad,2025-07-01
5907,2025-06-01,Monthly,299,Chennai,2026-04-01
5908,2025-06-01,Monthly,299,Jaipur,
5909,2025-06-01,Monthly,299,Bengaluru,2025-07-01
5910,2025-06-01,Annual,2499,Bengaluru,
5911,2025-06-01,Monthly,299,Bengaluru,2026-01-01
5912,2025-06-01,Annual,2499,Kolkata,
5913,2025-06-01,Annual,2499,Patna,2025-07-01
5914,2025-06-01,Monthly,299,Hyderabad,2025-08-01
5915,2025-06-01,Monthly,299,Patna,
5916,2025-06-01,Annual,2499,Jaipur,
5917,2025-06-01,Monthly,299,Pune,
5918,2025-06-01,Monthly,299,Chennai,
5919,2025-06-01,Annual,2499,Kolkata,2025-07-01
5920,2025-06-01,Monthly,299,Delhi,
5921,2025-06-01,Monthly,299,Pune,2025-07-01
5922,2025-06-01,Monthly,299,Pune,
5923,2025-06-01,Monthly,299,Hyderabad,2025-07-01
5924,2025-06-01,Monthly,299,Delhi,2026-06-01
5925,2025-06-01,Annual,2499,Chennai,
5926,2025-06-01,Annual,2499,Patna,
5927,2025-06-01,Annual,2499,Ahmedabad,
5928,2025-06-01,Monthly,299,Pune,2026-01-01
5929,2025-06-01,Monthly,299,Jaipur,2025-11-01
5930,2025-06-01,Monthly,299,Delhi,
5931,2025-06-01,Monthly,299,Delhi,2025-11-01
5932,2025-06-01,Monthly,299,Hyderabad,2026-03-01
5933,2025-06-01,Monthly,299,Ahmedabad,
5934,2025-06-01,Monthly,299,Jaipur,2025-08-01
5935,2025-06-01,Annual,2499,Mumbai,
5936,2025-06-01,Monthly,299,,2025-08-01
5937,2025-06-01,Monthly,299,Bengaluru,2026-02-01
5938,2025-06-01,Annual,2499,Mumbai,2026-04-01
5939,2025-06-01,Monthly,299,Pune,
5940,2025-06-01,Annual,2499,Delhi,
5941,2025-06-01,Annual,2499,Bengaluru,
5942,2025-06-01,Monthly,299,Bengaluru,2025-12-01
5943,2025-06-01,Annual,2499,Pune,
5944,2025-06-01,Monthly,299,Kolkata,2026-08-01
5945,2025-06-01,Annual,2499,Bengaluru,2026-06-01
5946,2025-06-01,Annual,2499,Mumbai,
5947,2025-06-01,Annual,2499,Mumbai,
5948,2025-06-01,Monthly,299,Chennai,2025-12-01
5949,2025-06-01,Annual,2499,Hyderabad,
5950,2025-06-01,Monthly,299,Patna,
5951,2025-06-01,Annual,2499,Kolkata,
5952,2025-06-01,Monthly,299,Jaipur,2025-07-01
5953,2025-06-01,Monthly,299,Patna,
5954,2025-06-01,Annual,2499,Pune,
5955,2025-06-01,Annual,2499,Delhi,2026-02-01
5956,2025-06-01,Monthly,299,Chennai,2025-07-01
5957,2025-06-01,Monthly,299,Pune,2025-09-01
5958,2025-06-01,Monthly,299,Patna,2025-08-01
5959,2025-06-01,Annual,2499,Kolkata,
5960,2025-06-01,Monthly,299,Delhi,2025-07-01
5961,2025-06-01,Monthly,299,Bengaluru,2026-07-01
5962,2025-06-01,Annual,2499,Jaipur,
5963,2025-06-01,Annual,2499,Jaipur,
5964,2025-06-01,Monthly,299,Patna,
5965,2025-06-01,Monthly,299,Jaipur,2025-08-01
5966,2025-06-01,Monthly,299,Ahmedabad,2026-04-01
5967,2025-06-01,Monthly,299,Jaipur,2026-07-01
5968,2025-06-01,Annual,2499,Chennai,
5969,2025-06-01,Monthly,299,Bengaluru,2025-07-01
5970,2025-06-01,Monthly,299,Jaipur,2025-07-01
5971,2025-06-01,Annual,2499,Pune,
5972,2025-06-01,Annual,2499,Ahmedabad,
5973,2025-06-01,Monthly,299,Hyderabad,2026-08-01
5974,2025-06-01,Annual,2499,Pune,
5975,2025-06-01,Monthly,299,Delhi,2026-01-01
5976,2025-06-01,Annual,2499,Patna,2025-07-01
5977,2025-06-01,Monthly,299,Hyderabad,
5978,2025-06-01,Monthly,299,Hyderabad,2025-07-01
5979,2025-06-01,Annual,2499,Kolkata,2026-07-01
5980,2025-06-01,Annual,2499,Ahmedabad,
5981,2025-06-01,Monthly,299,Chennai,2025-07-01
5982,2025-06-01,Monthly,299,Delhi,2025-07-01
5983,2025-06-01,Monthly,299,Ahmedabad,2026-02-01
5984,2025-06-01,Monthly,299,Bengaluru,2026-01-01
5985,2025-06-01,Monthly,299,Mumbai,2025-07-01
5986,2025-06-01,Monthly,299,Ahmedabad,
5987,2025-06-01,Monthly,299,Ahmedabad,
5988,2025-06-01,Monthly,299,Bengaluru,2025-07-01
5989,2025-06-01,Monthly,299,Jaipur,2025-08-01
5990,2025-06-01,Annual,2499,Kolkata,
5991,2025-06-01,Monthly,299,Jaipur,2025-08-01
5992,2025-06-01,Monthly,299,Hyderabad,2025-07-01
5993,2025-06-01,Monthly,299,Ahmedabad,2025-08-01
5994,2025-06-01,Monthly,299,Chennai,2025-12-01
5995,2025-06-01,Monthly,299,Mumbai,
5996,2025-06-01,Annual,2499,Kolkata,
5997,2025-06-01,Monthly,299,Bengaluru,
5998,2025-06-01,Monthly,299,Pune,2025-12-01
5999,2025-06-01,Annual,2499,Jaipur,
6000,2025-06-01,Annual,2499,Kolkata,
6001,2025-06-01,Monthly,299,Ahmedabad,
6002,2025-06-01,Annual,2499,Bengaluru,
6003,2025-06-01,Monthly,299,Bengaluru,2025-11-01
6004,2025-06-01,Monthly,299,Bengaluru,2026-06-01
6005,2025-06-01,Monthly,299,Hyderabad,
6006,2025-06-01,Annual,2499,Hyderabad,2025-08-01
6007,2025-07-01,Monthly,299,Kolkata,2025-09-01
6008,2025-07-01,Monthly,299,Jaipur,
6009,2025-07-01,Annual,2499,Mumbai,
6010,2025-07-01,Monthly,299,Hyderabad,2025-08-01
6011,2025-07-01,Annual,2499,Mumbai,2026-05-01
6012,2025-07-01,Monthly,299,Kolkata,2025-09-01
6013,2025-07-01,Monthly,299,Bengaluru,2026-05-01
6014,2025-07-01,Monthly,299,Kolkata,2025-12-01
6015,2025-07-01,Annual,2499,Pune,
6016,2025-07-01,Monthly,299,Patna,
6017,2025-07-01,Monthly,299,Hyderabad,
6018,2025-07-01,Annual,2499,Delhi,
6019,2025-07-01,Monthly,299,Ahmedabad,2025-08-01
6020,2025-07-01,Monthly,299,Chennai,
6021,2025-07-01,Monthly,299,Pune,2026-01-01
6022,2025-07-01,Monthly,299,,2025-11-01
6023,2025-07-01,Monthly,299,Pune,2026-03-01
6024,2025-07-01,Annual,2499,Bengaluru,
6025,2025-07-01,Monthly,299,Kolkata,
6026,2025-07-01,Monthly,299,Bengaluru,
6027,2025-07-01,Monthly,299,Bengaluru,2025-08-01
6028,2025-07-01,Monthly,299,Mumbai,2025-08-01
6029,2025-07-01,Monthly,299,Hyderabad,
6030,2025-07-01,Monthly,299,Jaipur,
6031,2025-07-01,Monthly,299,Chennai,
6032,2025-07-01,Annual,2499,Chennai,
6033,2025-07-01,Annual,2499,Patna,
6034,2025-07-01,Annual,2499,Pune,
6035,2025-07-01,Monthly,299,Hyderabad,
6036,2025-07-01,Annual,2499,Pune,
6037,2025-07-01,Annual,2499,Delhi,2025-08-01
6038,2025-07-01,Monthly,299,Patna,2025-08-01
6039,2025-07-01,Monthly,299,Bengaluru,
6040,2025-07-01,Monthly,299,Delhi,
6041,2025-07-01,Monthly,299,Hyderabad,
6042,2025-07-01,Monthly,299,Mumbai,2025-11-01
6043,2025-07-01,Monthly,299,Kolkata,2026-03-01
6044,2025-07-01,Monthly,299,Jaipur,2026-06-01
6045,2025-07-01,Monthly,299,Kolkata,2026-08-01
6046,2025-07-01,Monthly,299,Chennai,2025-08-01
6047,2025-07-01,Annual,2499,Pune,
6048,2025-07-01,Annual,2499,Jaipur,
6049,2025-07-01,Monthly,299,Bengaluru,2026-02-01
6050,2025-07-01,Annual,2499,Kolkata,2025-10-01
6051,2025-07-01,Monthly,299,Kolkata,
6052,2025-07-01,Monthly,299,Mumbai,
6053,2025-07-01,Monthly,299,Chennai,
6054,2025-07-01,Monthly,299,Mumbai,2025-10-01
6055,2025-07-01,Monthly,299,Hyderabad,2025-08-01
6056,2025-07-01,Monthly,299,Pune,
6057,2025-07-01,Monthly,299,Mumbai,
6058,2025-07-01,Annual,2499,Mumbai,
6059,2025-07-01,Annual,2499,Bengaluru,
6060,2025-07-01,Annual,2499,Ahmedabad,2025-08-01
6061,2025-07-01,Annual,2499,Hyderabad,
6062,2025-07-01,Annual,2499,Kolkata,
6063,2025-07-01,Monthly,299,Jaipur,2025-08-01
6064,2025-07-01,Monthly,299,Ahmedabad,2025-09-01
6065,2025-07-01,Monthly,299,Delhi,2026-07-01
6066,2025-07-01,Annual,2499,Mumbai,
6067,2025-07-01,Monthly,299,Chennai,2025-08-01
6068,2025-07-01,Annual,2499,Bengaluru,
6069,2025-07-01,Monthly,299,Kolkata,2026-05-01
6070,2025-07-01,Annual,2499,Bengaluru,
6071,2025-07-01,Monthly,299,Mumbai,2025-11-01
6072,2025-07-01,Annual,2499,Delhi,
6073,2025-07-01,Monthly,299,Bengaluru,2026-02-01
6074,2025-07-01,Monthly,299,Mumbai,
6075,2025-07-01,Annual,2499,Jaipur,
6076,2025-07-01,Monthly,299,Pune,2025-09-01
6077,2025-07-01,Monthly,299,Hyderabad,2025-10-01
6078,2025-07-01,Monthly,299,Bengaluru,2026-05-01
6079,2025-07-01,Monthly,299,Jaipur,2025-12-01
6080,2025-07-01,Annual,2499,Patna,
6081,2025-07-01,Annual,2499,Pune,
6082,2025-07-01,Annual,2499,Hyderabad,
6083,2025-07-01,Annual,2499,Jaipur,2025-10-01
6084,2025-07-01,Monthly,299,Mumbai,2025-11-01
6085,2025-07-01,Monthly,299,Delhi,2026-05-01
6086,2025-07-01,Monthly,299,Mumbai,
6087,2025-07-01,Monthly,299,Chennai,2025-09-01
6088,2025-07-01,Monthly,299,Delhi,2025-10-01
6089,2025-07-01,Monthly,299,Bengaluru,
6090,2025-07-01,Monthly,299,Jaipur,
6091,2025-07-01,Monthly,299,Pune,
6092,2025-07-01,Monthly,299,Mumbai,2025-12-01
6093,2025-07-01,Monthly,299,Kolkata,2026-07-01
6094,2025-07-01,Annual,2499,Delhi,
6095,2025-07-01,Monthly,299,Kolkata,2025-09-01
6096,2025-07-01,Monthly,299,Ahmedabad,
6097,2025-07-01,Annual,2499,Kolkata,
6098,2025-07-01,Monthly,299,Chennai,2026-01-01
6099,2025-07-01,Monthly,299,Kolkata,
6100,2025-07-01,Monthly,299,Delhi,
6101,2025-07-01,Annual,2499,Patna,
6102,2025-07-01,Monthly,299,Bengaluru,
6103,2025-07-01,Annual,2499,Pune,
6104,2025-07-01,Monthly,299,Delhi,2026-03-01
6105,2025-07-01,Monthly,299,Kolkata,
6106,2025-07-01,Monthly,299,Hyderabad,2025-08-01
6107,2025-07-01,Annual,2499,Patna,2026-04-01
6108,2025-07-01,Monthly,299,Bengaluru,
6109,2025-07-01,Monthly,299,Jaipur,
6110,2025-07-01,Annual,2499,Ahmedabad,
6111,2025-07-01,Annual,2499,Delhi,2025-08-01
6112,2025-07-01,Monthly,299,Hyderabad,
6113,2025-07-01,Annual,2499,Jaipur,
6114,2025-07-01,Annual,2499,Mumbai,
6115,2025-07-01,Annual,2499,Ahmedabad,
6116,2025-07-01,Monthly,299,Delhi,
6117,2025-07-01,Monthly,299,,
6118,2025-07-01,Monthly,299,Kolkata,
6119,2025-07-01,Monthly,299,Ahmedabad,
6120,2025-07-01,Monthly,299,Pune,2025-10-01
6121,2025-07-01,Annual,2499,Pune,
6122,2025-07-01,Monthly,299,Bengaluru,2026-08-01
6123,2025-07-01,Monthly,299,Hyderabad,
6124,2025-07-01,Monthly,299,Bengaluru,2025-11-01
6125,2025-07-01,Monthly,299,Bengaluru,2026-06-01
6126,2025-07-01,Monthly,299,Bengaluru,2026-02-01
6127,2025-07-01,Monthly,299,Kolkata,
6128,2025-07-01,Annual,2499,Mumbai,
6129,2025-07-01,Annual,2499,Kolkata,
6130,2025-07-01,Monthly,299,Bengaluru,2025-08-01
6131,2025-07-01,Annual,2499,Jaipur,
6132,2025-07-01,Monthly,299,Pune,
6133,2025-07-01,Annual,2499,Mumbai,
6134,2025-07-01,Monthly,299,Ahmedabad,
6135,2025-07-01,Annual,2499,Bengaluru,2026-02-01
6136,2025-07-01,Annual,2499,Pune,
6137,2025-07-01,Monthly,299,Patna,2025-12-01
6138,2025-07-01,Monthly,299,Delhi,2026-03-01
6139,2025-07-01,Annual,2499,Delhi,
6140,2025-07-01,Monthly,299,Jaipur,
6141,2025-07-01,Monthly,299,Kolkata,
6142,2025-07-01,Annual,2499,Chennai,
6143,2025-07-01,Monthly,299,Bengaluru,2026-01-01
6144,2025-07-01,Monthly,299,Patna,
6145,2025-07-01,Monthly,299,Pune,
6146,2025-07-01,Monthly,299,Kolkata,2026-02-01
6147,2025-07-01,Monthly,299,Ahmedabad,2026-01-01
6148,2025-07-01,Monthly,299,Pune,2025-08-01
6149,2025-07-01,Annual,2499,Jaipur,
6150,2025-07-01,Annual,2499,Pune,
6151,2025-07-01,Monthly,299,Jaipur,
6152,2025-07-01,Monthly,299,Pune,2025-08-01
6153,2025-07-01,Monthly,299,Kolkata,
6154,2025-07-01,Annual,2499,Hyderabad,
6155,2025-07-01,Monthly,299,Bengaluru,2025-10-01
6156,2025-07-01,Monthly,299,Delhi,2026-02-01
6157,2025-07-01,Monthly,299,Delhi,
6158,2025-07-01,Monthly,299,Pune,2025-10-01
6159,2025-07-01,Monthly,299,Hyderabad,2025-09-01
6160,2025-07-01,Annual,2499,Bengaluru,
6161,2025-07-01,Annual,2499,Kolkata,2025-09-01
6162,2025-07-01,Monthly,299,Patna,
6163,2025-07-01,Monthly,299,Bengaluru,2025-10-01
6164,2025-07-01,Monthly,299,Pune,
6165,2025-07-01,Annual,2499,Ahmedabad,2025-10-01
6166,2025-07-01,Monthly,299,Delhi,
6167,2025-07-01,Annual,2499,Delhi,
6168,2025-07-01,Monthly,299,Chennai,2025-09-01
6169,2025-07-01,Monthly,299,Delhi,2025-09-01
6170,2025-07-01,Annual,2499,Jaipur,
6171,2025-07-01,Monthly,299,Hyderabad,2025-08-01
6172,2025-07-01,Monthly,299,Kolkata,2026-04-01
6173,2025-07-01,Annual,2499,Pune,
6174,2025-07-01,Monthly,299,Ahmedabad,2025-08-01
6175,2025-07-01,Monthly,299,Jaipur,2025-08-01
6176,2025-07-01,Monthly,299,Chennai,
6177,2025-07-01,Annual,2499,Hyderabad,
6178,2025-07-01,Annual,2499,Patna,
6179,2025-07-01,Monthly,299,Jaipur,2025-09-01
6180,2025-07-01,Monthly,299,Delhi,
6181,2025-07-01,Monthly,299,Delhi,2025-10-01
6182,2025-07-01,Annual,2499,Hyderabad,
6183,2025-07-01,Annual,2499,Kolkata,
6184,2025-07-01,Monthly,299,Chennai,2026-07-01
6185,2025-07-01,Monthly,299,Kolkata,
6186,2025-07-01,Monthly,299,Chennai,
6187,2025-07-01,Annual,2499,Delhi,2026-06-01
6188,2025-07-01,Annual,2499,Kolkata,
6189,2025-07-01,Monthly,299,Hyderabad,2025-08-01
6190,2025-07-01,Monthly,299,Bengaluru,
6191,2025-07-01,Monthly,299,Ahmedabad,2026-06-01
6192,2025-07-01,Monthly,299,Bengaluru,2026-05-01
6193,2025-07-01,Annual,2499,Hyderabad,
6194,2025-07-01,Annual,2499,Mumbai,
6195,2025-07-01,Annual,2499,Patna,
6196,2025-07-01,Monthly,299,Patna,2025-09-01
6197,2025-07-01,Monthly,299,Jaipur,2025-09-01
6198,2025-07-01,Annual,2499,Mumbai,
6199,2025-07-01,Monthly,299,Hyderabad,2025-08-01
6200,2025-07-01,Monthly,299,Hyderabad,
6201,2025-07-01,Annual,2499,Patna,
6202,2025-07-01,Annual,2499,Bengaluru,
6203,2025-07-01,Monthly,299,Jaipur,2025-08-01
6204,2025-07-01,Monthly,299,Delhi,2025-09-01
6205,2025-07-01,Monthly,299,Hyderabad,
6206,2025-07-01,Monthly,299,Patna,
6207,2025-07-01,Monthly,299,Mumbai,2026-08-01
6208,2025-07-01,Monthly,299,Mumbai,
6209,2025-07-01,Monthly,299,Delhi,
6210,2025-07-01,Monthly,299,Pune,2026-04-01
6211,2025-07-01,Monthly,299,Ahmedabad,2025-08-01
6212,2025-07-01,Monthly,299,Kolkata,
6213,2025-07-01,Monthly,299,,2025-08-01
6214,2025-07-01,Monthly,299,Kolkata,
6215,2025-07-01,Monthly,299,Patna,2025-08-01
6216,2025-07-01,Annual,2499,Hyderabad,
6217,2025-07-01,Monthly,299,Kolkata,2025-08-01
6218,2025-07-01,Monthly,299,Kolkata,
6219,2025-07-01,Monthly,299,Jaipur,2025-12-01
6220,2025-07-01,Monthly,299,Patna,2025-08-01
6221,2025-07-01,Annual,2499,Mumbai,
6222,2025-07-01,Monthly,299,Chennai,2025-08-01
6223,2025-07-01,Annual,2499,Patna,
6224,2025-07-01,Monthly,299,Hyderabad,2025-10-01
6225,2025-07-01,Monthly,299,Hyderabad,2026-04-01
6226,2025-07-01,Monthly,299,Bengaluru,2025-12-01
6227,2025-07-01,Annual,2499,Patna,
6228,2025-07-01,Monthly,299,Pune,2026-02-01
6229,2025-07-01,Annual,2499,Jaipur,
6230,2025-07-01,Monthly,299,Bengaluru,
6231,2025-07-01,Monthly,299,Chennai,2025-11-01
6232,2025-07-01,Monthly,299,Pune,2025-08-01
6233,2025-07-01,Annual,2499,Patna,2026-06-01
6234,2025-07-01,Monthly,299,Jaipur,2025-08-01
6235,2025-07-01,Monthly,299,Pune,2026-06-01
6236,2025-07-01,Monthly,299,Chennai,2025-10-01
6237,2025-07-01,Monthly,299,Delhi,
6238,2025-07-01,Monthly,299,Mumbai,2025-09-01
6239,2025-07-01,Annual,2499,Patna,
6240,2025-07-01,Annual,2499,Kolkata,
6241,2025-07-01,Annual,2499,Bengaluru,
6242,2025-07-01,Monthly,299,Hyderabad,2025-08-01
6243,2025-07-01,Monthly,299,Hyderabad,
6244,2025-07-01,Monthly,299,Hyderabad,2025-10-01
6245,2025-07-01,Annual,2499,Jaipur,
6246,2025-07-01,Annual,2499,Ahmedabad,
6247,2025-07-01,Monthly,299,Jaipur,
6248,2025-07-01,Monthly,299,Kolkata,2026-07-01
6249,2025-07-01,Monthly,299,Patna,2025-10-01
6250,2025-07-01,Monthly,299,Jaipur,2025-08-01
6251,2025-07-01,Monthly,299,,2025-11-01
6252,2025-07-01,Annual,2499,Jaipur,
6253,2025-07-01,Monthly,299,Hyderabad,
6254,2025-07-01,Monthly,299,Bengaluru,2026-05-01
6255,2025-07-01,Monthly,299,Kolkata,
6256,2025-07-01,Annual,2499,Patna,2026-08-01
6257,2025-07-01,Monthly,299,Mumbai,2025-10-01
6258,2025-07-01,Monthly,299,Kolkata,2025-08-01
6259,2025-07-01,Annual,2499,Bengaluru,
6260,2025-07-01,Annual,2499,,
6261,2025-07-01,Monthly,299,Jaipur,2026-06-01
6262,2025-07-01,Monthly,299,Delhi,
6263,2025-07-01,Annual,2499,Chennai,
6264,2025-07-01,Monthly,299,,
6265,2025-07-01,Monthly,299,Ahmedabad,2026-02-01
6266,2025-07-01,Annual,2499,Chennai,
6267,2025-07-01,Monthly,299,Kolkata,
6268,2025-07-01,Annual,2499,Mumbai,
6269,2025-07-01,Annual,2499,Ahmedabad,
6270,2025-07-01,Monthly,299,Kolkata,
6271,2025-07-01,Monthly,299,Kolkata,
6272,2025-07-01,Monthly,299,Pune,
6273,2025-07-01,Annual,2499,Chennai,
6274,2025-07-01,Annual,2499,Hyderabad,
6275,2025-07-01,Annual,2499,Ahmedabad,
6276,2025-07-01,Monthly,299,Ahmedabad,2026-01-01
6277,2025-07-01,Monthly,299,Mumbai,
6278,2025-07-01,Monthly,299,Pune,2026-03-01
6279,2025-07-01,Monthly,299,Patna,2025-09-01
6280,2025-07-01,Monthly,299,Ahmedabad,2025-09-01
6281,2025-07-01,Annual,2499,Kolkata,
6282,2025-07-01,Monthly,299,Chennai,2026-01-01
6283,2025-07-01,Monthly,299,Pune,2025-10-01
6284,2025-07-01,Monthly,299,Jaipur,2026-06-01
6285,2025-07-01,Monthly,299,Delhi,
6286,2025-07-01,Annual,2499,Bengaluru,
6287,2025-07-01,Monthly,299,,2025-12-01
6288,2025-07-01,Annual,2499,Delhi,
6289,2025-07-01,Annual,2499,Mumbai,
6290,2025-07-01,Monthly,299,Hyderabad,
6291,2025-07-01,Monthly,299,Ahmedabad,2026-03-01
6292,2025-07-01,Annual,2499,Mumbai,
6293,2025-07-01,Monthly,299,Delhi,2025-08-01
6294,2025-07-01,Annual,2499,Chennai,2025-11-01
6295,2025-07-01,Monthly,299,Mumbai,2026-02-01
6296,2025-07-01,Annual,2499,Kolkata,
6297,2025-07-01,Monthly,299,Kolkata,
6298,2025-07-01,Annual,2499,Mumbai,
6299,2025-07-01,Monthly,299,Delhi,
6300,2025-07-01,Monthly,299,Ahmedabad,2025-09-01
6301,2025-07-01,Monthly,299,Pune,2025-11-01
6302,2025-07-01,Monthly,299,Patna,2025-09-01
6303,2025-07-01,Monthly,299,Ahmedabad,2026-02-01
6304,2025-07-01,Monthly,299,Mumbai,2025-10-01
6305,2025-07-01,Monthly,299,Pune,2025-08-01
6306,2025-07-01,Monthly,299,Pune,2025-12-01
6307,2025-07-01,Annual,2499,Bengaluru,
6308,2025-07-01,Annual,2499,Chennai,
6309,2025-07-01,Monthly,299,Mumbai,2025-09-01
6310,2025-07-01,Monthly,299,Kolkata,
6311,2025-07-01,Monthly,299,Pune,2026-08-01
6312,2025-07-01,Monthly,299,Mumbai,
6313,2025-07-01,Monthly,299,Kolkata,
6314,2025-07-01,Annual,2499,Mumbai,
6315,2025-07-01,Annual,2499,Bengaluru,
6316,2025-07-01,Annual,2499,Bengaluru,
6317,2025-07-01,Annual,2499,Mumbai,
6318,2025-07-01,Monthly,299,Jaipur,2025-11-01
6319,2025-07-01,Monthly,299,Kolkata,2025-10-01
6320,2025-07-01,Monthly,299,Hyderabad,2025-08-01
6321,2025-07-01,Annual,2499,Mumbai,
6322,2025-07-01,Monthly,299,Pune,
6323,2025-07-01,Monthly,299,Jaipur,2026-06-01
6324,2025-07-01,Monthly,299,Chennai,2025-09-01
6325,2025-07-01,Monthly,299,Bengaluru,2025-09-01
6326,2025-07-01,Monthly,299,Patna,
6327,2025-07-01,Monthly,299,Kolkata,2025-08-01
6328,2025-07-01,Annual,2499,Delhi,
6329,2025-07-01,Annual,2499,Bengaluru,
6330,2025-07-01,Monthly,299,Chennai,2026-01-01
6331,2025-07-01,Monthly,299,Hyderabad,2025-11-01
6332,2025-07-01,Monthly,299,Jaipur,2026-08-01
6333,2025-07-01,Monthly,299,Kolkata,
6334,2025-07-01,Monthly,299,Pune,2025-08-01
6335,2025-07-01,Monthly,299,Chennai,2025-09-01
6336,2025-07-01,Annual,2499,Chennai,2025-10-01
6337,2025-07-01,Annual,2499,Patna,
6338,2025-07-01,Monthly,299,Ahmedabad,2025-10-01
6339,2025-07-01,Monthly,299,Delhi,
6340,2025-07-01,Annual,2499,Delhi,2025-08-01
6341,2025-07-01,Monthly,299,Kolkata,
6342,2025-07-01,Monthly,299,Chennai,2025-08-01
6343,2025-07-01,Monthly,299,Chennai,2025-08-01
6344,2025-07-01,Monthly,299,Kolkata,2026-03-01
6345,2025-07-01,Monthly,299,Pune,
6346,2025-07-01,Monthly,299,Kolkata,
6347,2025-07-01,Monthly,299,Jaipur,2025-12-01
6348,2025-07-01,Annual,2499,Patna,
6349,2025-07-01,Monthly,299,Jaipur,2026-06-01
6350,2025-07-01,Monthly,299,Pune,
6351,2025-07-01,Monthly,299,Pune,
6352,2025-07-01,Monthly,299,Patna,
6353,2025-07-01,Monthly,299,Mumbai,
6354,2025-07-01,Annual,2499,Mumbai,
6355,2025-07-01,Monthly,299,Delhi,
6356,2025-07-01,Monthly,299,Delhi,
6357,2025-07-01,Monthly,299,Pune,2026-08-01
6358,2025-07-01,Monthly,299,Ahmedabad,2025-08-01
6359,2025-07-01,Monthly,299,Pune,
6360,2025-07-01,Annual,2499,Mumbai,2025-09-01
6361,2025-07-01,Annual,2499,Chennai,
6362,2025-07-01,Monthly,299,Kolkata,2026-04-01
6363,2025-07-01,Monthly,299,Bengaluru,
6364,2025-07-01,Annual,2499,Ahmedabad,
6365,2025-07-01,Monthly,299,Chennai,
6366,2025-07-01,Monthly,299,Jaipur,2026-08-01
6367,2025-07-01,Monthly,299,Hyderabad,
6368,2025-07-01,Monthly,299,Kolkata,2026-07-01
6369,2025-07-01,Monthly,299,Mumbai,
6370,2025-07-01,Monthly,299,Hyderabad,2025-08-01
6371,2025-07-01,Monthly,299,Jaipur,2026-03-01
6372,2025-07-01,Annual,2499,Patna,
6373,2025-07-01,Annual,2499,Patna,
6374,2025-07-01,Monthly,299,Kolkata,2026-01-01
6375,2025-07-01,Monthly,299,Jaipur,
6376,2025-07-01,Annual,2499,Jaipur,
6377,2025-07-01,Monthly,299,Ahmedabad,
6378,2025-07-01,Annual,2499,Chennai,
6379,2025-07-01,Monthly,299,Bengaluru,2025-10-01
6380,2025-07-01,Monthly,299,Mumbai,
6381,2025-07-01,Annual,2499,Mumbai,
6382,2025-07-01,Annual,2499,Jaipur,
6383,2025-07-01,Annual,2499,Kolkata,2025-08-01
6384,2025-07-01,Annual,2499,Delhi,
6385,2025-07-01,Monthly,299,Hyderabad,
6386,2025-07-01,Monthly,299,Bengaluru,
6387,2025-07-01,Monthly,299,Kolkata,2025-10-01
6388,2025-07-01,Monthly,299,Mumbai,2025-08-01
6389,2025-07-01,Annual,2499,Mumbai,
6390,2025-07-01,Monthly,299,Mumbai,
6391,2025-07-01,Monthly,299,Kolkata,2025-11-01
6392,2025-07-01,Monthly,299,Patna,
6393,2025-07-01,Monthly,299,Jaipur,2025-09-01
6394,2025-07-01,Annual,2499,Pune,
6395,2025-07-01,Monthly,299,Hyderabad,2025-12-01
6396,2025-07-01,Monthly,299,Pune,2025-10-01
6397,2025-07-01,Annual,2499,,
6398,2025-07-01,Annual,2499,Jaipur,
6399,2025-07-01,Monthly,299,Patna,2025-10-01
6400,2025-07-01,Monthly,299,Ahmedabad,2025-12-01
6401,2025-07-01,Monthly,299,Delhi,2026-01-01
6402,2025-07-01,Annual,2499,Bengaluru,
6403,2025-07-01,Monthly,299,Pune,2025-12-01
6404,2025-07-01,Annual,2499,Jaipur,2025-10-01
6405,2025-07-01,Monthly,299,Patna,2025-09-01
6406,2025-07-01,Monthly,299,Mumbai,2026-01-01
6407,2025-07-01,Monthly,299,Bengaluru,2026-05-01
6408,2025-07-01,Annual,2499,Patna,
6409,2025-07-01,Monthly,299,Mumbai,2026-05-01
6410,2025-07-01,Monthly,299,Delhi,2026-03-01
6411,2025-07-01,Monthly,299,Pune,
6412,2025-07-01,Monthly,299,Kolkata,2025-08-01
6413,2025-07-01,Annual,2499,Mumbai,
6414,2025-07-01,Monthly,299,Bengaluru,
6415,2025-07-01,Monthly,299,Chennai,
6416,2025-07-01,Annual,2499,Delhi,
6417,2025-07-01,Monthly,299,Jaipur,2026-03-01
6418,2025-07-01,Monthly,299,Delhi,
6419,2025-07-01,Annual,2499,Chennai,2025-09-01
6420,2025-07-01,Monthly,299,Pune,2026-05-01
6421,2025-07-01,Monthly,299,Patna,2025-10-01
6422,2025-07-01,Annual,2499,Delhi,
6423,2025-07-01,Annual,2499,Patna,
6424,2025-07-01,Monthly,299,Mumbai,2026-01-01
6425,2025-07-01,Annual,2499,Bengaluru,
6426,2025-07-01,Monthly,299,Patna,2026-03-01
6427,2025-07-01,Monthly,299,Bengaluru,2026-02-01
6428,2025-07-01,Monthly,299,Mumbai,
6429,2025-07-01,Monthly,299,Jaipur,2025-09-01
6430,2025-07-01,Annual,2499,Kolkata,
6431,2025-07-01,Monthly,299,Mumbai,
6432,2025-07-01,Monthly,299,Delhi,
6433,2025-07-01,Monthly,299,Patna,2026-04-01
6434,2025-07-01,Monthly,299,Mumbai,2025-10-01
6435,2025-07-01,Monthly,299,Delhi,2025-08-01
6436,2025-07-01,Monthly,299,Jaipur,2025-08-01
6437,2025-07-01,Monthly,299,Hyderabad,2026-03-01
6438,2025-07-01,Monthly,299,Pune,
6439,2025-07-01,Monthly,299,Kolkata,2025-09-01
6440,2025-07-01,Monthly,299,Ahmedabad,2026-01-01
6441,2025-07-01,Monthly,299,Hyderabad,2026-04-01
6442,2025-07-01,Monthly,299,Pune,2026-05-01
6443,2025-07-01,Annual,2499,Chennai,
6444,2025-07-01,Monthly,299,Chennai,2026-05-01
6445,2025-07-01,Monthly,299,Delhi,
6446,2025-07-01,Monthly,299,Bengaluru,
6447,2025-07-01,Monthly,299,Chennai,
6448,2025-07-01,Annual,2499,Mumbai,
6449,2025-07-01,Annual,2499,Jaipur,
6450,2025-07-01,Monthly,299,Patna,2025-10-01
6451,2025-07-01,Annual,2499,Ahmedabad,
6452,2025-07-01,Annual,2499,Kolkata,2025-08-01
6453,2025-07-01,Monthly,299,Bengaluru,2025-12-01
6454,2025-07-01,Monthly,299,Chennai,
6455,2025-07-01,Annual,2499,Delhi,
6456,2025-07-01,Monthly,299,Jaipur,2026-08-01
6457,2025-07-01,Monthly,299,Patna,2026-03-01
6458,2025-07-01,Monthly,299,Hyderabad,
6459,2025-07-01,Monthly,299,Chennai,2025-10-01
6460,2025-07-01,Monthly,299,Delhi,
6461,2025-07-01,Monthly,299,Jaipur,2025-11-01
6462,2025-07-01,Monthly,299,Kolkata,2025-12-01
6463,2025-07-01,Monthly,299,Pune,2026-01-01
6464,2025-07-01,Monthly,299,Bengaluru,2025-08-01
6465,2025-07-01,Monthly,299,Delhi,2025-08-01
6466,2025-07-01,Monthly,299,Ahmedabad,2025-09-01
6467,2025-07-01,Monthly,299,Hyderabad,2025-08-01
6468,2025-07-01,Annual,2499,Ahmedabad,
6469,2025-07-01,Annual,2499,Hyderabad,
6470,2025-07-01,Monthly,299,Hyderabad,
6471,2025-07-01,Annual,2499,Pune,
6472,2025-07-01,Monthly,299,Kolkata,
6473,2025-07-01,Annual,2499,Hyderabad,2025-11-01
6474,2025-07-01,Monthly,299,Bengaluru,2026-02-01
6475,2025-07-01,Annual,2499,Bengaluru,2026-05-01
6476,2025-07-01,Annual,2499,Chennai,
6477,2025-08-01,Monthly,299,Bengaluru,2026-04-01
6478,2025-08-01,Monthly,299,Bengaluru,
6479,2025-08-01,Annual,2499,Mumbai,2026-01-01
6480,2025-08-01,Monthly,299,Patna,2026-03-01
6481,2025-08-01,Annual,2499,Bengaluru,
6482,2025-08-01,Monthly,299,Jaipur,2025-10-01
6483,2025-08-01,Monthly,299,Hyderabad,2025-09-01
6484,2025-08-01,Monthly,299,Patna,2026-01-01
6485,2025-08-01,Monthly,299,Ahmedabad,
6486,2025-08-01,Annual,2499,Pune,
6487,2025-08-01,Monthly,299,Kolkata,2026-05-01
6488,2025-08-01,Monthly,299,Jaipur,
6489,2025-08-01,Monthly,299,Mumbai,
6490,2025-08-01,Monthly,299,Chennai,2025-11-01
6491,2025-08-01,Monthly,299,Jaipur,
6492,2025-08-01,Annual,2499,Jaipur,
6493,2025-08-01,Monthly,299,Chennai,
6494,2025-08-01,Monthly,299,Hyderabad,2025-12-01
6495,2025-08-01,Annual,2499,Kolkata,
6496,2025-08-01,Monthly,299,Jaipur,
6497,2025-08-01,Monthly,299,Jaipur,
6498,2025-08-01,Monthly,299,Mumbai,2026-04-01
6499,2025-08-01,Monthly,299,Bengaluru,2026-03-01
6500,2025-08-01,Monthly,299,Chennai,2026-02-01
6501,2025-08-01,Annual,2499,Mumbai,
6502,2025-08-01,Annual,2499,Mumbai,2025-09-01
6503,2025-08-01,Annual,2499,Bengaluru,
6504,2025-08-01,Annual,2499,Kolkata,
6505,2025-08-01,Annual,2499,Ahmedabad,2026-02-01
6506,2025-08-01,Monthly,299,Jaipur,
6507,2025-08-01,Monthly,299,Pune,
6508,2025-08-01,Monthly,299,Jaipur,
6509,2025-08-01,Monthly,299,Kolkata,2025-09-01
6510,2025-08-01,Monthly,299,Bengaluru,2026-01-01
6511,2025-08-01,Annual,2499,Kolkata,
6512,2025-08-01,Annual,2499,Pune,
6513,2025-08-01,Annual,2499,Hyderabad,
6514,2025-08-01,Monthly,299,Jaipur,
6515,2025-08-01,Monthly,299,Jaipur,2026-04-01
6516,2025-08-01,Annual,2499,Pune,
6517,2025-08-01,Monthly,299,Mumbai,2026-02-01
6518,2025-08-01,Annual,2499,Delhi,2025-11-01
6519,2025-08-01,Monthly,299,Jaipur,
6520,2025-08-01,Annual,2499,Chennai,
6521,2025-08-01,Annual,2499,Patna,
6522,2025-08-01,Annual,2499,Patna,
6523,2025-08-01,Monthly,299,Chennai,
6524,2025-08-01,Monthly,299,Chennai,2026-03-01
6525,2025-08-01,Monthly,299,Hyderabad,
6526,2025-08-01,Monthly,299,Delhi,2025-11-01
6527,2025-08-01,Monthly,299,Ahmedabad,2025-09-01
6528,2025-08-01,Annual,2499,Kolkata,
6529,2025-08-01,Monthly,299,Kolkata,
6530,2025-08-01,Monthly,299,Chennai,
6531,2025-08-01,Monthly,299,Ahmedabad,2026-06-01
6532,2025-08-01,Monthly,299,Mumbai,2025-11-01
6533,2025-08-01,Monthly,299,Chennai,
6534,2025-08-01,Annual,2499,Delhi,
6535,2025-08-01,Annual,2499,Mumbai,
6536,2025-08-01,Monthly,299,Jaipur,2025-09-01
6537,2025-08-01,Annual,2499,Patna,
6538,2025-08-01,Monthly,299,Kolkata,2026-08-01
6539,2025-08-01,Monthly,299,Hyderabad,2026-02-01
6540,2025-08-01,Monthly,299,Hyderabad,2026-03-01
6541,2025-08-01,Monthly,299,Patna,2025-09-01
6542,2025-08-01,Monthly,299,Bengaluru,2026-01-01
6543,2025-08-01,Monthly,299,Delhi,2026-05-01
6544,2025-08-01,Monthly,299,Hyderabad,2025-09-01
6545,2025-08-01,Annual,2499,Kolkata,
6546,2025-08-01,Monthly,299,Ahmedabad,2026-04-01
6547,2025-08-01,Monthly,299,Jaipur,2025-09-01
6548,2025-08-01,Annual,2499,Mumbai,
6549,2025-08-01,Annual,2499,Patna,
6550,2025-08-01,Annual,2499,Bengaluru,
6551,2025-08-01,Monthly,299,Pune,
6552,2025-08-01,Annual,2499,Delhi,
6553,2025-08-01,Monthly,299,Hyderabad,2026-07-01
6554,2025-08-01,Monthly,299,Chennai,2025-11-01
6555,2025-08-01,Monthly,299,Pune,
6556,2025-08-01,Monthly,299,Delhi,2025-09-01
6557,2025-08-01,Monthly,299,Kolkata,
6558,2025-08-01,Monthly,299,Jaipur,
6559,2025-08-01,Annual,2499,Hyderabad,
6560,2025-08-01,Annual,2499,Chennai,
6561,2025-08-01,Monthly,299,Hyderabad,
6562,2025-08-01,Monthly,299,Bengaluru,
6563,2025-08-01,Annual,2499,Hyderabad,2025-12-01
6564,2025-08-01,Monthly,299,Bengaluru,
6565,2025-08-01,Annual,2499,Patna,
6566,2025-08-01,Annual,2499,Ahmedabad,
6567,2025-08-01,Monthly,299,Mumbai,
6568,2025-08-01,Monthly,299,Pune,2026-04-01
6569,2025-08-01,Monthly,299,Ahmedabad,2026-02-01
6570,2025-08-01,Monthly,299,Patna,
6571,2025-08-01,Monthly,299,Mumbai,2026-03-01
6572,2025-08-01,Monthly,299,Bengaluru,
6573,2025-08-01,Monthly,299,Kolkata,
6574,2025-08-01,Monthly,299,Hyderabad,
6575,2025-08-01,Annual,2499,Bengaluru,
6576,2025-08-01,Monthly,299,Jaipur,2025-09-01
6577,2025-08-01,Annual,2499,Jaipur,
6578,2025-08-01,Monthly,299,Hyderabad,
6579,2025-08-01,Monthly,299,Patna,
6580,2025-08-01,Annual,2499,Patna,
6581,2025-08-01,Monthly,299,Delhi,
6582,2025-08-01,Monthly,299,Chennai,2026-02-01
6583,2025-08-01,Monthly,299,Patna,2025-12-01
6584,2025-08-01,Monthly,299,Hyderabad,
6585,2025-08-01,Annual,2499,Jaipur,
6586,2025-08-01,Monthly,299,Kolkata,
6587,2025-08-01,Monthly,299,Hyderabad,2025-10-01
6588,2025-08-01,Annual,2499,Pune,
6589,2025-08-01,Monthly,299,Bengaluru,2026-03-01
6590,2025-08-01,Monthly,299,Jaipur,2025-12-01
6591,2025-08-01,Monthly,299,Mumbai,2025-11-01
6592,2025-08-01,Monthly,299,Chennai,
6593,2025-08-01,Monthly,299,Chennai,
6594,2025-08-01,Monthly,299,Chennai,2025-11-01
6595,2025-08-01,Monthly,299,Jaipur,
6596,2025-08-01,Monthly,299,Delhi,
6597,2025-08-01,Monthly,299,Patna,
6598,2025-08-01,Monthly,299,Delhi,2025-09-01
6599,2025-08-01,Monthly,299,Jaipur,2025-09-01
6600,2025-08-01,Monthly,299,Mumbai,
6601,2025-08-01,Monthly,299,Delhi,2025-11-01
6602,2025-08-01,Monthly,299,Kolkata,
6603,2025-08-01,Monthly,299,Hyderabad,
6604,2025-08-01,Monthly,299,Ahmedabad,
6605,2025-08-01,Monthly,299,Kolkata,2026-03-01
6606,2025-08-01,Monthly,299,Bengaluru,
6607,2025-08-01,Annual,2499,Ahmedabad,
6608,2025-08-01,Monthly,299,Pune,2025-09-01
6609,2025-08-01,Monthly,299,Chennai,2026-01-01
6610,2025-08-01,Annual,2499,Pune,
6611,2025-08-01,Monthly,299,Jaipur,
6612,2025-08-01,Monthly,299,Jaipur,2026-01-01
6613,2025-08-01,Monthly,299,Ahmedabad,2026-07-01
6614,2025-08-01,Monthly,299,Delhi,2026-05-01
6615,2025-08-01,Annual,2499,Delhi,2025-09-01
6616,2025-08-01,Monthly,299,Jaipur,2026-08-01
6617,2025-08-01,Annual,2499,Mumbai,
6618,2025-08-01,Monthly,299,Delhi,
6619,2025-08-01,Monthly,299,Kolkata,2026-04-01
6620,2025-08-01,Annual,2499,Chennai,
6621,2025-08-01,Monthly,299,Bengaluru,
6622,2025-08-01,Monthly,299,Delhi,
6623,2025-08-01,Monthly,299,Pune,2026-08-01
6624,2025-08-01,Monthly,299,Bengaluru,
6625,2025-08-01,Monthly,299,Pune,2026-06-01
6626,2025-08-01,Monthly,299,Hyderabad,2026-01-01
6627,2025-08-01,Annual,2499,Ahmedabad,2025-09-01
6628,2025-08-01,Monthly,299,Bengaluru,
6629,2025-08-01,Annual,2499,Ahmedabad,2025-11-01
6630,2025-08-01,Monthly,299,Ahmedabad,2026-07-01
6631,2025-08-01,Monthly,299,Bengaluru,2025-11-01
6632,2025-08-01,Monthly,299,Patna,2025-09-01
6633,2025-08-01,Monthly,299,Pune,2026-04-01
6634,2025-08-01,Monthly,299,Delhi,2026-06-01
6635,2025-08-01,Annual,2499,Chennai,
6636,2025-08-01,Monthly,299,Jaipur,2026-01-01
6637,2025-08-01,Monthly,299,Patna,2025-09-01
6638,2025-08-01,Monthly,299,Delhi,
6639,2025-08-01,Annual,2499,Bengaluru,
6640,2025-08-01,Monthly,299,Kolkata,2025-11-01
6641,2025-08-01,Monthly,299,Bengaluru,2026-06-01
6642,2025-08-01,Monthly,299,Mumbai,2026-07-01
6643,2025-08-01,Monthly,299,Bengaluru,2025-09-01
6644,2025-08-01,Monthly,299,Ahmedabad,2025-11-01
6645,2025-08-01,Monthly,299,Mumbai,2025-11-01
6646,2025-08-01,Monthly,299,Jaipur,2026-05-01
6647,2025-08-01,Monthly,299,Hyderabad,2026-07-01
6648,2025-08-01,Monthly,299,Pune,
6649,2025-08-01,Monthly,299,Chennai,2025-09-01
6650,2025-08-01,Monthly,299,Chennai,
6651,2025-08-01,Annual,2499,Hyderabad,
6652,2025-08-01,Annual,2499,Jaipur,
6653,2025-08-01,Monthly,299,Mumbai,
6654,2025-08-01,Monthly,299,Mumbai,
6655,2025-08-01,Monthly,299,Jaipur,
6656,2025-08-01,Annual,2499,Jaipur,
6657,2025-08-01,Annual,2499,Delhi,
6658,2025-08-01,Monthly,299,Patna,2025-10-01
6659,2025-08-01,Monthly,299,Kolkata,2025-11-01
6660,2025-08-01,Annual,2499,Chennai,
6661,2025-08-01,Monthly,299,Delhi,2025-12-01
6662,2025-08-01,Monthly,299,Hyderabad,
6663,2025-08-01,Monthly,299,Chennai,
6664,2025-08-01,Monthly,299,Kolkata,
6665,2025-08-01,Annual,2499,Ahmedabad,
6666,2025-08-01,Annual,2499,Delhi,2025-11-01
6667,2025-08-01,Monthly,299,Ahmedabad,2026-06-01
6668,2025-08-01,Monthly,299,Bengaluru,2026-02-01
6669,2025-08-01,Monthly,299,Kolkata,
6670,2025-08-01,Annual,2499,Jaipur,
6671,2025-08-01,Monthly,299,,2025-09-01
6672,2025-08-01,Monthly,299,Patna,2025-12-01
6673,2025-08-01,Monthly,299,Pune,
6674,2025-08-01,Annual,2499,Jaipur,
6675,2025-08-01,Annual,2499,Pune,
6676,2025-08-01,Monthly,299,Kolkata,2026-03-01
6677,2025-08-01,Monthly,299,Bengaluru,2025-09-01
6678,2025-08-01,Monthly,299,Mumbai,2025-12-01
6679,2025-08-01,Annual,2499,Jaipur,
6680,2025-08-01,Monthly,299,Pune,
6681,2025-08-01,Monthly,299,,
6682,2025-08-01,Annual,2499,Jaipur,
6683,2025-08-01,Monthly,299,Pune,2025-09-01
6684,2025-08-01,Monthly,299,Jaipur,2025-11-01
6685,2025-08-01,Annual,2499,Patna,
6686,2025-08-01,Monthly,299,Hyderabad,2025-11-01
6687,2025-08-01,Monthly,299,Bengaluru,2026-06-01
6688,2025-08-01,Monthly,299,Mumbai,2026-07-01
6689,2025-08-01,Monthly,299,Chennai,2026-04-01
6690,2025-08-01,Annual,2499,Mumbai,
6691,2025-08-01,Monthly,299,Pune,
6692,2025-08-01,Annual,2499,Kolkata,
6693,2025-08-01,Annual,2499,Patna,
6694,2025-08-01,Monthly,299,Mumbai,2026-01-01
6695,2025-08-01,Monthly,299,Mumbai,2026-08-01
6696,2025-08-01,Monthly,299,Hyderabad,2026-05-01
6697,2025-08-01,Monthly,299,Mumbai,2025-10-01
6698,2025-08-01,Monthly,299,Patna,
6699,2025-08-01,Monthly,299,Jaipur,
6700,2025-08-01,Annual,2499,Chennai,
6701,2025-08-01,Annual,2499,Kolkata,
6702,2025-08-01,Monthly,299,Delhi,2026-01-01
6703,2025-08-01,Monthly,299,Mumbai,
6704,2025-08-01,Monthly,299,Patna,2025-09-01
6705,2025-08-01,Annual,2499,Kolkata,
6706,2025-08-01,Monthly,299,Patna,
6707,2025-08-01,Annual,2499,Patna,
6708,2025-08-01,Monthly,299,Pune,
6709,2025-08-01,Monthly,299,Mumbai,
6710,2025-08-01,Monthly,299,Hyderabad,
6711,2025-08-01,Annual,2499,Kolkata,
6712,2025-08-01,Monthly,299,Kolkata,
6713,2025-08-01,Monthly,299,Bengaluru,
6714,2025-08-01,Monthly,299,Ahmedabad,2025-10-01
6715,2025-08-01,Monthly,299,Chennai,2026-07-01
6716,2025-08-01,Monthly,299,Pune,2025-11-01
6717,2025-08-01,Monthly,299,Chennai,2026-01-01
6718,2025-08-01,Annual,2499,Bengaluru,
6719,2025-08-01,Annual,2499,Ahmedabad,2026-08-01
6720,2025-08-01,Annual,2499,Jaipur,
6721,2025-08-01,Annual,2499,Hyderabad,
6722,2025-08-01,Monthly,299,Delhi,
6723,2025-08-01,Monthly,299,Pune,2026-06-01
6724,2025-08-01,Monthly,299,Mumbai,
6725,2025-08-01,Annual,2499,Patna,
6726,2025-08-01,Monthly,299,Kolkata,2025-09-01
6727,2025-08-01,Monthly,299,Pune,2025-10-01
6728,2025-08-01,Monthly,299,Jaipur,
6729,2025-08-01,Monthly,299,Kolkata,2025-10-01
6730,2025-08-01,Monthly,299,Ahmedabad,2025-09-01
6731,2025-08-01,Monthly,299,Kolkata,
6732,2025-08-01,Monthly,299,Jaipur,2026-03-01
6733,2025-08-01,Monthly,299,Ahmedabad,2025-09-01
6734,2025-08-01,Annual,2499,Ahmedabad,2025-11-01
6735,2025-08-01,Monthly,299,Kolkata,2025-11-01
6736,2025-08-01,Annual,2499,Jaipur,
6737,2025-08-01,Monthly,299,Pune,
6738,2025-08-01,Annual,2499,Pune,
6739,2025-08-01,Annual,2499,Pune,
6740,2025-08-01,Monthly,299,Mumbai,2025-11-01
6741,2025-08-01,Annual,2499,Kolkata,
6742,2025-08-01,Monthly,299,Bengaluru,
6743,2025-08-01,Monthly,299,Ahmedabad,
6744,2025-08-01,Monthly,299,Hyderabad,
6745,2025-08-01,Monthly,299,Bengaluru,2026-05-01
6746,2025-08-01,Annual,2499,Kolkata,2025-09-01
6747,2025-08-01,Monthly,299,Ahmedabad,2025-09-01
6748,2025-08-01,Annual,2499,Ahmedabad,
6749,2025-08-01,Monthly,299,Bengaluru,2026-03-01
6750,2025-08-01,Annual,2499,Kolkata,
6751,2025-08-01,Annual,2499,Kolkata,
6752,2025-08-01,Monthly,299,Delhi,2025-12-01
6753,2025-08-01,Monthly,299,Pune,2026-06-01
6754,2025-08-01,Monthly,299,Patna,
6755,2025-08-01,Annual,2499,Pune,2025-10-01
6756,2025-08-01,Monthly,299,Mumbai,2025-09-01
6757,2025-08-01,Monthly,299,Patna,2026-07-01
6758,2025-08-01,Monthly,299,Patna,2026-05-01
6759,2025-08-01,Monthly,299,Kolkata,2026-02-01
6760,2025-08-01,Annual,2499,Jaipur,
6761,2025-08-01,Monthly,299,Mumbai,
6762,2025-08-01,Monthly,299,Kolkata,
6763,2025-08-01,Annual,2499,Ahmedabad,2025-12-01
6764,2025-08-01,Monthly,299,Chennai,
6765,2025-08-01,Monthly,299,Ahmedabad,
6766,2025-08-01,Monthly,299,Jaipur,2025-10-01
6767,2025-08-01,Monthly,299,Pune,2025-09-01
6768,2025-08-01,Monthly,299,Delhi,
6769,2025-08-01,Annual,2499,Jaipur,2026-08-01
6770,2025-08-01,Monthly,299,Delhi,
6771,2025-08-01,Monthly,299,Bengaluru,2025-11-01
6772,2025-08-01,Annual,2499,Chennai,
6773,2025-08-01,Monthly,299,Kolkata,
6774,2025-08-01,Monthly,299,Kolkata,
6775,2025-08-01,Monthly,299,Jaipur,2025-09-01
6776,2025-08-01,Monthly,299,Ahmedabad,
6777,2025-08-01,Monthly,299,Mumbai,
6778,2025-08-01,Monthly,299,Chennai,2025-12-01
6779,2025-08-01,Monthly,299,Chennai,2026-03-01
6780,2025-08-01,Monthly,299,Bengaluru,
6781,2025-08-01,Monthly,299,Jaipur,2025-09-01
6782,2025-08-01,Monthly,299,Ahmedabad,2025-09-01
6783,2025-08-01,Annual,2499,Chennai,
6784,2025-08-01,Annual,2499,Bengaluru,
6785,2025-08-01,Annual,2499,Hyderabad,
6786,2025-08-01,Annual,2499,Ahmedabad,2026-06-01
6787,2025-08-01,Annual,2499,Patna,
6788,2025-08-01,Monthly,299,Chennai,2025-11-01
6789,2025-08-01,Annual,2499,Pune,
6790,2025-08-01,Annual,2499,Patna,
6791,2025-08-01,Monthly,299,Hyderabad,2026-02-01
6792,2025-08-01,Monthly,299,Bengaluru,2025-09-01
6793,2025-08-01,Monthly,299,Patna,2026-04-01
6794,2025-08-01,Monthly,299,Kolkata,2026-04-01
6795,2025-08-01,Monthly,299,Jaipur,2026-01-01
6796,2025-08-01,Monthly,299,Delhi,
6797,2025-08-01,Annual,2499,Jaipur,
6798,2025-08-01,Annual,2499,Mumbai,
6799,2025-08-01,Annual,2499,Ahmedabad,
6800,2025-08-01,Monthly,299,Jaipur,
6801,2025-08-01,Monthly,299,Pune,2025-09-01
6802,2025-08-01,Monthly,299,Kolkata,
6803,2025-08-01,Annual,2499,Mumbai,
6804,2025-08-01,Monthly,299,Ahmedabad,2026-07-01
6805,2025-08-01,Monthly,299,Hyderabad,
6806,2025-08-01,Annual,2499,Chennai,
6807,2025-08-01,Annual,2499,Jaipur,
6808,2025-08-01,Monthly,299,Mumbai,2025-09-01
6809,2025-08-01,Annual,2499,Chennai,
6810,2025-08-01,Monthly,299,Ahmedabad,2025-11-01
6811,2025-08-01,Annual,2499,Delhi,
6812,2025-08-01,Annual,2499,Bengaluru,
6813,2025-08-01,Annual,2499,Jaipur,
6814,2025-08-01,Monthly,299,Pune,
6815,2025-08-01,Monthly,299,Patna,2026-08-01
6816,2025-08-01,Monthly,299,Chennai,
6817,2025-08-01,Annual,2499,Kolkata,
6818,2025-08-01,Annual,2499,Jaipur,
6819,2025-08-01,Monthly,299,Patna,2025-11-01
6820,2025-08-01,Annual,2499,,
6821,2025-08-01,Annual,2499,Kolkata,
6822,2025-08-01,Monthly,299,Hyderabad,2026-05-01
6823,2025-08-01,Monthly,299,Kolkata,2025-11-01
6824,2025-08-01,Monthly,299,Ahmedabad,2025-09-01
6825,2025-08-01,Monthly,299,Kolkata,2026-08-01
6826,2025-08-01,Annual,2499,Patna,
6827,2025-08-01,Annual,2499,Delhi,2025-09-01
6828,2025-08-01,Monthly,299,Patna,
6829,2025-08-01,Monthly,299,Pune,
6830,2025-08-01,Annual,2499,Pune,
6831,2025-08-01,Monthly,299,Delhi,2025-10-01
6832,2025-08-01,Monthly,299,Jaipur,
6833,2025-08-01,Monthly,299,Jaipur,2025-10-01
6834,2025-08-01,Monthly,299,Bengaluru,2026-03-01
6835,2025-08-01,Monthly,299,Bengaluru,
6836,2025-08-01,Annual,2499,Hyderabad,
6837,2025-08-01,Monthly,299,Bengaluru,
6838,2025-08-01,Annual,2499,Pune,
6839,2025-08-01,Monthly,299,Kolkata,
6840,2025-08-01,Monthly,299,Pune,2025-12-01
6841,2025-08-01,Monthly,299,Patna,
6842,2025-08-01,Monthly,299,Pune,2026-02-01
6843,2025-08-01,Annual,2499,Jaipur,2025-09-01
6844,2025-08-01,Monthly,299,Delhi,
6845,2025-08-01,Annual,2499,Kolkata,
6846,2025-08-01,Annual,2499,Mumbai,
6847,2025-08-01,Monthly,299,Pune,2026-01-01
6848,2025-08-01,Monthly,299,Kolkata,
6849,2025-08-01,Monthly,299,Mumbai,2026-01-01
6850,2025-08-01,Annual,2499,Bengaluru,
6851,2025-08-01,Annual,2499,Jaipur,
6852,2025-08-01,Monthly,299,Mumbai,2026-05-01
6853,2025-08-01,Monthly,299,Bengaluru,
6854,2025-08-01,Monthly,299,Hyderabad,2026-04-01
6855,2025-08-01,Annual,2499,Ahmedabad,
6856,2025-08-01,Annual,2499,Chennai,
6857,2025-08-01,Annual,2499,Bengaluru,
6858,2025-08-01,Monthly,299,Bengaluru,
6859,2025-08-01,Monthly,299,Delhi,
6860,2025-08-01,Monthly,299,Pune,2026-01-01
6861,2025-08-01,Annual,2499,Ahmedabad,
6862,2025-08-01,Monthly,299,Delhi,2026-01-01
6863,2025-08-01,Monthly,299,Hyderabad,2025-09-01
6864,2025-08-01,Monthly,299,Mumbai,2026-06-01
6865,2025-08-01,Annual,2499,Hyderabad,
6866,2025-08-01,Monthly,299,Chennai,
6867,2025-08-01,Monthly,299,Delhi,2025-09-01
6868,2025-08-01,Monthly,299,Hyderabad,2026-08-01
6869,2025-08-01,Monthly,299,Kolkata,2026-06-01
6870,2025-08-01,Monthly,299,Kolkata,
6871,2025-08-01,Monthly,299,Bengaluru,
6872,2025-08-01,Monthly,299,Chennai,2025-09-01
6873,2025-08-01,Annual,2499,Chennai,
6874,2025-08-01,Monthly,299,Delhi,2025-10-01
6875,2025-08-01,Annual,2499,Bengaluru,
6876,2025-08-01,Annual,2499,Pune,
6877,2025-08-01,Monthly,299,Bengaluru,2026-08-01
6878,2025-08-01,Monthly,299,Jaipur,
6879,2025-08-01,Monthly,299,Kolkata,
6880,2025-08-01,Annual,2499,Chennai,2026-08-01
6881,2025-08-01,Annual,2499,Delhi,
6882,2025-08-01,Monthly,299,Chennai,2025-11-01
6883,2025-08-01,Annual,2499,Patna,2026-03-01
6884,2025-08-01,Monthly,299,Ahmedabad,2025-11-01
6885,2025-08-01,Annual,2499,Ahmedabad,
6886,2025-08-01,Monthly,299,Bengaluru,2026-02-01
6887,2025-08-01,Monthly,299,Pune,
6888,2025-08-01,Annual,2499,Jaipur,
6889,2025-08-01,Monthly,299,Delhi,2025-11-01
6890,2025-08-01,Monthly,299,Chennai,2025-09-01
6891,2025-08-01,Annual,2499,Ahmedabad,2025-09-01
6892,2025-08-01,Monthly,299,Patna,
6893,2025-08-01,Annual,2499,Patna,
6894,2025-08-01,Annual,2499,Mumbai,2026-07-01
6895,2025-08-01,Monthly,299,Jaipur,
6896,2025-08-01,Annual,2499,Delhi,2026-01-01
6897,2025-08-01,Monthly,299,Jaipur,
6898,2025-08-01,Monthly,299,Patna,
6899,2025-08-01,Monthly,299,Bengaluru,2026-07-01
6900,2025-08-01,Monthly,299,Bengaluru,
6901,2025-08-01,Annual,2499,Pune,
6902,2025-08-01,Monthly,299,Bengaluru,
6903,2025-08-01,Annual,2499,Kolkata,
6904,2025-08-01,Monthly,299,Patna,
6905,2025-08-01,Annual,2499,Chennai,
6906,2025-08-01,Annual,2499,Delhi,
6907,2025-08-01,Monthly,299,Kolkata,
6908,2025-08-01,Monthly,299,Delhi,2026-07-01
6909,2025-08-01,Monthly,299,Mumbai,2026-06-01
6910,2025-08-01,Annual,2499,Kolkata,
6911,2025-08-01,Monthly,299,Mumbai,2025-09-01
6912,2025-08-01,Annual,2499,Pune,2026-03-01
6913,2025-08-01,Monthly,299,Delhi,
6914,2025-08-01,Annual,2499,Mumbai,
6915,2025-08-01,Annual,2499,Delhi,2025-09-01
6916,2025-08-01,Annual,2499,Mumbai,
6917,2025-08-01,Monthly,299,Mumbai,2026-03-01
6918,2025-08-01,Monthly,299,Kolkata,
6919,2025-08-01,Monthly,299,Patna,
6920,2025-08-01,Annual,2499,Pune,
6921,2025-08-01,Monthly,299,Delhi,2025-12-01
6922,2025-08-01,Annual,2499,Bengaluru,2025-10-01
6923,2025-08-01,Monthly,299,Bengaluru,
6924,2025-08-01,Monthly,299,Delhi,2025-09-01
6925,2025-08-01,Monthly,299,Pune,2026-04-01
6926,2025-08-01,Monthly,299,Hyderabad,2025-10-01
6927,2025-08-01,Monthly,299,Hyderabad,
6928,2025-08-01,Monthly,299,Kolkata,
6929,2025-09-01,Monthly,299,Chennai,
6930,2025-09-01,Monthly,299,Ahmedabad,2025-10-01
6931,2025-09-01,Monthly,299,Pune,2026-05-01
6932,2025-09-01,Monthly,299,Pune,2025-10-01
6933,2025-09-01,Monthly,299,Ahmedabad,2025-12-01
6934,2025-09-01,Annual,2499,Chennai,
6935,2025-09-01,Monthly,299,Mumbai,
6936,2025-09-01,Monthly,299,Mumbai,
6937,2025-09-01,Monthly,299,Delhi,
6938,2025-09-01,Annual,2499,Bengaluru,
6939,2025-09-01,Monthly,299,Kolkata,2026-07-01
6940,2025-09-01,Monthly,299,Jaipur,
6941,2025-09-01,Annual,2499,Hyderabad,
6942,2025-09-01,Monthly,299,Mumbai,
6943,2025-09-01,Monthly,299,Jaipur,2025-10-01
6944,2025-09-01,Monthly,299,Patna,
6945,2025-09-01,Monthly,299,Bengaluru,
6946,2025-09-01,Monthly,299,Delhi,2025-10-01
6947,2025-09-01,Monthly,299,Hyderabad,
6948,2025-09-01,Monthly,299,Kolkata,2026-02-01
6949,2025-09-01,Monthly,299,Kolkata,2026-07-01
6950,2025-09-01,Monthly,299,Patna,
6951,2025-09-01,Annual,2499,Hyderabad,2025-10-01
6952,2025-09-01,Monthly,299,Patna,
6953,2025-09-01,Annual,2499,Ahmedabad,
6954,2025-09-01,Monthly,299,Kolkata,
6955,2025-09-01,Monthly,299,Ahmedabad,2026-02-01
6956,2025-09-01,Monthly,299,Jaipur,2025-12-01
6957,2025-09-01,Annual,2499,Ahmedabad,
6958,2025-09-01,Monthly,299,Jaipur,
6959,2025-09-01,Monthly,299,Mumbai,
6960,2025-09-01,Monthly,299,Ahmedabad,2026-07-01
6961,2025-09-01,Monthly,299,Bengaluru,
6962,2025-09-01,Monthly,299,Patna,2025-12-01
6963,2025-09-01,Monthly,299,Delhi,
6964,2025-09-01,Monthly,299,Bengaluru,2025-12-01
6965,2025-09-01,Monthly,299,Delhi,2026-07-01
6966,2025-09-01,Annual,2499,Kolkata,
6967,2025-09-01,Annual,2499,Chennai,2026-01-01
6968,2025-09-01,Monthly,299,Chennai,2026-05-01
6969,2025-09-01,Monthly,299,Chennai,2026-02-01
6970,2025-09-01,Monthly,299,Kolkata,
6971,2025-09-01,Monthly,299,Pune,2025-12-01
6972,2025-09-01,Annual,2499,Patna,
6973,2025-09-01,Monthly,299,Hyderabad,2026-03-01
6974,2025-09-01,Annual,2499,Patna,
6975,2025-09-01,Monthly,299,Ahmedabad,2025-10-01
6976,2025-09-01,Monthly,299,Chennai,2025-12-01
6977,2025-09-01,Annual,2499,Kolkata,
6978,2025-09-01,Monthly,299,Jaipur,
6979,2025-09-01,Annual,2499,Patna,2025-11-01
6980,2025-09-01,Annual,2499,Chennai,
6981,2025-09-01,Annual,2499,Kolkata,
6982,2025-09-01,Monthly,299,Delhi,
6983,2025-09-01,Monthly,299,Ahmedabad,2025-11-01
6984,2025-09-01,Annual,2499,Hyderabad,
6985,2025-09-01,Monthly,299,Mumbai,
6986,2025-09-01,Monthly,299,Delhi,2026-07-01
6987,2025-09-01,Monthly,299,Pune,
6988,2025-09-01,Annual,2499,Mumbai,
6989,2025-09-01,Monthly,299,Hyderabad,2025-12-01
6990,2025-09-01,Monthly,299,Hyderabad,
6991,2025-09-01,Monthly,299,Delhi,2026-04-01
6992,2025-09-01,Monthly,299,Hyderabad,
6993,2025-09-01,Annual,2499,Mumbai,
6994,2025-09-01,Monthly,299,Kolkata,
6995,2025-09-01,Monthly,299,,
6996,2025-09-01,Annual,2499,Bengaluru,
6997,2025-09-01,Monthly,299,Ahmedabad,2025-10-01
6998,2025-09-01,Monthly,299,Kolkata,2026-07-01
6999,2025-09-01,Monthly,299,Bengaluru,
7000,2025-09-01,Monthly,299,Pune,2025-12-01
7001,2025-09-01,Annual,2499,Bengaluru,
7002,2025-09-01,Monthly,299,Patna,
7003,2025-09-01,Monthly,299,Mumbai,2026-06-01
7004,2025-09-01,Monthly,299,Patna,2025-10-01
7005,2025-09-01,Monthly,299,Mumbai,2026-01-01
7006,2025-09-01,Monthly,299,Patna,2025-10-01
7007,2025-09-01,Monthly,299,,
7008,2025-09-01,Monthly,299,Bengaluru,2026-04-01
7009,2025-09-01,Annual,2499,Kolkata,
7010,2025-09-01,Monthly,299,Chennai,
7011,2025-09-01,Monthly,299,Pune,2026-04-01
7012,2025-09-01,Monthly,299,Ahmedabad,2025-12-01
7013,2025-09-01,Monthly,299,Chennai,2026-08-01
7014,2025-09-01,Monthly,299,Chennai,2026-06-01
7015,2025-09-01,Monthly,299,Pune,
7016,2025-09-01,Monthly,299,Mumbai,
7017,2025-09-01,Annual,2499,Chennai,
7018,2025-09-01,Annual,2499,Ahmedabad,
7019,2025-09-01,Annual,2499,Patna,
7020,2025-09-01,Monthly,299,Patna,
7021,2025-09-01,Annual,2499,Pune,
7022,2025-09-01,Monthly,299,Patna,2026-03-01
7023,2025-09-01,Monthly,299,Hyderabad,2026-01-01
7024,2025-09-01,Monthly,299,Bengaluru,2026-08-01
7025,2025-09-01,Annual,2499,Hyderabad,
7026,2025-09-01,Monthly,299,Jaipur,2025-11-01
7027,2025-09-01,Monthly,299,Kolkata,2026-03-01
7028,2025-09-01,Monthly,299,Hyderabad,2026-08-01
7029,2025-09-01,Annual,2499,Delhi,
7030,2025-09-01,Monthly,299,Ahmedabad,
7031,2025-09-01,Monthly,299,Kolkata,
7032,2025-09-01,Monthly,299,Mumbai,
7033,2025-09-01,Monthly,299,Ahmedabad,2026-01-01
7034,2025-09-01,Monthly,299,Chennai,2025-10-01
7035,2025-09-01,Monthly,299,Kolkata,2025-12-01
7036,2025-09-01,Monthly,299,Delhi,
7037,2025-09-01,Annual,2499,Bengaluru,2026-08-01
7038,2025-09-01,Annual,2499,Bengaluru,
7039,2025-09-01,Monthly,299,Ahmedabad,
7040,2025-09-01,Monthly,299,Hyderabad,2026-06-01
7041,2025-09-01,Monthly,299,Pune,2026-05-01
7042,2025-09-01,Monthly,299,Mumbai,
7043,2025-09-01,Monthly,299,Patna,
7044,2025-09-01,Monthly,299,Pune,2026-05-01
7045,2025-09-01,Monthly,299,Mumbai,2026-03-01
7046,2025-09-01,Monthly,299,Ahmedabad,2026-05-01
7047,2025-09-01,Annual,2499,Chennai,
7048,2025-09-01,Monthly,299,Patna,2025-10-01
7049,2025-09-01,Annual,2499,Delhi,
7050,2025-09-01,Monthly,299,Mumbai,
7051,2025-09-01,Monthly,299,Pune,
7052,2025-09-01,Monthly,299,Ahmedabad,
7053,2025-09-01,Monthly,299,Hyderabad,
7054,2025-09-01,Monthly,299,Delhi,
7055,2025-09-01,Monthly,299,Mumbai,2025-10-01
7056,2025-09-01,Monthly,299,Hyderabad,2026-02-01
7057,2025-09-01,Monthly,299,Hyderabad,2026-04-01
7058,2025-09-01,Monthly,299,Chennai,
7059,2025-09-01,Monthly,299,Pune,2025-12-01
7060,2025-09-01,Monthly,299,Bengaluru,2026-08-01
7061,2025-09-01,Monthly,299,Delhi,2026-08-01
7062,2025-09-01,Monthly,299,Delhi,
7063,2025-09-01,Monthly,299,Pune,2026-05-01
7064,2025-09-01,Monthly,299,Pune,2026-06-01
7065,2025-09-01,Annual,2499,Jaipur,
7066,2025-09-01,Monthly,299,Patna,2026-04-01
7067,2025-09-01,Annual,2499,Pune,
7068,2025-09-01,Monthly,299,Kolkata,
7069,2025-09-01,Monthly,299,Hyderabad,
7070,2025-09-01,Monthly,299,Hyderabad,2025-10-01
7071,2025-09-01,Monthly,299,Hyderabad,
7072,2025-09-01,Monthly,299,Jaipur,
7073,2025-09-01,Monthly,299,Kolkata,2026-08-01
7074,2025-09-01,Monthly,299,Ahmedabad,2026-02-01
7075,2025-09-01,Annual,2499,Ahmedabad,
7076,2025-09-01,Annual,2499,Bengaluru,
7077,2025-09-01,Monthly,299,Delhi,2026-04-01
7078,2025-09-01,Monthly,299,Delhi,2026-04-01
7079,2025-09-01,Monthly,299,Chennai,2025-11-01
7080,2025-09-01,Annual,2499,Ahmedabad,
7081,2025-09-01,Annual,2499,Bengaluru,
7082,2025-09-01,Annual,2499,Pune,2026-05-01
7083,2025-09-01,Monthly,299,Jaipur,2025-12-01
7084,2025-09-01,Monthly,299,Hyderabad,
7085,2025-09-01,Monthly,299,Bengaluru,2025-12-01
7086,2025-09-01,Monthly,299,Mumbai,
7087,2025-09-01,Monthly,299,Jaipur,2026-02-01
7088,2025-09-01,Monthly,299,Pune,
7089,2025-09-01,Monthly,299,Patna,
7090,2025-09-01,Monthly,299,Mumbai,2026-06-01
7091,2025-09-01,Monthly,299,Mumbai,
7092,2025-09-01,Monthly,299,Hyderabad,
7093,2025-09-01,Monthly,299,Kolkata,2025-11-01
7094,2025-09-01,Monthly,299,Hyderabad,
7095,2025-09-01,Monthly,299,Patna,2025-12-01
7096,2025-09-01,Monthly,299,Hyderabad,2026-02-01
7097,2025-09-01,Annual,2499,Pune,
7098,2025-09-01,Annual,2499,Ahmedabad,
7099,2025-09-01,Annual,2499,Jaipur,
7100,2025-09-01,Monthly,299,Ahmedabad,2026-04-01
7101,2025-09-01,Monthly,299,Bengaluru,
7102,2025-09-01,Monthly,299,Kolkata,2025-12-01
7103,2025-09-01,Monthly,299,Hyderabad,2025-11-01
7104,2025-09-01,Monthly,299,Delhi,2026-02-01
7105,2025-09-01,Monthly,299,Jaipur,
7106,2025-09-01,Monthly,299,Patna,2026-03-01
7107,2025-09-01,Annual,2499,Pune,
7108,2025-09-01,Monthly,299,Patna,2025-12-01
7109,2025-09-01,Annual,2499,Jaipur,
7110,2025-09-01,Annual,2499,Patna,
7111,2025-09-01,Monthly,299,Mumbai,
7112,2025-09-01,Annual,2499,Mumbai,
7113,2025-09-01,Monthly,299,Jaipur,
7114,2025-09-01,Monthly,299,Bengaluru,2025-12-01
7115,2025-09-01,Annual,2499,Hyderabad,2026-02-01
7116,2025-09-01,Annual,2499,Chennai,
7117,2025-09-01,Annual,2499,Delhi,2026-07-01
7118,2025-09-01,Annual,2499,Bengaluru,
7119,2025-09-01,Annual,2499,Kolkata,
7120,2025-09-01,Monthly,299,Pune,
7121,2025-09-01,Monthly,299,Chennai,
7122,2025-09-01,Annual,2499,Hyderabad,
7123,2025-09-01,Monthly,299,Jaipur,2025-12-01
7124,2025-09-01,Monthly,299,Bengaluru,2026-02-01
7125,2025-09-01,Monthly,299,Hyderabad,
7126,2025-09-01,Annual,2499,Hyderabad,
7127,2025-09-01,Monthly,299,Bengaluru,
7128,2025-09-01,Monthly,299,Jaipur,
7129,2025-09-01,Monthly,299,Hyderabad,2025-10-01
7130,2025-09-01,Monthly,299,Ahmedabad,2026-06-01
7131,2025-09-01,Annual,2499,Mumbai,
7132,2025-09-01,Monthly,299,Patna,
7133,2025-09-01,Monthly,299,Ahmedabad,2026-07-01
7134,2025-09-01,Monthly,299,Pune,2025-10-01
7135,2025-09-01,Monthly,299,Kolkata,2026-03-01
7136,2025-09-01,Annual,2499,Jaipur,
7137,2025-09-01,Annual,2499,Delhi,
7138,2025-09-01,Monthly,299,Mumbai,
7139,2025-09-01,Annual,2499,Ahmedabad,
7140,2025-09-01,Monthly,299,Bengaluru,
7141,2025-09-01,Annual,2499,Hyderabad,
7142,2025-09-01,Monthly,299,Kolkata,2026-02-01
7143,2025-09-01,Monthly,299,Kolkata,2026-03-01
7144,2025-09-01,Monthly,299,Pune,2026-05-01
7145,2025-09-01,Monthly,299,Pune,2025-10-01
7146,2025-09-01,Monthly,299,Ahmedabad,2025-12-01
7147,2025-09-01,Annual,2499,Patna,
7148,2025-09-01,Monthly,299,Kolkata,2026-02-01
7149,2025-09-01,Annual,2499,Mumbai,
7150,2025-09-01,Monthly,299,Hyderabad,2025-10-01
7151,2025-09-01,Monthly,299,Mumbai,
7152,2025-09-01,Annual,2499,Ahmedabad,
7153,2025-09-01,Monthly,299,Ahmedabad,
7154,2025-09-01,Annual,2499,Jaipur,
7155,2025-09-01,Monthly,299,,2026-02-01
7156,2025-09-01,Monthly,299,Jaipur,2025-12-01
7157,2025-09-01,Monthly,299,Bengaluru,
7158,2025-09-01,Monthly,299,Kolkata,
7159,2025-09-01,Annual,2499,Mumbai,
7160,2025-09-01,Annual,2499,Mumbai,
7161,2025-09-01,Monthly,299,Delhi,2025-10-01
7162,2025-09-01,Monthly,299,Patna,
7163,2025-09-01,Monthly,299,Mumbai,
7164,2025-09-01,Monthly,299,Hyderabad,2025-10-01
7165,2025-09-01,Annual,2499,Patna,
7166,2025-09-01,Monthly,299,Mumbai,
7167,2025-09-01,Monthly,299,Kolkata,2025-10-01
7168,2025-09-01,Monthly,299,Hyderabad,2025-10-01
7169,2025-09-01,Monthly,299,Jaipur,2026-03-01
7170,2025-09-01,Annual,2499,Delhi,
7171,2025-09-01,Monthly,299,Chennai,2025-12-01
7172,2025-09-01,Monthly,299,Delhi,2026-04-01
7173,2025-09-01,Monthly,299,Bengaluru,
7174,2025-09-01,Annual,2499,Ahmedabad,2025-11-01
7175,2025-09-01,Annual,2499,Jaipur,
7176,2025-09-01,Annual,2499,Bengaluru,2026-02-01
7177,2025-09-01,Monthly,299,Pune,2025-12-01
7178,2025-09-01,Annual,2499,Bengaluru,
7179,2025-09-01,Annual,2499,Mumbai,
7180,2025-09-01,Monthly,299,Patna,
7181,2025-09-01,Monthly,299,Chennai,
7182,2025-09-01,Monthly,299,Kolkata,
7183,2025-09-01,Annual,2499,Pune,
7184,2025-09-01,Monthly,299,Kolkata,
7185,2025-09-01,Monthly,299,Patna,2025-12-01
7186,2025-09-01,Annual,2499,Delhi,
7187,2025-09-01,Annual,2499,Delhi,
7188,2025-09-01,Annual,2499,Bengaluru,2025-10-01
7189,2025-09-01,Monthly,299,Jaipur,
7190,2025-09-01,Monthly,299,Mumbai,2025-10-01
7191,2025-09-01,Annual,2499,Delhi,
7192,2025-09-01,Monthly,299,Ahmedabad,
7193,2025-09-01,Annual,2499,Mumbai,
7194,2025-09-01,Monthly,299,Jaipur,2026-08-01
7195,2025-09-01,Monthly,299,Jaipur,2026-06-01
7196,2025-09-01,Monthly,299,Pune,
7197,2025-09-01,Monthly,299,Bengaluru,2026-01-01
7198,2025-09-01,Annual,2499,Chennai,2026-05-01
7199,2025-09-01,Monthly,299,Kolkata,2025-10-01
7200,2025-09-01,Monthly,299,Ahmedabad,2025-11-01
7201,2025-09-01,Monthly,299,Mumbai,2025-12-01
7202,2025-09-01,Monthly,299,Jaipur,2026-05-01
7203,2025-09-01,Annual,2499,Ahmedabad,
7204,2025-09-01,Monthly,299,Bengaluru,2025-12-01
7205,2025-09-01,Monthly,299,Chennai,
7206,2025-09-01,Annual,2499,Kolkata,2026-04-01
7207,2025-09-01,Monthly,299,Hyderabad,2026-02-01
7208,2025-09-01,Annual,2499,Patna,
7209,2025-09-01,Annual,2499,Ahmedabad,
7210,2025-09-01,Monthly,299,Hyderabad,
7211,2025-09-01,Monthly,299,Patna,
7212,2025-09-01,Monthly,299,Kolkata,2025-12-01
7213,2025-09-01,Monthly,299,Chennai,2026-07-01
7214,2025-09-01,Monthly,299,Jaipur,
7215,2025-09-01,Annual,2499,Bengaluru,
7216,2025-09-01,Monthly,299,Pune,2026-05-01
7217,2025-09-01,Annual,2499,Mumbai,
7218,2025-09-01,Monthly,299,Chennai,2025-12-01
7219,2025-09-01,Monthly,299,Mumbai,
7220,2025-09-01,Annual,2499,Bengaluru,
7221,2025-09-01,Annual,2499,Bengaluru,
7222,2025-09-01,Annual,2499,Delhi,
7223,2025-09-01,Monthly,299,Bengaluru,
7224,2025-09-01,Annual,2499,Jaipur,
7225,2025-09-01,Monthly,299,Jaipur,2026-01-01
7226,2025-09-01,Monthly,299,Ahmedabad,2025-10-01
7227,2025-09-01,Monthly,299,Bengaluru,2026-02-01
7228,2025-09-01,Annual,2499,Delhi,
7229,2025-09-01,Monthly,299,Hyderabad,
7230,2025-09-01,Monthly,299,Mumbai,
7231,2025-09-01,Annual,2499,Bengaluru,
7232,2025-09-01,Monthly,299,Patna,2026-03-01
7233,2025-09-01,Monthly,299,Delhi,
7234,2025-09-01,Monthly,299,Ahmedabad,
7235,2025-09-01,Annual,2499,Delhi,
7236,2025-09-01,Monthly,299,Hyderabad,
7237,2025-09-01,Monthly,299,Chennai,
7238,2025-09-01,Monthly,299,Mumbai,2026-06-01
7239,2025-09-01,Monthly,299,Delhi,2026-05-01
7240,2025-09-01,Monthly,299,Bengaluru,2025-11-01
7241,2025-09-01,Annual,2499,Mumbai,
7242,2025-09-01,Monthly,299,Bengaluru,
7243,2025-09-01,Annual,2499,Jaipur,2026-08-01
7244,2025-09-01,Monthly,299,Delhi,
7245,2025-09-01,Monthly,299,Bengaluru,2026-03-01
7246,2025-09-01,Annual,2499,Jaipur,
7247,2025-09-01,Monthly,299,Patna,
7248,2025-09-01,Monthly,299,Delhi,
7249,2025-09-01,Monthly,299,Kolkata,
7250,2025-09-01,Monthly,299,Mumbai,2026-08-01
7251,2025-09-01,Monthly,299,Bengaluru,2025-10-01
7252,2025-09-01,Monthly,299,Mumbai,2025-11-01
7253,2025-09-01,Monthly,299,Patna,
7254,2025-09-01,Monthly,299,Ahmedabad,
7255,2025-09-01,Monthly,299,Chennai,2026-06-01
7256,2025-09-01,Monthly,299,Jaipur,
7257,2025-09-01,Monthly,299,Mumbai,
7258,2025-09-01,Monthly,299,Mumbai,
7259,2025-09-01,Monthly,299,Pune,2026-07-01
7260,2025-09-01,Monthly,299,Pune,
7261,2025-09-01,Monthly,299,Ahmedabad,
7262,2025-09-01,Annual,2499,Mumbai,
7263,2025-09-01,Annual,2499,Jaipur,
7264,2025-09-01,Annual,2499,Mumbai,
7265,2025-09-01,Monthly,299,Pune,2025-11-01
7266,2025-09-01,Annual,2499,Bengaluru,
7267,2025-09-01,Annual,2499,Ahmedabad,
7268,2025-09-01,Annual,2499,Chennai,
7269,2025-09-01,Annual,2499,Mumbai,2026-05-01
7270,2025-09-01,Monthly,299,Kolkata,2025-12-01
7271,2025-09-01,Annual,2499,Ahmedabad,2026-06-01
7272,2025-09-01,Monthly,299,Delhi,2025-10-01
7273,2025-09-01,Monthly,299,Ahmedabad,2026-04-01
7274,2025-09-01,Annual,2499,Chennai,2026-04-01
7275,2025-09-01,Monthly,299,Jaipur,
7276,2025-09-01,Annual,2499,Delhi,
7277,2025-09-01,Annual,2499,Ahmedabad,
7278,2025-09-01,Monthly,299,Chennai,2025-11-01
7279,2025-09-01,Monthly,299,Patna,2025-12-01
7280,2025-09-01,Annual,2499,Bengaluru,
7281,2025-09-01,Monthly,299,Ahmedabad,2026-03-01
7282,2025-09-01,Monthly,299,Kolkata,
7283,2025-09-01,Monthly,299,Mumbai,2025-10-01
7284,2025-09-01,Monthly,299,Pune,2025-11-01
7285,2025-09-01,Monthly,299,Pune,
7286,2025-09-01,Monthly,299,Chennai,
7287,2025-09-01,Monthly,299,Chennai,
7288,2025-09-01,Monthly,299,Bengaluru,2025-11-01
7289,2025-09-01,Monthly,299,Mumbai,
7290,2025-09-01,Monthly,299,Delhi,2026-03-01
7291,2025-09-01,Monthly,299,Hyderabad,2025-11-01
7292,2025-09-01,Monthly,299,Ahmedabad,
7293,2025-09-01,Annual,2499,Kolkata,
7294,2025-09-01,Monthly,299,Kolkata,
7295,2025-09-01,Annual,2499,Delhi,
7296,2025-09-01,Monthly,299,Kolkata,2025-12-01
7297,2025-09-01,Monthly,299,Kolkata,
7298,2025-09-01,Monthly,299,Patna,
7299,2025-09-01,Annual,2499,,
7300,2025-09-01,Monthly,299,Patna,2025-10-01
7301,2025-09-01,Annual,2499,Mumbai,
7302,2025-09-01,Monthly,299,Kolkata,
7303,2025-09-01,Monthly,299,Mumbai,2025-10-01
7304,2025-09-01,Monthly,299,Kolkata,2025-12-01
7305,2025-09-01,Monthly,299,Chennai,2026-02-01
7306,2025-09-01,Annual,2499,Chennai,
7307,2025-09-01,Monthly,299,Delhi,2026-07-01
7308,2025-09-01,Monthly,299,Jaipur,2025-10-01
7309,2025-09-01,Monthly,299,Pune,
7310,2025-09-01,Monthly,299,Kolkata,
7311,2025-09-01,Annual,2499,Hyderabad,2026-04-01
7312,2025-09-01,Annual,2499,Chennai,
7313,2025-09-01,Monthly,299,Patna,
7314,2025-09-01,Monthly,299,Patna,
7315,2025-09-01,Annual,2499,Pune,2025-10-01
7316,2025-09-01,Annual,2499,Delhi,
7317,2025-09-01,Annual,2499,Hyderabad,
7318,2025-09-01,Monthly,299,Kolkata,2026-04-01
7319,2025-09-01,Monthly,299,Chennai,2026-01-01
7320,2025-09-01,Monthly,299,Chennai,
7321,2025-09-01,Monthly,299,Hyderabad,2026-08-01
7322,2025-09-01,Monthly,299,Kolkata,
7323,2025-09-01,Monthly,299,Chennai,2026-06-01
7324,2025-09-01,Monthly,299,Hyderabad,2025-11-01
7325,2025-09-01,Monthly,299,Bengaluru,2026-02-01
7326,2025-09-01,Annual,2499,Jaipur,
7327,2025-09-01,Annual,2499,Bengaluru,
7328,2025-09-01,Monthly,299,Kolkata,2025-10-01
7329,2025-09-01,Monthly,299,Jaipur,2025-10-01
7330,2025-09-01,Monthly,299,Delhi,2026-05-01
7331,2025-09-01,Annual,2499,Pune,
7332,2025-09-01,Monthly,299,Mumbai,2026-08-01
7333,2025-09-01,Monthly,299,Ahmedabad,2026-02-01
7334,2025-09-01,Monthly,299,Bengaluru,2025-11-01
7335,2025-09-01,Annual,2499,Pune,
7336,2025-09-01,Monthly,299,Mumbai,2025-11-01
7337,2025-09-01,Monthly,299,Delhi,
7338,2025-09-01,Annual,2499,Patna,
7339,2025-09-01,Monthly,299,Ahmedabad,
7340,2025-09-01,Monthly,299,Bengaluru,2026-04-01
7341,2025-09-01,Annual,2499,Mumbai,
7342,2025-09-01,Monthly,299,Jaipur,
7343,2025-09-01,Monthly,299,Patna,
7344,2025-09-01,Annual,2499,Delhi,2026-04-01
7345,2025-09-01,Monthly,299,Ahmedabad,2026-05-01
7346,2025-09-01,Annual,2499,Mumbai,
7347,2025-09-01,Annual,2499,Kolkata,
7348,2025-09-01,Monthly,299,Patna,2025-10-01
7349,2025-09-01,Monthly,299,Bengaluru,
7350,2025-09-01,Monthly,299,Delhi,2025-11-01
7351,2025-09-01,Monthly,299,Pune,
7352,2025-09-01,Annual,2499,Chennai,
7353,2025-09-01,Monthly,299,Bengaluru,
7354,2025-09-01,Monthly,299,Kolkata,2025-10-01
7355,2025-09-01,Annual,2499,Jaipur,
7356,2025-09-01,Monthly,299,Kolkata,
7357,2025-09-01,Monthly,299,Hyderabad,2026-06-01
7358,2025-09-01,Monthly,299,Ahmedabad,2026-07-01
7359,2025-09-01,Monthly,299,Hyderabad,
7360,2025-09-01,Monthly,299,Pune,2025-10-01
7361,2025-09-01,Monthly,299,Mumbai,2026-05-01
7362,2025-09-01,Annual,2499,Pune,
7363,2025-09-01,Monthly,299,Pune,2026-06-01
7364,2025-09-01,Monthly,299,Ahmedabad,
7365,2025-09-01,Monthly,299,Mumbai,
7366,2025-09-01,Monthly,299,Kolkata,2025-11-01
7367,2025-09-01,Monthly,299,Hyderabad,2026-03-01
7368,2025-09-01,Monthly,299,Jaipur,
7369,2025-09-01,Annual,2499,Hyderabad,
7370,2025-09-01,Annual,2499,Hyderabad,
7371,2025-09-01,Monthly,299,Pune,2025-11-01
7372,2025-09-01,Monthly,299,Chennai,
7373,2025-09-01,Monthly,299,Hyderabad,
7374,2025-09-01,Monthly,299,Hyderabad,
7375,2025-09-01,Annual,2499,,
7376,2025-09-01,Monthly,299,Kolkata,
7377,2025-09-01,Annual,2499,Kolkata,
7378,2025-09-01,Monthly,299,Pune,2026-01-01
7379,2025-09-01,Monthly,299,Hyderabad,2025-12-01
7380,2025-09-01,Monthly,299,Jaipur,2025-12-01
7381,2025-09-01,Annual,2499,Mumbai,
7382,2025-09-01,Monthly,299,Bengaluru,2026-07-01
7383,2025-09-01,Monthly,299,Delhi,
7384,2025-09-01,Monthly,299,Hyderabad,
7385,2025-09-01,Monthly,299,Patna,
7386,2025-09-01,Monthly,299,Mumbai,2026-03-01
7387,2025-09-01,Monthly,299,Bengaluru,2025-10-01
7388,2025-09-01,Monthly,299,Pune,2025-10-01
7389,2025-09-01,Monthly,299,Bengaluru,
7390,2025-09-01,Monthly,299,Bengaluru,
7391,2025-09-01,Monthly,299,Kolkata,2025-10-01
7392,2025-09-01,Monthly,299,Delhi,
7393,2025-09-01,Monthly,299,Kolkata,
7394,2025-09-01,Annual,2499,Hyderabad,
7395,2025-09-01,Monthly,299,Mumbai,
7396,2025-09-01,Annual,2499,Hyderabad,
7397,2025-09-01,Monthly,299,Mumbai,
7398,2025-09-01,Annual,2499,Chennai,
7399,2025-09-01,Monthly,299,Ahmedabad,
7400,2025-09-01,Annual,2499,Bengaluru,
7401,2025-09-01,Annual,2499,Bengaluru,2025-10-01
7402,2025-09-01,Annual,2499,Pune,
7403,2025-09-01,Annual,2499,Patna,
7404,2025-09-01,Monthly,299,,2026-05-01
7405,2025-09-01,Monthly,299,Delhi,
7406,2025-09-01,Annual,2499,Kolkata,
7407,2025-09-01,Monthly,299,Ahmedabad,2026-01-01
7408,2025-09-01,Monthly,299,Hyderabad,2026-02-01
7409,2025-09-01,Monthly,299,Ahmedabad,2025-11-01
7410,2025-09-01,Monthly,299,Pune,
7411,2025-09-01,Annual,2499,Bengaluru,
7412,2025-09-01,Monthly,299,Pune,2026-01-01
7413,2025-09-01,Monthly,299,Jaipur,2026-02-01
7414,2025-09-01,Annual,2499,Patna,
7415,2025-09-01,Monthly,299,,2025-11-01
7416,2025-09-01,Monthly,299,Mumbai,2026-07-01
7417,2025-09-01,Monthly,299,Jaipur,
7418,2025-09-01,Monthly,299,Kolkata,
7419,2025-09-01,Annual,2499,Ahmedabad,
7420,2025-09-01,Monthly,299,Patna,
7421,2025-09-01,Monthly,299,Ahmedabad,2026-05-01
7422,2025-09-01,Monthly,299,Patna,
7423,2025-09-01,Monthly,299,Pune,2025-10-01
7424,2025-09-01,Monthly,299,Jaipur,2025-11-01
7425,2025-09-01,Monthly,299,Pune,
7426,2025-09-01,Monthly,299,Jaipur,2025-10-01
7427,2025-09-01,Monthly,299,Pune,2025-11-01
7428,2025-09-01,Monthly,299,Pune,2026-03-01
7429,2025-09-01,Monthly,299,Kolkata,2026-02-01
7430,2025-09-01,Annual,2499,Bengaluru,
7431,2025-09-01,Annual,2499,Hyderabad,2025-12-01
7432,2025-09-01,Annual,2499,Jaipur,
7433,2025-09-01,Monthly,299,Pune,2025-11-01
7434,2025-09-01,Monthly,299,Hyderabad,
7435,2025-09-01,Monthly,299,Delhi,2025-12-01
7436,2025-09-01,Monthly,299,Pune,2025-10-01
7437,2025-09-01,Annual,2499,Bengaluru,
7438,2025-09-01,Monthly,299,Mumbai,2026-08-01
7439,2025-09-01,Monthly,299,Bengaluru,
7440,2025-09-01,Annual,2499,Delhi,2026-02-01
7441,2025-09-01,Monthly,299,Ahmedabad,2026-04-01
7442,2025-09-01,Monthly,299,Kolkata,
7443,2025-09-01,Annual,2499,Pune,
7444,2025-09-01,Monthly,299,Pune,
7445,2025-09-01,Monthly,299,,
7446,2025-09-01,Annual,2499,Kolkata,
7447,2025-09-01,Monthly,299,Bengaluru,2026-08-01
7448,2025-09-01,Monthly,299,Patna,2026-06-01
7449,2025-09-01,Annual,2499,Bengaluru,
7450,2025-09-01,Monthly,299,Chennai,2025-12-01
7451,2025-09-01,Monthly,299,Delhi,
7452,2025-09-01,Monthly,299,Chennai,2025-12-01
7453,2025-09-01,Monthly,299,Patna,
7454,2025-09-01,Monthly,299,Chennai,
7455,2025-09-01,Annual,2499,Hyderabad,2025-12-01
7456,2025-09-01,Monthly,299,Pune,
7457,2025-09-01,Monthly,299,Chennai,
7458,2025-09-01,Monthly,299,Mumbai,2025-10-01
7459,2025-09-01,Monthly,299,Ahmedabad,2026-02-01
7460,2025-09-01,Monthly,299,Mumbai,
7461,2025-09-01,Monthly,299,Hyderabad,2026-08-01
7462,2025-09-01,Annual,2499,Ahmedabad,
7463,2025-09-01,Annual,2499,Ahmedabad,
7464,2025-09-01,Monthly,299,Chennai,2026-03-01
7465,2025-09-01,Monthly,299,Hyderabad,2025-10-01
7466,2025-09-01,Monthly,299,Pune,2026-05-01
7467,2025-09-01,Annual,2499,Bengaluru,
7468,2025-09-01,Monthly,299,Kolkata,
7469,2025-09-01,Annual,2499,Delhi,
7470,2025-09-01,Annual,2499,Mumbai,
7471,2025-09-01,Annual,2499,Chennai,
7472,2025-09-01,Monthly,299,Delhi,2026-08-01
7473,2025-09-01,Monthly,299,Ahmedabad,2025-10-01
7474,2025-09-01,Monthly,299,Jaipur,
7475,2025-09-01,Monthly,299,Jaipur,
7476,2025-09-01,Monthly,299,Jaipur,2026-07-01
7477,2025-09-01,Monthly,299,Ahmedabad,
7478,2025-09-01,Annual,2499,Bengaluru,
7479,2025-09-01,Monthly,299,Mumbai,2025-10-01
7480,2025-09-01,Annual,2499,Pune,2026-05-01
7481,2025-09-01,Monthly,299,Kolkata,2025-12-01
7482,2025-09-01,Monthly,299,Delhi,
7483,2025-10-01,Monthly,299,Ahmedabad,
7484,2025-10-01,Monthly,299,Bengaluru,2026-05-01
7485,2025-10-01,Annual,2499,Pune,
7486,2025-10-01,Monthly,299,Mumbai,2025-12-01
7487,2025-10-01,Annual,2499,Chennai,
7488,2025-10-01,Monthly,299,Chennai,
7489,2025-10-01,Annual,2499,Hyderabad,
7490,2025-10-01,Monthly,299,Chennai,
7491,2025-10-01,Monthly,299,Hyderabad,2026-01-01
7492,2025-10-01,Monthly,299,Ahmedabad,2026-08-01
7493,2025-10-01,Monthly,299,Jaipur,
7494,2025-10-01,Annual,2499,Mumbai,
7495,2025-10-01,Monthly,299,Bengaluru,2026-03-01
7496,2025-10-01,Annual,2499,Delhi,2025-11-01
7497,2025-10-01,Monthly,299,Bengaluru,
7498,2025-10-01,Annual,2499,Hyderabad,
7499,2025-10-01,Annual,2499,Ahmedabad,
7500,2025-10-01,Monthly,299,Patna,2026-01-01
7501,2025-10-01,Annual,2499,Delhi,
7502,2025-10-01,Monthly,299,Pune,
7503,2025-10-01,Annual,2499,Bengaluru,
7504,2025-10-01,Monthly,299,Hyderabad,2025-12-01
7505,2025-10-01,Annual,2499,Patna,
7506,2025-10-01,Monthly,299,Kolkata,2026-01-01
7507,2025-10-01,Monthly,299,Bengaluru,
7508,2025-10-01,Monthly,299,Pune,
7509,2025-10-01,Monthly,299,Patna,2025-12-01
7510,2025-10-01,Annual,2499,Patna,
7511,2025-10-01,Monthly,299,Ahmedabad,2026-01-01
7512,2025-10-01,Monthly,299,Bengaluru,2026-04-01
7513,2025-10-01,Monthly,299,Mumbai,2026-04-01
7514,2025-10-01,Annual,2499,Pune,
7515,2025-10-01,Monthly,299,Hyderabad,
7516,2025-10-01,Monthly,299,Jaipur,2025-11-01
7517,2025-10-01,Annual,2499,Patna,
7518,2025-10-01,Monthly,299,Delhi,2025-11-01
7519,2025-10-01,Monthly,299,Pune,
7520,2025-10-01,Monthly,299,Kolkata,
7521,2025-10-01,Monthly,299,Mumbai,2026-01-01
7522,2025-10-01,Monthly,299,Delhi,2026-08-01
7523,2025-10-01,Monthly,299,Hyderabad,2026-01-01
7524,2025-10-01,Monthly,299,Kolkata,2026-08-01
7525,2025-10-01,Monthly,299,Patna,
7526,2025-10-01,Monthly,299,Delhi,
7527,2025-10-01,Monthly,299,Ahmedabad,2025-11-01
7528,2025-10-01,Annual,2499,Hyderabad,2025-12-01
7529,2025-10-01,Annual,2499,Bengaluru,2026-02-01
7530,2025-10-01,Monthly,299,Ahmedabad,2026-01-01
7531,2025-10-01,Monthly,299,Ahmedabad,
7532,2025-10-01,Monthly,299,Hyderabad,2026-08-01
7533,2025-10-01,Annual,2499,Patna,
7534,2025-10-01,Annual,2499,Jaipur,
7535,2025-10-01,Monthly,299,Kolkata,
7536,2025-10-01,Monthly,299,Pune,
7537,2025-10-01,Monthly,299,Delhi,
7538,2025-10-01,Annual,2499,Chennai,
7539,2025-10-01,Monthly,299,Pune,2026-02-01
7540,2025-10-01,Annual,2499,Patna,
7541,2025-10-01,Monthly,299,Pune,
7542,2025-10-01,Annual,2499,Pune,
7543,2025-10-01,Monthly,299,Patna,
7544,2025-10-01,Annual,2499,Ahmedabad,
7545,2025-10-01,Annual,2499,Bengaluru,
7546,2025-10-01,Annual,2499,Patna,
7547,2025-10-01,Monthly,299,Chennai,
7548,2025-10-01,Monthly,299,Delhi,2025-11-01
7549,2025-10-01,Monthly,299,Pune,
7550,2025-10-01,Monthly,299,Hyderabad,
7551,2025-10-01,Monthly,299,Kolkata,
7552,2025-10-01,Monthly,299,Bengaluru,2026-07-01
7553,2025-10-01,Monthly,299,Pune,2025-12-01
7554,2025-10-01,Monthly,299,Chennai,2026-01-01
7555,2025-10-01,Annual,2499,Ahmedabad,
7556,2025-10-01,Annual,2499,Jaipur,
7557,2025-10-01,Monthly,299,Pune,2026-03-01
7558,2025-10-01,Monthly,299,Mumbai,2025-11-01
7559,2025-10-01,Annual,2499,Chennai,
7560,2025-10-01,Monthly,299,Patna,
7561,2025-10-01,Monthly,299,Pune,2026-02-01
7562,2025-10-01,Monthly,299,Kolkata,2025-12-01
7563,2025-10-01,Monthly,299,Hyderabad,2025-11-01
7564,2025-10-01,Monthly,299,Delhi,2025-11-01
7565,2025-10-01,Annual,2499,Delhi,
7566,2025-10-01,Monthly,299,Delhi,2026-01-01
7567,2025-10-01,Annual,2499,Chennai,
7568,2025-10-01,Annual,2499,Jaipur,
7569,2025-10-01,Monthly,299,Ahmedabad,
7570,2025-10-01,Annual,2499,Kolkata,2026-08-01
7571,2025-10-01,Monthly,299,Kolkata,2026-05-01
7572,2025-10-01,Monthly,299,Bengaluru,2026-08-01
7573,2025-10-01,Annual,2499,Mumbai,
7574,2025-10-01,Monthly,299,Bengaluru,
7575,2025-10-01,Annual,2499,Jaipur,
7576,2025-10-01,Annual,2499,Patna,
7577,2025-10-01,Monthly,299,Hyderabad,
7578,2025-10-01,Monthly,299,Pune,2025-11-01
7579,2025-10-01,Monthly,299,Ahmedabad,
7580,2025-10-01,Monthly,299,Chennai,2025-12-01
7581,2025-10-01,Monthly,299,Mumbai,2026-01-01
7582,2025-10-01,Monthly,299,Chennai,
7583,2025-10-01,Monthly,299,Jaipur,2026-07-01
7584,2025-10-01,Monthly,299,Kolkata,2025-12-01
7585,2025-10-01,Annual,2499,Mumbai,
7586,2025-10-01,Monthly,299,Delhi,
7587,2025-10-01,Annual,2499,Delhi,
7588,2025-10-01,Annual,2499,Ahmedabad,
7589,2025-10-01,Annual,2499,Chennai,
7590,2025-10-01,Monthly,299,Ahmedabad,2026-08-01
7591,2025-10-01,Monthly,299,Mumbai,
7592,2025-10-01,Monthly,299,Mumbai,2025-11-01
7593,2025-10-01,Monthly,299,Bengaluru,
7594,2025-10-01,Monthly,299,Ahmedabad,
7595,2025-10-01,Annual,2499,Mumbai,
7596,2025-10-01,Annual,2499,Mumbai,
7597,2025-10-01,Monthly,299,Jaipur,2025-12-01
7598,2025-10-01,Annual,2499,Ahmedabad,
7599,2025-10-01,Monthly,299,Chennai,
7600,2025-10-01,Monthly,299,Hyderabad,2026-04-01
7601,2025-10-01,Annual,2499,Patna,
7602,2025-10-01,Monthly,299,Kolkata,
7603,2025-10-01,Monthly,299,Pune,2026-07-01
7604,2025-10-01,Monthly,299,Kolkata,2025-11-01
7605,2025-10-01,Monthly,299,Delhi,2026-01-01
7606,2025-10-01,Monthly,299,Pune,2026-03-01
7607,2025-10-01,Monthly,299,Jaipur,2026-02-01
7608,2025-10-01,Annual,2499,Bengaluru,2026-02-01
7609,2025-10-01,Annual,2499,Chennai,
7610,2025-10-01,Monthly,299,Chennai,
7611,2025-10-01,Monthly,299,Kolkata,
7612,2025-10-01,Annual,2499,Bengaluru,
7613,2025-10-01,Annual,2499,Ahmedabad,
7614,2025-10-01,Monthly,299,Chennai,2025-12-01
7615,2025-10-01,Monthly,299,Chennai,
7616,2025-10-01,Monthly,299,Bengaluru,
7617,2025-10-01,Annual,2499,Kolkata,2026-08-01
7618,2025-10-01,Monthly,299,Bengaluru,2025-12-01
7619,2025-10-01,Monthly,299,Chennai,2025-11-01
7620,2025-10-01,Annual,2499,Ahmedabad,
7621,2025-10-01,Annual,2499,Kolkata,2026-05-01
7622,2025-10-01,Annual,2499,Hyderabad,2026-06-01
7623,2025-10-01,Annual,2499,Pune,
7624,2025-10-01,Monthly,299,Patna,
7625,2025-10-01,Monthly,299,Jaipur,2026-06-01
7626,2025-10-01,Monthly,299,Jaipur,2025-11-01
7627,2025-10-01,Annual,2499,Jaipur,
7628,2025-10-01,Annual,2499,Delhi,
7629,2025-10-01,Monthly,299,,2025-12-01
7630,2025-10-01,Monthly,299,Mumbai,2026-02-01
7631,2025-10-01,Monthly,299,,2026-06-01
7632,2025-10-01,Monthly,299,Delhi,2026-03-01
7633,2025-10-01,Annual,2499,Pune,2025-11-01
7634,2025-10-01,Monthly,299,Chennai,2026-08-01
7635,2025-10-01,Annual,2499,Delhi,2026-04-01
7636,2025-10-01,Annual,2499,Chennai,
7637,2025-10-01,Monthly,299,Pune,2025-12-01
7638,2025-10-01,Annual,2499,Pune,
7639,2025-10-01,Monthly,299,Kolkata,2025-11-01
7640,2025-10-01,Monthly,299,Mumbai,
7641,2025-10-01,Annual,2499,Hyderabad,
7642,2025-10-01,Monthly,299,Pune,2026-04-01
7643,2025-10-01,Annual,2499,Pune,
7644,2025-10-01,Monthly,299,,2026-01-01
7645,2025-10-01,Monthly,299,Hyderabad,
7646,2025-10-01,Monthly,299,Mumbai,
7647,2025-10-01,Annual,2499,Kolkata,
7648,2025-10-01,Monthly,299,Patna,2026-01-01
7649,2025-10-01,Monthly,299,Hyderabad,
7650,2025-10-01,Annual,2499,Jaipur,
7651,2025-10-01,Monthly,299,Pune,
7652,2025-10-01,Monthly,299,Pune,2025-11-01
7653,2025-10-01,Annual,2499,Kolkata,
7654,2025-10-01,Annual,2499,Delhi,
7655,2025-10-01,Monthly,299,Chennai,
7656,2025-10-01,Monthly,299,Jaipur,
7657,2025-10-01,Monthly,299,Patna,
7658,2025-10-01,Monthly,299,Delhi,2025-11-01
7659,2025-10-01,Annual,2499,Ahmedabad,
7660,2025-10-01,Annual,2499,Delhi,
7661,2025-10-01,Annual,2499,Mumbai,
7662,2025-10-01,Monthly,299,Ahmedabad,2026-07-01
7663,2025-10-01,Monthly,299,Chennai,2025-12-01
7664,2025-10-01,Monthly,299,Patna,
7665,2025-10-01,Monthly,299,Jaipur,
7666,2025-10-01,Monthly,299,Delhi,
7667,2025-10-01,Annual,2499,Jaipur,2025-11-01
7668,2025-10-01,Annual,2499,Delhi,
7669,2025-10-01,Monthly,299,Mumbai,
7670,2025-10-01,Monthly,299,Delhi,2026-02-01
7671,2025-10-01,Annual,2499,Delhi,
7672,2025-10-01,Monthly,299,Chennai,
7673,2025-10-01,Monthly,299,,2025-12-01
7674,2025-10-01,Annual,2499,Delhi,
7675,2025-10-01,Monthly,299,Jaipur,
7676,2025-10-01,Monthly,299,Chennai,
7677,2025-10-01,Monthly,299,Chennai,2026-01-01
7678,2025-10-01,Monthly,299,Hyderabad,2025-11-01
7679,2025-10-01,Monthly,299,Bengaluru,
7680,2025-10-01,Annual,2499,Jaipur,
7681,2025-10-01,Annual,2499,Bengaluru,
7682,2025-10-01,Monthly,299,Kolkata,2025-11-01
7683,2025-10-01,Monthly,299,Patna,2026-03-01
7684,2025-10-01,Monthly,299,Kolkata,2026-07-01
7685,2025-10-01,Annual,2499,Delhi,
7686,2025-10-01,Monthly,299,Pune,
7687,2025-10-01,Annual,2499,Bengaluru,
7688,2025-10-01,Monthly,299,Mumbai,2026-07-01
7689,2025-10-01,Annual,2499,Ahmedabad,
7690,2025-10-01,Monthly,299,Delhi,2025-12-01
7691,2025-10-01,Monthly,299,Pune,
7692,2025-10-01,Annual,2499,Hyderabad,
7693,2025-10-01,Monthly,299,Kolkata,2026-05-01
7694,2025-10-01,Monthly,299,Hyderabad,
7695,2025-10-01,Monthly,299,Kolkata,
7696,2025-10-01,Annual,2499,Pune,
7697,2025-10-01,Annual,2499,Jaipur,
7698,2025-10-01,Annual,2499,Ahmedabad,
7699,2025-10-01,Monthly,299,Jaipur,
7700,2025-10-01,Monthly,299,Kolkata,2026-06-01
7701,2025-10-01,Monthly,299,Patna,2026-03-01
7702,2025-10-01,Monthly,299,Kolkata,
7703,2025-10-01,Monthly,299,Chennai,
7704,2025-10-01,Annual,2499,Jaipur,
7705,2025-10-01,Monthly,299,Ahmedabad,2025-11-01
7706,2025-10-01,Annual,2499,Mumbai,
7707,2025-10-01,Monthly,299,Mumbai,2026-01-01
7708,2025-10-01,Monthly,299,Ahmedabad,2026-03-01
7709,2025-10-01,Monthly,299,Chennai,
7710,2025-10-01,Annual,2499,Kolkata,
7711,2025-10-01,Monthly,299,Pune,2026-03-01
7712,2025-10-01,Annual,2499,Delhi,
7713,2025-10-01,Monthly,299,Pune,2026-08-01
7714,2025-10-01,Annual,2499,Kolkata,2025-11-01
7715,2025-10-01,Monthly,299,Mumbai,2026-04-01
7716,2025-10-01,Monthly,299,Hyderabad,2025-11-01
7717,2025-10-01,Monthly,299,Mumbai,2026-01-01
7718,2025-10-01,Monthly,299,Kolkata,2025-11-01
7719,2025-10-01,Annual,2499,Kolkata,
7720,2025-10-01,Monthly,299,Patna,2026-02-01
7721,2025-10-01,Annual,2499,Delhi,
7722,2025-10-01,Monthly,299,Jaipur,
7723,2025-10-01,Annual,2499,Mumbai,
7724,2025-10-01,Monthly,299,Ahmedabad,
7725,2025-10-01,Monthly,299,Chennai,2026-08-01
7726,2025-10-01,Annual,2499,Bengaluru,
7727,2025-10-01,Annual,2499,Kolkata,2026-06-01
7728,2025-10-01,Monthly,299,Jaipur,
7729,2025-10-01,Monthly,299,Jaipur,
7730,2025-10-01,Annual,2499,Kolkata,
7731,2025-10-01,Annual,2499,Bengaluru,
7732,2025-10-01,Annual,2499,Bengaluru,
7733,2025-10-01,Annual,2499,Bengaluru,
7734,2025-10-01,Annual,2499,Bengaluru,
7735,2025-10-01,Annual,2499,Chennai,
7736,2025-10-01,Monthly,299,Pune,
7737,2025-10-01,Monthly,299,Mumbai,2025-12-01
7738,2025-10-01,Annual,2499,Delhi,
7739,2025-10-01,Monthly,299,Chennai,2025-11-01
7740,2025-10-01,Annual,2499,Mumbai,
7741,2025-10-01,Monthly,299,Kolkata,2025-11-01
7742,2025-10-01,Monthly,299,Patna,2025-11-01
7743,2025-10-01,Monthly,299,Bengaluru,2025-11-01
7744,2025-10-01,Monthly,299,Kolkata,
7745,2025-10-01,Monthly,299,Bengaluru,2026-01-01
7746,2025-10-01,Monthly,299,Pune,2026-07-01
7747,2025-10-01,Monthly,299,Bengaluru,
7748,2025-10-01,Monthly,299,Hyderabad,2025-12-01
7749,2025-10-01,Monthly,299,Ahmedabad,2026-05-01
7750,2025-10-01,Monthly,299,Chennai,2026-04-01
7751,2025-10-01,Monthly,299,Delhi,2025-11-01
7752,2025-10-01,Monthly,299,Patna,2026-04-01
7753,2025-10-01,Annual,2499,Kolkata,
7754,2025-10-01,Monthly,299,Ahmedabad,
7755,2025-10-01,Annual,2499,Pune,
7756,2025-10-01,Monthly,299,Patna,
7757,2025-10-01,Annual,2499,Delhi,
7758,2025-10-01,Monthly,299,Pune,2025-12-01
7759,2025-10-01,Monthly,299,Ahmedabad,2025-12-01
7760,2025-10-01,Annual,2499,Mumbai,
7761,2025-10-01,Annual,2499,Delhi,
7762,2025-10-01,Annual,2499,Hyderabad,
7763,2025-10-01,Monthly,299,Pune,2026-01-01
7764,2025-10-01,Monthly,299,Chennai,
7765,2025-10-01,Monthly,299,Mumbai,
7766,2025-10-01,Annual,2499,Pune,2026-02-01
7767,2025-10-01,Monthly,299,Ahmedabad,2025-12-01
7768,2025-10-01,Annual,2499,Bengaluru,
7769,2025-10-01,Monthly,299,Mumbai,
7770,2025-10-01,Annual,2499,Delhi,
7771,2025-10-01,Monthly,299,Ahmedabad,2025-11-01
7772,2025-10-01,Annual,2499,Hyderabad,
7773,2025-10-01,Annual,2499,Jaipur,
7774,2025-10-01,Monthly,299,Kolkata,2025-11-01
7775,2025-10-01,Monthly,299,Pune,
7776,2025-10-01,Monthly,299,Jaipur,
7777,2025-10-01,Monthly,299,Jaipur,2026-05-01
7778,2025-10-01,Monthly,299,Ahmedabad,
7779,2025-10-01,Monthly,299,Delhi,
7780,2025-10-01,Monthly,299,Jaipur,
7781,2025-10-01,Monthly,299,Chennai,
7782,2025-10-01,Monthly,299,Pune,
7783,2025-10-01,Monthly,299,Patna,
7784,2025-10-01,Monthly,299,Patna,2026-01-01
7785,2025-10-01,Monthly,299,Patna,
7786,2025-10-01,Monthly,299,Patna,2026-04-01
7787,2025-10-01,Monthly,299,Mumbai,2026-03-01
7788,2025-10-01,Monthly,299,Kolkata,2026-08-01
7789,2025-10-01,Annual,2499,Patna,
7790,2025-10-01,Monthly,299,Ahmedabad,
7791,2025-10-01,Monthly,299,Kolkata,2026-01-01
7792,2025-10-01,Monthly,299,Ahmedabad,2026-04-01
7793,2025-10-01,Monthly,299,Ahmedabad,2025-12-01
7794,2025-10-01,Monthly,299,,2026-01-01
7795,2025-10-01,Monthly,299,Hyderabad,2026-08-01
7796,2025-10-01,Annual,2499,Jaipur,
7797,2025-10-01,Monthly,299,Pune,
7798,2025-10-01,Annual,2499,Jaipur,
7799,2025-10-01,Monthly,299,Ahmedabad,2026-06-01
7800,2025-10-01,Monthly,299,Mumbai,2025-12-01
7801,2025-10-01,Monthly,299,Patna,2025-12-01
7802,2025-10-01,Monthly,299,Kolkata,
7803,2025-10-01,Monthly,299,Delhi,
7804,2025-10-01,Annual,2499,Ahmedabad,
7805,2025-10-01,Monthly,299,Delhi,
7806,2025-10-01,Monthly,299,Ahmedabad,2025-11-01
7807,2025-10-01,Monthly,299,Chennai,2026-08-01
7808,2025-10-01,Monthly,299,Chennai,2025-11-01
7809,2025-10-01,Annual,2499,Hyderabad,
7810,2025-10-01,Annual,2499,Hyderabad,
7811,2025-10-01,Annual,2499,Kolkata,
7812,2025-10-01,Monthly,299,Ahmedabad,
7813,2025-10-01,Monthly,299,Kolkata,2025-12-01
7814,2025-10-01,Annual,2499,Ahmedabad,
7815,2025-10-01,Monthly,299,Bengaluru,2026-01-01
7816,2025-10-01,Annual,2499,Chennai,
7817,2025-10-01,Annual,2499,Ahmedabad,
7818,2025-10-01,Monthly,299,Patna,2026-04-01
7819,2025-10-01,Monthly,299,Bengaluru,
7820,2025-10-01,Annual,2499,Bengaluru,
7821,2025-10-01,Monthly,299,Bengaluru,
7822,2025-10-01,Monthly,299,Kolkata,2025-12-01
7823,2025-10-01,Monthly,299,Bengaluru,
7824,2025-10-01,Monthly,299,Pune,
7825,2025-10-01,Monthly,299,Chennai,
7826,2025-10-01,Annual,2499,Pune,
7827,2025-10-01,Monthly,299,Mumbai,2026-02-01
7828,2025-10-01,Annual,2499,Jaipur,
7829,2025-10-01,Monthly,299,Bengaluru,2026-01-01
7830,2025-10-01,Monthly,299,Mumbai,2025-12-01
7831,2025-10-01,Monthly,299,Kolkata,2025-11-01
7832,2025-10-01,Monthly,299,Mumbai,2026-03-01
7833,2025-10-01,Monthly,299,Chennai,
7834,2025-10-01,Annual,2499,Hyderabad,
7835,2025-10-01,Monthly,299,Patna,
7836,2025-10-01,Monthly,299,Patna,
7837,2025-10-01,Monthly,299,Hyderabad,2025-11-01
7838,2025-10-01,Annual,2499,Chennai,
7839,2025-10-01,Monthly,299,Ahmedabad,
7840,2025-10-01,Monthly,299,Ahmedabad,
7841,2025-10-01,Monthly,299,Jaipur,
7842,2025-10-01,Monthly,299,Ahmedabad,
7843,2025-10-01,Monthly,299,Mumbai,
7844,2025-10-01,Monthly,299,Jaipur,2026-07-01
7845,2025-10-01,Monthly,299,Ahmedabad,2026-06-01
7846,2025-10-01,Annual,2499,Ahmedabad,
7847,2025-10-01,Annual,2499,Bengaluru,
7848,2025-10-01,Annual,2499,Jaipur,
7849,2025-10-01,Monthly,299,Patna,2026-04-01
7850,2025-10-01,Annual,2499,Hyderabad,
7851,2025-10-01,Monthly,299,Mumbai,2026-06-01
7852,2025-10-01,Monthly,299,Jaipur,2026-07-01
7853,2025-10-01,Monthly,299,Mumbai,
7854,2025-10-01,Annual,2499,Hyderabad,2026-08-01
7855,2025-10-01,Monthly,299,Kolkata,2025-12-01
7856,2025-10-01,Monthly,299,Mumbai,2025-11-01
7857,2025-10-01,Monthly,299,Hyderabad,2026-01-01
7858,2025-10-01,Annual,2499,Mumbai,
7859,2025-10-01,Monthly,299,Patna,
7860,2025-10-01,Monthly,299,Delhi,
7861,2025-10-01,Annual,2499,Pune,
7862,2025-10-01,Annual,2499,Mumbai,
7863,2025-10-01,Monthly,299,Hyderabad,2026-06-01
7864,2025-10-01,Annual,2499,Jaipur,
7865,2025-10-01,Annual,2499,Chennai,
7866,2025-10-01,Monthly,299,Patna,2026-04-01
7867,2025-10-01,Monthly,299,Pune,
7868,2025-10-01,Monthly,299,Jaipur,
7869,2025-10-01,Monthly,299,Kolkata,
7870,2025-10-01,Monthly,299,Patna,2026-01-01
7871,2025-10-01,Monthly,299,Kolkata,
7872,2025-10-01,Monthly,299,Mumbai,2026-08-01
7873,2025-10-01,Monthly,299,Bengaluru,
7874,2025-10-01,Monthly,299,Pune,
7875,2025-10-01,Monthly,299,Ahmedabad,2025-11-01
7876,2025-10-01,Monthly,299,Hyderabad,2026-05-01
7877,2025-10-01,Monthly,299,Patna,2025-12-01
7878,2025-10-01,Monthly,299,Hyderabad,2026-01-01
7879,2025-10-01,Monthly,299,Patna,2026-02-01
7880,2025-10-01,Annual,2499,Patna,
7881,2025-10-01,Monthly,299,Pune,2025-11-01
7882,2025-10-01,Monthly,299,Patna,2026-08-01
7883,2025-10-01,Annual,2499,Mumbai,
7884,2025-10-01,Monthly,299,Ahmedabad,
7885,2025-10-01,Annual,2499,Kolkata,
7886,2025-10-01,Annual,2499,Mumbai,2026-05-01
7887,2025-10-01,Annual,2499,Kolkata,
7888,2025-10-01,Monthly,299,Delhi,
7889,2025-10-01,Monthly,299,Mumbai,2026-01-01
7890,2025-10-01,Monthly,299,Mumbai,2025-12-01
7891,2025-10-01,Monthly,299,Hyderabad,2026-07-01
7892,2025-10-01,Monthly,299,Bengaluru,2025-12-01
7893,2025-10-01,Monthly,299,Kolkata,
7894,2025-10-01,Monthly,299,Chennai,2026-03-01
7895,2025-10-01,Monthly,299,Ahmedabad,2026-05-01
7896,2025-10-01,Monthly,299,Kolkata,
7897,2025-10-01,Monthly,299,Patna,2025-12-01
7898,2025-10-01,Monthly,299,Mumbai,
7899,2025-10-01,Monthly,299,Kolkata,
7900,2025-10-01,Monthly,299,Kolkata,
7901,2025-10-01,Annual,2499,Hyderabad,
7902,2025-10-01,Monthly,299,Hyderabad,2026-01-01
7903,2025-10-01,Annual,2499,Pune,
7904,2025-10-01,Monthly,299,Kolkata,2026-04-01
7905,2025-10-01,Annual,2499,Bengaluru,
7906,2025-10-01,Annual,2499,Ahmedabad,
7907,2025-10-01,Annual,2499,Chennai,
7908,2025-10-01,Monthly,299,Pune,
7909,2025-10-01,Annual,2499,Bengaluru,
7910,2025-10-01,Monthly,299,Mumbai,2026-01-01
7911,2025-10-01,Monthly,299,Delhi,2025-12-01
7912,2025-10-01,Annual,2499,Chennai,2026-01-01
7913,2025-10-01,Annual,2499,Patna,
7914,2025-10-01,Annual,2499,Mumbai,
7915,2025-10-01,Annual,2499,Pune,2026-04-01
7916,2025-10-01,Monthly,299,Chennai,2025-12-01
7917,2025-10-01,Monthly,299,Mumbai,
7918,2025-10-01,Annual,2499,Mumbai,
7919,2025-10-01,Monthly,299,Chennai,
7920,2025-10-01,Monthly,299,Ahmedabad,2025-12-01
7921,2025-10-01,Monthly,299,Bengaluru,
7922,2025-10-01,Monthly,299,Bengaluru,2025-12-01
7923,2025-10-01,Monthly,299,Chennai,
7924,2025-10-01,Monthly,299,Mumbai,
7925,2025-10-01,Annual,2499,Chennai,
7926,2025-10-01,Monthly,299,Ahmedabad,
7927,2025-10-01,Monthly,299,Kolkata,
7928,2025-10-01,Annual,2499,Mumbai,
7929,2025-10-01,Monthly,299,Patna,
7930,2025-10-01,Monthly,299,Delhi,2025-11-01
7931,2025-10-01,Annual,2499,Pune,
7932,2025-10-01,Monthly,299,Delhi,2025-11-01
7933,2025-10-01,Monthly,299,,2026-03-01
7934,2025-10-01,Annual,2499,Chennai,
7935,2025-10-01,Monthly,299,Hyderabad,2026-02-01
7936,2025-10-01,Monthly,299,Hyderabad,2025-11-01
7937,2025-10-01,Annual,2499,Chennai,
7938,2025-10-01,Monthly,299,Mumbai,2026-02-01
7939,2025-10-01,Monthly,299,Bengaluru,2026-03-01
7940,2025-10-01,Monthly,299,Mumbai,2026-01-01
7941,2025-10-01,Annual,2499,Bengaluru,2025-11-01
7942,2025-10-01,Monthly,299,Jaipur,2025-11-01
7943,2025-10-01,Annual,2499,Chennai,
7944,2025-10-01,Monthly,299,,
7945,2025-10-01,Monthly,299,Ahmedabad,2025-12-01
7946,2025-10-01,Monthly,299,Ahmedabad,
7947,2025-10-01,Monthly,299,Pune,
7948,2025-10-01,Monthly,299,Chennai,
7949,2025-10-01,Annual,2499,Kolkata,
7950,2025-10-01,Monthly,299,Hyderabad,2025-12-01
7951,2025-10-01,Monthly,299,Jaipur,2026-02-01
7952,2025-10-01,Annual,2499,Chennai,
7953,2025-10-01,Monthly,299,Bengaluru,
7954,2025-10-01,Monthly,299,Ahmedabad,
7955,2025-10-01,Annual,2499,,2026-05-01
7956,2025-10-01,Annual,2499,Patna,
7957,2025-10-01,Monthly,299,Hyderabad,2026-04-01
7958,2025-10-01,Annual,2499,Patna,
7959,2025-10-01,Monthly,299,Bengaluru,
7960,2025-10-01,Monthly,299,Mumbai,2026-02-01
7961,2025-10-01,Annual,2499,Jaipur,
7962,2025-10-01,Monthly,299,Hyderabad,
7963,2025-10-01,Annual,2499,Mumbai,
7964,2025-10-01,Monthly,299,Hyderabad,2026-08-01
7965,2025-10-01,Monthly,299,Bengaluru,2026-07-01
7966,2025-10-01,Annual,2499,Patna,
7967,2025-10-01,Monthly,299,Hyderabad,2025-11-01
7968,2025-10-01,Annual,2499,Ahmedabad,
7969,2025-10-01,Annual,2499,Jaipur,
7970,2025-10-01,Annual,2499,Patna,
7971,2025-10-01,Monthly,299,Pune,2026-03-01
7972,2025-10-01,Annual,2499,Delhi,
7973,2025-10-01,Annual,2499,Kolkata,
7974,2025-10-01,Monthly,299,Delhi,2025-12-01
7975,2025-10-01,Monthly,299,Ahmedabad,2025-12-01
7976,2025-10-01,Annual,2499,Mumbai,
7977,2025-10-01,Monthly,299,Mumbai,
7978,2025-10-01,Monthly,299,Ahmedabad,
7979,2025-10-01,Annual,2499,Jaipur,
7980,2025-10-01,Monthly,299,Ahmedabad,2026-04-01
7981,2025-11-01,Monthly,299,Kolkata,2026-03-01
7982,2025-11-01,Annual,2499,Chennai,
7983,2025-11-01,Annual,2499,Delhi,
7984,2025-11-01,Monthly,299,Pune,2026-07-01
7985,2025-11-01,Monthly,299,Hyderabad,
7986,2025-11-01,Monthly,299,Bengaluru,
7987,2025-11-01,Monthly,299,Kolkata,2026-03-01
7988,2025-11-01,Monthly,299,Hyderabad,
7989,2025-11-01,Monthly,299,Pune,2026-08-01
7990,2025-11-01,Annual,2499,Jaipur,
7991,2025-11-01,Monthly,299,Ahmedabad,
7992,2025-11-01,Monthly,299,Jaipur,2025-12-01
7993,2025-11-01,Monthly,299,Chennai,
7994,2025-11-01,Monthly,299,Mumbai,2025-12-01
7995,2025-11-01,Annual,2499,Patna,
7996,2025-11-01,Monthly,299,Chennai,2026-03-01
7997,2025-11-01,Annual,2499,Jaipur,
7998,2025-11-01,Monthly,299,Chennai,2025-12-01
7999,2025-11-01,Monthly,299,Mumbai,2026-07-01
8000,2025-11-01,Monthly,299,,2026-02-01
8001,2025-11-01,Monthly,299,Patna,2026-03-01
8002,2025-11-01,Monthly,299,Ahmedabad,2026-01-01
8003,2025-11-01,Annual,2499,Hyderabad,
8004,2025-11-01,Monthly,299,Ahmedabad,
8005,2025-11-01,Monthly,299,Hyderabad,
8006,2025-11-01,Monthly,299,Chennai,2025-12-01
8007,2025-11-01,Monthly,299,Bengaluru,
8008,2025-11-01,Monthly,299,Delhi,
8009,2025-11-01,Monthly,299,Delhi,
8010,2025-11-01,Monthly,299,Kolkata,2026-03-01
8011,2025-11-01,Monthly,299,Pune,2026-04-01
8012,2025-11-01,Monthly,299,Chennai,2026-03-01
8013,2025-11-01,Monthly,299,Mumbai,
8014,2025-11-01,Monthly,299,Jaipur,2025-12-01
8015,2025-11-01,Monthly,299,Hyderabad,2026-01-01
8016,2025-11-01,Monthly,299,Ahmedabad,
8017,2025-11-01,Monthly,299,Hyderabad,2026-01-01
8018,2025-11-01,Monthly,299,Jaipur,2026-08-01
8019,2025-11-01,Annual,2499,Chennai,2025-12-01
8020,2025-11-01,Annual,2499,Bengaluru,
8021,2025-11-01,Monthly,299,Patna,
8022,2025-11-01,Monthly,299,Bengaluru,2025-12-01
8023,2025-11-01,Annual,2499,Patna,2025-12-01
8024,2025-11-01,Annual,2499,Kolkata,
8025,2025-11-01,Monthly,299,Bengaluru,2025-12-01
8026,2025-11-01,Monthly,299,Patna,2025-12-01
8027,2025-11-01,Monthly,299,Mumbai,
8028,2025-11-01,Annual,2499,Mumbai,
8029,2025-11-01,Monthly,299,Kolkata,2026-04-01
8030,2025-11-01,Annual,2499,Kolkata,
8031,2025-11-01,Annual,2499,Hyderabad,
8032,2025-11-01,Annual,2499,Kolkata,
8033,2025-11-01,Monthly,299,Mumbai,
8034,2025-11-01,Monthly,299,Chennai,
8035,2025-11-01,Monthly,299,Delhi,
8036,2025-11-01,Annual,2499,Delhi,
8037,2025-11-01,Monthly,299,Mumbai,
8038,2025-11-01,Annual,2499,Pune,
8039,2025-11-01,Annual,2499,Hyderabad,
8040,2025-11-01,Monthly,299,Patna,2025-12-01
8041,2025-11-01,Monthly,299,Ahmedabad,2026-03-01
8042,2025-11-01,Monthly,299,Kolkata,2025-12-01
8043,2025-11-01,Monthly,299,Pune,
8044,2025-11-01,Monthly,299,Bengaluru,
8045,2025-11-01,Monthly,299,Mumbai,2026-01-01
8046,2025-11-01,Annual,2499,Pune,
8047,2025-11-01,Annual,2499,Chennai,
8048,2025-11-01,Monthly,299,Kolkata,2026-08-01
8049,2025-11-01,Monthly,299,Jaipur,2026-01-01
8050,2025-11-01,Monthly,299,Chennai,
8051,2025-11-01,Monthly,299,Pune,2026-05-01
8052,2025-11-01,Monthly,299,Hyderabad,
8053,2025-11-01,Annual,2499,Mumbai,
8054,2025-11-01,Monthly,299,Chennai,2026-02-01
8055,2025-11-01,Annual,2499,Pune,
8056,2025-11-01,Monthly,299,Pune,2025-12-01
8057,2025-11-01,Monthly,299,Patna,
8058,2025-11-01,Monthly,299,Pune,2026-01-01
8059,2025-11-01,Monthly,299,Bengaluru,2026-03-01
8060,2025-11-01,Monthly,299,Jaipur,2026-02-01
8061,2025-11-01,Annual,2499,Ahmedabad,
8062,2025-11-01,Monthly,299,Bengaluru,
8063,2025-11-01,Annual,2499,Mumbai,
8064,2025-11-01,Monthly,299,Jaipur,2026-02-01
8065,2025-11-01,Annual,2499,Bengaluru,
8066,2025-11-01,Annual,2499,Hyderabad,
8067,2025-11-01,Annual,2499,Ahmedabad,
8068,2025-11-01,Monthly,299,Delhi,2025-12-01
8069,2025-11-01,Annual,2499,Pune,
8070,2025-11-01,Monthly,299,Chennai,2026-04-01
8071,2025-11-01,Monthly,299,Ahmedabad,2025-12-01
8072,2025-11-01,Monthly,299,Pune,
8073,2025-11-01,Monthly,299,Mumbai,2025-12-01
8074,2025-11-01,Monthly,299,Jaipur,2026-01-01
8075,2025-11-01,Monthly,299,Mumbai,
8076,2025-11-01,Monthly,299,Patna,2025-12-01
8077,2025-11-01,Monthly,299,Patna,
8078,2025-11-01,Monthly,299,Delhi,
8079,2025-11-01,Monthly,299,Mumbai,2026-02-01
8080,2025-11-01,Monthly,299,Jaipur,2026-04-01
8081,2025-11-01,Annual,2499,Hyderabad,
8082,2025-11-01,Monthly,299,Bengaluru,
8083,2025-11-01,Monthly,299,Jaipur,2026-01-01
8084,2025-11-01,Monthly,299,Patna,
8085,2025-11-01,Monthly,299,Pune,
8086,2025-11-01,Monthly,299,Mumbai,2026-01-01
8087,2025-11-01,Monthly,299,Chennai,
8088,2025-11-01,Annual,2499,Patna,
8089,2025-11-01,Monthly,299,Kolkata,
8090,2025-11-01,Monthly,299,Chennai,
8091,2025-11-01,Monthly,299,Bengaluru,
8092,2025-11-01,Monthly,299,Mumbai,
8093,2025-11-01,Monthly,299,Hyderabad,
8094,2025-11-01,Monthly,299,,
8095,2025-11-01,Monthly,299,Delhi,
8096,2025-11-01,Monthly,299,Delhi,
8097,2025-11-01,Annual,2499,Chennai,
8098,2025-11-01,Monthly,299,Pune,
8099,2025-11-01,Monthly,299,Patna,
8100,2025-11-01,Monthly,299,Chennai,
8101,2025-11-01,Monthly,299,Pune,
8102,2025-11-01,Monthly,299,Jaipur,
8103,2025-11-01,Annual,2499,Chennai,
8104,2025-11-01,Monthly,299,Hyderabad,
8105,2025-11-01,Monthly,299,Chennai,
8106,2025-11-01,Monthly,299,Patna,
8107,2025-11-01,Monthly,299,Delhi,2026-01-01
8108,2025-11-01,Monthly,299,Patna,
8109,2025-11-01,Monthly,299,Bengaluru,2025-12-01
8110,2025-11-01,Annual,2499,Kolkata,2025-12-01
8111,2025-11-01,Annual,2499,Mumbai,2026-06-01
8112,2025-11-01,Monthly,299,Kolkata,
8113,2025-11-01,Monthly,299,Kolkata,2025-12-01
8114,2025-11-01,Monthly,299,Chennai,2026-08-01
8115,2025-11-01,Monthly,299,Pune,
8116,2025-11-01,Monthly,299,Pune,2026-04-01
8117,2025-11-01,Monthly,299,Hyderabad,2026-05-01
8118,2025-11-01,Monthly,299,Pune,
8119,2025-11-01,Monthly,299,Patna,
8120,2025-11-01,Monthly,299,Kolkata,2026-07-01
8121,2025-11-01,Monthly,299,Delhi,
8122,2025-11-01,Annual,2499,Patna,
8123,2025-11-01,Monthly,299,Pune,2026-01-01
8124,2025-11-01,Monthly,299,Patna,
8125,2025-11-01,Monthly,299,Ahmedabad,2025-12-01
8126,2025-11-01,Monthly,299,Kolkata,2026-03-01
8127,2025-11-01,Annual,2499,Mumbai,
8128,2025-11-01,Monthly,299,Chennai,
8129,2025-11-01,Monthly,299,Ahmedabad,
8130,2025-11-01,Monthly,299,Bengaluru,2026-01-01
8131,2025-11-01,Annual,2499,Bengaluru,
8132,2025-11-01,Monthly,299,Kolkata,2026-07-01
8133,2025-11-01,Monthly,299,Kolkata,2025-12-01
8134,2025-11-01,Annual,2499,Chennai,
8135,2025-11-01,Monthly,299,Pune,2026-02-01
8136,2025-11-01,Annual,2499,Mumbai,
8137,2025-11-01,Monthly,299,Patna,
8138,2025-11-01,Annual,2499,Jaipur,2025-12-01
8139,2025-11-01,Monthly,299,Mumbai,2026-07-01
8140,2025-11-01,Monthly,299,Pune,
8141,2025-11-01,Monthly,299,Pune,
8142,2025-11-01,Monthly,299,Jaipur,
8143,2025-11-01,Annual,2499,Patna,2026-02-01
8144,2025-11-01,Monthly,299,Jaipur,
8145,2025-11-01,Monthly,299,Kolkata,2026-08-01
8146,2025-11-01,Annual,2499,Mumbai,
8147,2025-11-01,Annual,2499,Jaipur,2026-02-01
8148,2025-11-01,Monthly,299,Jaipur,2025-12-01
8149,2025-11-01,Monthly,299,Patna,
8150,2025-11-01,Monthly,299,Jaipur,2026-03-01
8151,2025-11-01,Monthly,299,Patna,
8152,2025-11-01,Annual,2499,Patna,
8153,2025-11-01,Annual,2499,Pune,
8154,2025-11-01,Monthly,299,Delhi,
8155,2025-11-01,Monthly,299,Patna,2026-03-01
8156,2025-11-01,Monthly,299,Patna,
8157,2025-11-01,Annual,2499,Kolkata,
8158,2025-11-01,Monthly,299,Chennai,2025-12-01
8159,2025-11-01,Annual,2499,Pune,
8160,2025-11-01,Monthly,299,Ahmedabad,
8161,2025-11-01,Annual,2499,Chennai,
8162,2025-11-01,Monthly,299,Hyderabad,2025-12-01
8163,2025-11-01,Monthly,299,Chennai,2026-04-01
8164,2025-11-01,Annual,2499,Hyderabad,
8165,2025-11-01,Monthly,299,Ahmedabad,2026-04-01
8166,2025-11-01,Monthly,299,Mumbai,2026-06-01
8167,2025-11-01,Monthly,299,Pune,
8168,2025-11-01,Monthly,299,Chennai,
8169,2025-11-01,Monthly,299,Pune,2025-12-01
8170,2025-11-01,Monthly,299,Hyderabad,2026-03-01
8171,2025-11-01,Monthly,299,Pune,
8172,2025-11-01,Monthly,299,Kolkata,
8173,2025-11-01,Monthly,299,Ahmedabad,
8174,2025-11-01,Monthly,299,Kolkata,
8175,2025-11-01,Annual,2499,Pune,
8176,2025-11-01,Annual,2499,Kolkata,2025-12-01
8177,2025-11-01,Monthly,299,Ahmedabad,2026-08-01
8178,2025-11-01,Monthly,299,Ahmedabad,
8179,2025-11-01,Monthly,299,Patna,2026-03-01
8180,2025-11-01,Monthly,299,Pune,
8181,2025-11-01,Annual,2499,Jaipur,
8182,2025-11-01,Monthly,299,Bengaluru,2026-07-01
8183,2025-11-01,Monthly,299,Kolkata,2026-05-01
8184,2025-11-01,Monthly,299,Ahmedabad,
8185,2025-11-01,Monthly,299,Chennai,
8186,2025-11-01,Annual,2499,Mumbai,
8187,2025-11-01,Monthly,299,Bengaluru,2026-01-01
8188,2025-11-01,Monthly,299,Hyderabad,2026-06-01
8189,2025-11-01,Monthly,299,Bengaluru,
8190,2025-11-01,Annual,2499,Jaipur,
8191,2025-11-01,Annual,2499,Jaipur,
8192,2025-11-01,Monthly,299,Hyderabad,
8193,2025-11-01,Monthly,299,Chennai,
8194,2025-11-01,Annual,2499,Mumbai,
8195,2025-11-01,Monthly,299,Pune,
8196,2025-11-01,Monthly,299,Delhi,2026-06-01
8197,2025-11-01,Annual,2499,Pune,
8198,2025-11-01,Annual,2499,Pune,
8199,2025-11-01,Monthly,299,Bengaluru,
8200,2025-11-01,Annual,2499,Kolkata,
8201,2025-11-01,Monthly,299,Chennai,2026-03-01
8202,2025-11-01,Monthly,299,Jaipur,
8203,2025-11-01,Monthly,299,Mumbai,
8204,2025-11-01,Monthly,299,Hyderabad,
8205,2025-11-01,Monthly,299,Delhi,2026-06-01
8206,2025-11-01,Annual,2499,Jaipur,2026-03-01
8207,2025-11-01,Monthly,299,Delhi,
8208,2025-11-01,Monthly,299,Chennai,
8209,2025-11-01,Monthly,299,Ahmedabad,2026-01-01
8210,2025-11-01,Monthly,299,Hyderabad,
8211,2025-11-01,Monthly,299,Delhi,
8212,2025-11-01,Annual,2499,Kolkata,
8213,2025-11-01,Monthly,299,Bengaluru,2026-05-01
8214,2025-11-01,Annual,2499,Delhi,
8215,2025-11-01,Monthly,299,Chennai,
8216,2025-11-01,Monthly,299,Mumbai,
8217,2025-11-01,Monthly,299,Jaipur,2026-07-01
8218,2025-11-01,Monthly,299,Hyderabad,2025-12-01
8219,2025-11-01,Monthly,299,Bengaluru,2026-05-01
8220,2025-11-01,Monthly,299,Ahmedabad,
8221,2025-11-01,Monthly,299,Mumbai,2026-06-01
8222,2025-11-01,Monthly,299,Patna,2026-04-01
8223,2025-11-01,Monthly,299,Chennai,
8224,2025-11-01,Monthly,299,Hyderabad,2026-06-01
8225,2025-11-01,Monthly,299,Bengaluru,
8226,2025-11-01,Monthly,299,Mumbai,
8227,2025-11-01,Annual,2499,Bengaluru,
8228,2025-11-01,Annual,2499,Kolkata,
8229,2025-11-01,Monthly,299,Mumbai,2026-01-01
8230,2025-11-01,Monthly,299,Bengaluru,
8231,2025-11-01,Monthly,299,Jaipur,
8232,2025-11-01,Monthly,299,Ahmedabad,
8233,2025-11-01,Monthly,299,Kolkata,
8234,2025-11-01,Annual,2499,Hyderabad,2026-02-01
8235,2025-11-01,Monthly,299,Delhi,
8236,2025-11-01,Monthly,299,Hyderabad,2026-06-01
8237,2025-11-01,Monthly,299,Jaipur,
8238,2025-11-01,Monthly,299,Bengaluru,
8239,2025-11-01,Monthly,299,Delhi,
8240,2025-11-01,Annual,2499,Delhi,
8241,2025-11-01,Monthly,299,Delhi,2026-01-01
8242,2025-11-01,Monthly,299,Ahmedabad,
8243,2025-11-01,Monthly,299,Chennai,2026-06-01
8244,2025-11-01,Monthly,299,Pune,
8245,2025-11-01,Monthly,299,Kolkata,
8246,2025-11-01,Annual,2499,Chennai,
8247,2025-11-01,Monthly,299,Pune,
8248,2025-11-01,Monthly,299,Bengaluru,
8249,2025-11-01,Annual,2499,Jaipur,
8250,2025-11-01,Monthly,299,Patna,
8251,2025-11-01,Monthly,299,Chennai,2026-02-01
8252,2025-11-01,Monthly,299,Chennai,
8253,2025-11-01,Monthly,299,Jaipur,2025-12-01
8254,2025-11-01,Monthly,299,Ahmedabad,
8255,2025-11-01,Annual,2499,Kolkata,
8256,2025-11-01,Monthly,299,Chennai,2026-02-01
8257,2025-11-01,Monthly,299,Delhi,2026-02-01
8258,2025-11-01,Monthly,299,Pune,2025-12-01
8259,2025-11-01,Monthly,299,Pune,2026-01-01
8260,2025-11-01,Monthly,299,Hyderabad,2026-03-01
8261,2025-11-01,Monthly,299,Patna,2026-08-01
8262,2025-11-01,Annual,2499,Ahmedabad,
8263,2025-11-01,Monthly,299,Hyderabad,2026-06-01
8264,2025-11-01,Monthly,299,Kolkata,2026-04-01
8265,2025-11-01,Monthly,299,Chennai,
8266,2025-11-01,Annual,2499,Pune,
8267,2025-11-01,Monthly,299,Mumbai,2026-07-01
8268,2025-11-01,Monthly,299,Hyderabad,2025-12-01
8269,2025-11-01,Monthly,299,Hyderabad,2026-02-01
8270,2025-11-01,Monthly,299,Kolkata,
8271,2025-11-01,Annual,2499,Bengaluru,
8272,2025-11-01,Monthly,299,Delhi,2026-06-01
8273,2025-11-01,Monthly,299,Bengaluru,2026-05-01
8274,2025-11-01,Monthly,299,Kolkata,2026-01-01
8275,2025-11-01,Monthly,299,Bengaluru,
8276,2025-11-01,Monthly,299,Jaipur,2026-07-01
8277,2025-11-01,Monthly,299,Ahmedabad,
8278,2025-11-01,Monthly,299,Chennai,2025-12-01
8279,2025-11-01,Annual,2499,Kolkata,
8280,2025-11-01,Monthly,299,Patna,
8281,2025-11-01,Monthly,299,Bengaluru,2026-07-01
8282,2025-11-01,Monthly,299,Jaipur,
8283,2025-11-01,Monthly,299,Delhi,
8284,2025-11-01,Monthly,299,Kolkata,
8285,2025-11-01,Monthly,299,Patna,
8286,2025-11-01,Monthly,299,Chennai,
8287,2025-11-01,Monthly,299,Chennai,2025-12-01
8288,2025-11-01,Monthly,299,Hyderabad,
8289,2025-11-01,Annual,2499,Patna,
8290,2025-11-01,Monthly,299,Chennai,
8291,2025-11-01,Annual,2499,Kolkata,2025-12-01
8292,2025-11-01,Monthly,299,Bengaluru,
8293,2025-11-01,Monthly,299,Kolkata,2026-02-01
8294,2025-11-01,Monthly,299,Hyderabad,
8295,2025-11-01,Annual,2499,Pune,
8296,2025-11-01,Annual,2499,Patna,
8297,2025-11-01,Annual,2499,Patna,
8298,2025-11-01,Monthly,299,Bengaluru,2026-01-01
8299,2025-11-01,Monthly,299,Patna,
8300,2025-11-01,Monthly,299,Patna,
8301,2025-11-01,Monthly,299,Hyderabad,2026-04-01
8302,2025-11-01,Monthly,299,Chennai,
8303,2025-11-01,Annual,2499,Kolkata,
8304,2025-11-01,Annual,2499,Hyderabad,
8305,2025-11-01,Annual,2499,Mumbai,2026-06-01
8306,2025-11-01,Annual,2499,Jaipur,
8307,2025-11-01,Annual,2499,Ahmedabad,
8308,2025-11-01,Annual,2499,Delhi,
8309,2025-11-01,Annual,2499,,
8310,2025-11-01,Monthly,299,,
8311,2025-11-01,Annual,2499,Chennai,
8312,2025-11-01,Annual,2499,Delhi,2026-05-01
8313,2025-11-01,Annual,2499,Chennai,
8314,2025-11-01,Monthly,299,Chennai,
8315,2025-11-01,Annual,2499,Delhi,
8316,2025-11-01,Annual,2499,Ahmedabad,
8317,2025-11-01,Monthly,299,Delhi,
8318,2025-11-01,Monthly,299,Hyderabad,
8319,2025-11-01,Annual,2499,Chennai,
8320,2025-11-01,Monthly,299,Chennai,2025-12-01
8321,2025-11-01,Monthly,299,Ahmedabad,2026-03-01
8322,2025-11-01,Monthly,299,Delhi,
8323,2025-11-01,Monthly,299,Jaipur,
8324,2025-11-01,Monthly,299,Kolkata,2026-02-01
8325,2025-11-01,Monthly,299,Chennai,
8326,2025-11-01,Annual,2499,Chennai,
8327,2025-11-01,Monthly,299,Chennai,2026-07-01
8328,2025-11-01,Monthly,299,Kolkata,
8329,2025-11-01,Annual,2499,Mumbai,
8330,2025-11-01,Monthly,299,Chennai,2025-12-01
8331,2025-11-01,Monthly,299,Delhi,2025-12-01
8332,2025-11-01,Monthly,299,Ahmedabad,
8333,2025-11-01,Monthly,299,Kolkata,2025-12-01
8334,2025-11-01,Monthly,299,,
8335,2025-11-01,Monthly,299,Mumbai,
8336,2025-11-01,Annual,2499,Jaipur,
8337,2025-11-01,Monthly,299,Delhi,2026-01-01
8338,2025-11-01,Monthly,299,Delhi,
8339,2025-11-01,Monthly,299,Hyderabad,
8340,2025-11-01,Monthly,299,Jaipur,2026-08-01
8341,2025-11-01,Monthly,299,Bengaluru,2025-12-01
8342,2025-11-01,Monthly,299,Mumbai,
8343,2025-11-01,Monthly,299,Chennai,2025-12-01
8344,2025-11-01,Monthly,299,Chennai,2025-12-01
8345,2025-11-01,Monthly,299,Ahmedabad,
8346,2025-11-01,Monthly,299,Mumbai,2026-02-01
8347,2025-11-01,Annual,2499,Pune,
8348,2025-11-01,Monthly,299,Ahmedabad,2026-02-01
8349,2025-11-01,Annual,2499,Ahmedabad,
8350,2025-11-01,Annual,2499,Patna,
8351,2025-11-01,Monthly,299,Patna,
8352,2025-11-01,Monthly,299,Bengaluru,2026-02-01
8353,2025-11-01,Annual,2499,Mumbai,
8354,2025-11-01,Annual,2499,Pune,
8355,2025-11-01,Annual,2499,Patna,
8356,2025-11-01,Monthly,299,Hyderabad,
8357,2025-11-01,Monthly,299,Kolkata,
8358,2025-11-01,Monthly,299,Chennai,2026-01-01
8359,2025-11-01,Monthly,299,Bengaluru,2026-04-01
8360,2025-11-01,Monthly,299,Mumbai,
8361,2025-11-01,Monthly,299,Pune,
8362,2025-11-01,Monthly,299,Ahmedabad,
8363,2025-11-01,Monthly,299,Pune,
8364,2025-11-01,Monthly,299,Pune,2026-08-01
8365,2025-11-01,Annual,2499,Hyderabad,
8366,2025-11-01,Monthly,299,Hyderabad,
8367,2025-11-01,Annual,2499,Pune,
8368,2025-11-01,Annual,2499,Bengaluru,
8369,2025-11-01,Monthly,299,Ahmedabad,2025-12-01
8370,2025-11-01,Monthly,299,Delhi,2026-08-01
8371,2025-11-01,Monthly,299,Delhi,2026-03-01
8372,2025-11-01,Annual,2499,Bengaluru,
8373,2025-11-01,Monthly,299,Bengaluru,
8374,2025-11-01,Monthly,299,Kolkata,2026-02-01
8375,2025-11-01,Monthly,299,Patna,
8376,2025-11-01,Monthly,299,Bengaluru,2025-12-01
8377,2025-11-01,Monthly,299,Patna,
8378,2025-11-01,Monthly,299,Chennai,
8379,2025-11-01,Annual,2499,Chennai,2025-12-01
8380,2025-11-01,Monthly,299,Bengaluru,
8381,2025-11-01,Monthly,299,Jaipur,2026-04-01
8382,2025-11-01,Monthly,299,Kolkata,2026-03-01
8383,2025-11-01,Monthly,299,Jaipur,
8384,2025-11-01,Monthly,299,Delhi,
8385,2025-11-01,Annual,2499,Delhi,
8386,2025-11-01,Annual,2499,Bengaluru,
8387,2025-11-01,Monthly,299,Hyderabad,
8388,2025-11-01,Annual,2499,Chennai,
8389,2025-11-01,Annual,2499,Patna,
8390,2025-11-01,Annual,2499,Kolkata,
8391,2025-11-01,Monthly,299,Patna,
8392,2025-11-01,Monthly,299,Patna,
8393,2025-11-01,Annual,2499,Hyderabad,
8394,2025-11-01,Monthly,299,Chennai,2026-01-01
8395,2025-11-01,Monthly,299,Hyderabad,2026-08-01
8396,2025-11-01,Monthly,299,Hyderabad,2026-03-01
8397,2025-11-01,Monthly,299,Kolkata,2026-06-01
8398,2025-11-01,Annual,2499,Chennai,
8399,2025-11-01,Monthly,299,Kolkata,2025-12-01
8400,2025-11-01,Annual,2499,Kolkata,
8401,2025-11-01,Monthly,299,Chennai,2026-04-01
8402,2025-11-01,Monthly,299,Delhi,2026-04-01
8403,2025-11-01,Monthly,299,Ahmedabad,
8404,2025-11-01,Monthly,299,Delhi,2025-12-01
8405,2025-11-01,Annual,2499,Chennai,
8406,2025-11-01,Monthly,299,Pune,2026-02-01
8407,2025-11-01,Annual,2499,,
8408,2025-11-01,Annual,2499,Kolkata,
8409,2025-11-01,Monthly,299,Hyderabad,
8410,2025-11-01,Monthly,299,Pune,
8411,2025-11-01,Monthly,299,Pune,2026-02-01
8412,2025-11-01,Monthly,299,Mumbai,2026-02-01
8413,2025-11-01,Monthly,299,Delhi,2026-04-01
8414,2025-11-01,Monthly,299,Mumbai,
8415,2025-11-01,Monthly,299,Ahmedabad,
8416,2025-11-01,Monthly,299,Pune,
8417,2025-11-01,Annual,2499,Hyderabad,
8418,2025-11-01,Monthly,299,Jaipur,2025-12-01
8419,2025-11-01,Annual,2499,Mumbai,
8420,2025-11-01,Annual,2499,Ahmedabad,
8421,2025-11-01,Monthly,299,Bengaluru,
8422,2025-11-01,Monthly,299,Delhi,
8423,2025-11-01,Monthly,299,Pune,2026-05-01
8424,2025-11-01,Monthly,299,Ahmedabad,
8425,2025-11-01,Annual,2499,Chennai,
8426,2025-11-01,Annual,2499,,
8427,2025-11-01,Annual,2499,Hyderabad,
8428,2025-11-01,Monthly,299,Pune,2026-05-01
8429,2025-11-01,Monthly,299,Hyderabad,2026-06-01
8430,2025-11-01,Monthly,299,Kolkata,2025-12-01
8431,2025-11-01,Monthly,299,Pune,
8432,2025-11-01,Monthly,299,Hyderabad,
8433,2025-11-01,Monthly,299,Jaipur,2026-02-01
8434,2025-11-01,Monthly,299,Kolkata,
8435,2025-11-01,Monthly,299,Hyderabad,2026-05-01
8436,2025-11-01,Monthly,299,Bengaluru,2026-03-01
8437,2025-11-01,Monthly,299,Mumbai,2026-05-01
8438,2025-11-01,Annual,2499,Ahmedabad,
8439,2025-11-01,Annual,2499,Ahmedabad,
8440,2025-11-01,Annual,2499,Ahmedabad,
8441,2025-11-01,Monthly,299,Mumbai,2026-06-01
8442,2025-11-01,Monthly,299,Hyderabad,2026-01-01
8443,2025-11-01,Annual,2499,Mumbai,2026-05-01
8444,2025-11-01,Monthly,299,Bengaluru,2026-05-01
8445,2025-11-01,Monthly,299,Delhi,
8446,2025-11-01,Annual,2499,Ahmedabad,
8447,2025-11-01,Monthly,299,Chennai,2026-06-01
8448,2025-11-01,Monthly,299,Patna,2026-07-01
8449,2025-11-01,Annual,2499,Pune,
8450,2025-11-01,Annual,2499,Kolkata,
8451,2025-11-01,Monthly,299,Chennai,
8452,2025-11-01,Monthly,299,Ahmedabad,
8453,2025-11-01,Monthly,299,Chennai,
8454,2025-11-01,Annual,2499,Ahmedabad,
8455,2025-11-01,Monthly,299,Patna,
8456,2025-11-01,Monthly,299,Kolkata,
8457,2025-11-01,Monthly,299,Chennai,2025-12-01
8458,2025-11-01,Annual,2499,Chennai,2026-02-01
8459,2025-11-01,Monthly,299,Patna,
8460,2025-11-01,Monthly,299,Chennai,
8461,2025-11-01,Monthly,299,Ahmedabad,
8462,2025-11-01,Monthly,299,Ahmedabad,
8463,2025-11-01,Annual,2499,Kolkata,
8464,2025-11-01,Monthly,299,Kolkata,
8465,2025-11-01,Annual,2499,Delhi,2026-02-01
8466,2025-11-01,Annual,2499,Kolkata,
8467,2025-11-01,Monthly,299,Jaipur,2025-12-01
8468,2025-11-01,Monthly,299,Pune,2026-06-01
8469,2025-11-01,Annual,2499,Jaipur,
8470,2025-11-01,Annual,2499,Mumbai,
8471,2025-11-01,Monthly,299,Kolkata,
8472,2025-11-01,Monthly,299,Pune,2026-01-01
8473,2025-11-01,Monthly,299,Delhi,2026-05-01
8474,2025-11-01,Monthly,299,Kolkata,2025-12-01
8475,2025-11-01,Monthly,299,Pune,
8476,2025-11-01,Monthly,299,Kolkata,
8477,2025-11-01,Monthly,299,Kolkata,2026-08-01
8478,2025-11-01,Monthly,299,Chennai,2026-04-01
8479,2025-11-01,Annual,2499,Mumbai,
8480,2025-11-01,Monthly,299,Mumbai,2025-12-01
8481,2025-11-01,Monthly,299,Pune,
8482,2025-11-01,Monthly,299,,2025-12-01
8483,2025-11-01,Annual,2499,Patna,
8484,2025-11-01,Monthly,299,Kolkata,2026-04-01
8485,2025-11-01,Monthly,299,Kolkata,2026-04-01
8486,2025-11-01,Monthly,299,Hyderabad,
8487,2025-11-01,Monthly,299,Mumbai,2025-12-01
8488,2025-11-01,Monthly,299,Ahmedabad,
8489,2025-11-01,Monthly,299,Bengaluru,2026-02-01
8490,2025-11-01,Monthly,299,Ahmedabad,
8491,2025-11-01,Monthly,299,Pune,2026-07-01
8492,2025-11-01,Monthly,299,Patna,2026-02-01
8493,2025-11-01,Monthly,299,Ahmedabad,
8494,2025-11-01,Monthly,299,Patna,
8495,2025-11-01,Monthly,299,Pune,2026-08-01
8496,2025-11-01,Monthly,299,Mumbai,2025-12-01
8497,2025-11-01,Monthly,299,Bengaluru,
8498,2025-11-01,Monthly,299,Mumbai,
8499,2025-11-01,Monthly,299,Hyderabad,
8500,2025-11-01,Monthly,299,Bengaluru,2025-12-01
8501,2025-11-01,Annual,2499,,
8502,2025-11-01,Annual,2499,Bengaluru,
8503,2025-11-01,Monthly,299,Mumbai,
8504,2025-11-01,Monthly,299,Bengaluru,2025-12-01
8505,2025-11-01,Annual,2499,Jaipur,
8506,2025-11-01,Monthly,299,Jaipur,2026-01-01
8507,2025-11-01,Annual,2499,Bengaluru,
8508,2025-11-01,Annual,2499,Delhi,
8509,2025-11-01,Monthly,299,Mumbai,
8510,2025-11-01,Monthly,299,Pune,2026-02-01
8511,2025-11-01,Annual,2499,Kolkata,
8512,2025-11-01,Monthly,299,Delhi,2025-12-01
8513,2025-11-01,Monthly,299,Kolkata,
8514,2025-11-01,Monthly,299,Kolkata,
8515,2025-11-01,Annual,2499,Bengaluru,
8516,2025-11-01,Monthly,299,Pune,2026-02-01
8517,2025-11-01,Annual,2499,Ahmedabad,
8518,2025-11-01,Annual,2499,Bengaluru,
8519,2025-11-01,Monthly,299,Chennai,
8520,2025-11-01,Monthly,299,Bengaluru,2025-12-01
8521,2025-11-01,Annual,2499,Bengaluru,
8522,2025-11-01,Monthly,299,Chennai,2026-01-01
8523,2025-11-01,Monthly,299,Pune,
8524,2025-11-01,Monthly,299,Kolkata,
8525,2025-11-01,Monthly,299,Chennai,
8526,2025-11-01,Monthly,299,Delhi,2026-02-01
8527,2025-11-01,Monthly,299,Chennai,2026-06-01
8528,2025-11-01,Monthly,299,Delhi,2026-01-01
8529,2025-11-01,Monthly,299,Chennai,2026-01-01
8530,2025-11-01,Monthly,299,Pune,2025-12-01
8531,2025-11-01,Annual,2499,Kolkata,
8532,2025-11-01,Monthly,299,Kolkata,
8533,2025-11-01,Monthly,299,Hyderabad,2026-01-01
8534,2025-11-01,Annual,2499,Bengaluru,
8535,2025-11-01,Monthly,299,Kolkata,2025-12-01
8536,2025-11-01,Monthly,299,Pune,
8537,2025-11-01,Monthly,299,Pune,2026-07-01
8538,2025-11-01,Monthly,299,Ahmedabad,
8539,2025-11-01,Monthly,299,Kolkata,2025-12-01
8540,2025-11-01,Annual,2499,Mumbai,
8541,2025-11-01,Monthly,299,Ahmedabad,
8542,2025-11-01,Annual,2499,Mumbai,
8543,2025-11-01,Monthly,299,Hyderabad,
8544,2025-11-01,Annual,2499,Bengaluru,2026-03-01
8545,2025-11-01,Monthly,299,Pune,
8546,2025-11-01,Monthly,299,Ahmedabad,2025-12-01
8547,2025-12-01,Annual,2499,Kolkata,
8548,2025-12-01,Annual,2499,Delhi,
8549,2025-12-01,Monthly,299,Bengaluru,2026-08-01
8550,2025-12-01,Monthly,299,Delhi,
8551,2025-12-01,Monthly,299,Kolkata,2026-03-01
8552,2025-12-01,Monthly,299,Kolkata,
8553,2025-12-01,Monthly,299,Pune,2026-01-01
8554,2025-12-01,Monthly,299,Delhi,
8555,2025-12-01,Annual,2499,Hyderabad,
8556,2025-12-01,Annual,2499,Mumbai,2026-05-01
8557,2025-12-01,Annual,2499,Bengaluru,
8558,2025-12-01,Monthly,299,Bengaluru,
8559,2025-12-01,Monthly,299,Bengaluru,
8560,2025-12-01,Monthly,299,Pune,
8561,2025-12-01,Monthly,299,,2026-04-01
8562,2025-12-01,Monthly,299,Jaipur,
8563,2025-12-01,Annual,2499,Jaipur,
8564,2025-12-01,Annual,2499,Jaipur,
8565,2025-12-01,Monthly,299,Chennai,2026-01-01
8566,2025-12-01,Monthly,299,Kolkata,2026-01-01
8567,2025-12-01,Monthly,299,Ahmedabad,2026-04-01
8568,2025-12-01,Annual,2499,Kolkata,2026-02-01
8569,2025-12-01,Monthly,299,Patna,2026-02-01
8570,2025-12-01,Annual,2499,Delhi,
8571,2025-12-01,Monthly,299,Ahmedabad,
8572,2025-12-01,Annual,2499,Jaipur,
8573,2025-12-01,Annual,2499,Jaipur,
8574,2025-12-01,Monthly,299,Ahmedabad,2026-06-01
8575,2025-12-01,Monthly,299,Ahmedabad,2026-08-01
8576,2025-12-01,Monthly,299,Hyderabad,
8577,2025-12-01,Monthly,299,Kolkata,2026-05-01
8578,2025-12-01,Monthly,299,Bengaluru,2026-02-01
8579,2025-12-01,Monthly,299,Patna,
8580,2025-12-01,Monthly,299,Kolkata,2026-04-01
8581,2025-12-01,Monthly,299,Ahmedabad,
8582,2025-12-01,Monthly,299,Jaipur,2026-03-01
8583,2025-12-01,Monthly,299,Delhi,2026-08-01
8584,2025-12-01,Monthly,299,Mumbai,2026-02-01
8585,2025-12-01,Annual,2499,Bengaluru,
8586,2025-12-01,Monthly,299,Bengaluru,
8587,2025-12-01,Monthly,299,Patna,2026-04-01
8588,2025-12-01,Monthly,299,Kolkata,
8589,2025-12-01,Monthly,299,Mumbai,2026-01-01
8590,2025-12-01,Annual,2499,Bengaluru,
8591,2025-12-01,Monthly,299,Jaipur,
8592,2025-12-01,Annual,2499,Hyderabad,
8593,2025-12-01,Monthly,299,Mumbai,
8594,2025-12-01,Annual,2499,Kolkata,2026-01-01
8595,2025-12-01,Annual,2499,Pune,
8596,2025-12-01,Monthly,299,Delhi,2026-04-01
8597,2025-12-01,Monthly,299,Pune,
8598,2025-12-01,Monthly,299,Hyderabad,2026-02-01
8599,2025-12-01,Monthly,299,Ahmedabad,
8600,2025-12-01,Monthly,299,Pune,2026-08-01
8601,2025-12-01,Monthly,299,Pune,2026-08-01
8602,2025-12-01,Annual,2499,Kolkata,
8603,2025-12-01,Monthly,299,Pune,2026-02-01
8604,2025-12-01,Monthly,299,Chennai,
8605,2025-12-01,Annual,2499,Hyderabad,
8606,2025-12-01,Annual,2499,Mumbai,
8607,2025-12-01,Monthly,299,Bengaluru,
8608,2025-12-01,Annual,2499,Pune,
8609,2025-12-01,Monthly,299,Jaipur,
8610,2025-12-01,Monthly,299,Chennai,
8611,2025-12-01,Annual,2499,Kolkata,
8612,2025-12-01,Monthly,299,Jaipur,2026-01-01
8613,2025-12-01,Monthly,299,Hyderabad,2026-01-01
8614,2025-12-01,Monthly,299,Chennai,2026-01-01
8615,2025-12-01,Monthly,299,Hyderabad,
8616,2025-12-01,Monthly,299,Delhi,2026-01-01
8617,2025-12-01,Annual,2499,Patna,
8618,2025-12-01,Monthly,299,Kolkata,2026-03-01
8619,2025-12-01,Monthly,299,Delhi,2026-02-01
8620,2025-12-01,Monthly,299,Pune,
8621,2025-12-01,Monthly,299,Hyderabad,2026-01-01
8622,2025-12-01,Monthly,299,Jaipur,2026-05-01
8623,2025-12-01,Monthly,299,Jaipur,2026-01-01
8624,2025-12-01,Monthly,299,Chennai,
8625,2025-12-01,Monthly,299,Chennai,2026-01-01
8626,2025-12-01,Monthly,299,Kolkata,2026-02-01
8627,2025-12-01,Annual,2499,Pune,
8628,2025-12-01,Monthly,299,Patna,
8629,2025-12-01,Annual,2499,Pune,2026-01-01
8630,2025-12-01,Annual,2499,Bengaluru,
8631,2025-12-01,Monthly,299,Chennai,
8632,2025-12-01,Annual,2499,Pune,
8633,2025-12-01,Monthly,299,Delhi,
8634,2025-12-01,Monthly,299,Bengaluru,
8635,2025-12-01,Monthly,299,Kolkata,2026-02-01
8636,2025-12-01,Annual,2499,Ahmedabad,
8637,2025-12-01,Monthly,299,Patna,2026-03-01
8638,2025-12-01,Monthly,299,Jaipur,
8639,2025-12-01,Monthly,299,Mumbai,2026-01-01
8640,2025-12-01,Annual,2499,Chennai,2026-03-01
8641,2025-12-01,Monthly,299,Kolkata,
8642,2025-12-01,Monthly,299,Patna,2026-07-01
8643,2025-12-01,Monthly,299,Kolkata,
8644,2025-12-01,Monthly,299,Chennai,2026-01-01
8645,2025-12-01,Monthly,299,Chennai,2026-03-01
8646,2025-12-01,Monthly,299,Mumbai,2026-03-01
8647,2025-12-01,Annual,2499,Kolkata,
8648,2025-12-01,Monthly,299,Jaipur,
8649,2025-12-01,Annual,2499,Kolkata,
8650,2025-12-01,Monthly,299,Patna,2026-06-01
8651,2025-12-01,Monthly,299,Jaipur,2026-05-01
8652,2025-12-01,Annual,2499,Delhi,
8653,2025-12-01,Monthly,299,Jaipur,2026-01-01
8654,2025-12-01,Monthly,299,Patna,2026-02-01
8655,2025-12-01,Monthly,299,Hyderabad,
8656,2025-12-01,Annual,2499,Mumbai,
8657,2025-12-01,Annual,2499,Bengaluru,
8658,2025-12-01,Annual,2499,Chennai,2026-01-01
8659,2025-12-01,Monthly,299,Hyderabad,
8660,2025-12-01,Monthly,299,Pune,
8661,2025-12-01,Monthly,299,Delhi,
8662,2025-12-01,Annual,2499,Delhi,
8663,2025-12-01,Annual,2499,Patna,
8664,2025-12-01,Monthly,299,Pune,2026-04-01
8665,2025-12-01,Annual,2499,Kolkata,
8666,2025-12-01,Annual,2499,Kolkata,
8667,2025-12-01,Annual,2499,Hyderabad,
8668,2025-12-01,Monthly,299,Patna,
8669,2025-12-01,Monthly,299,Ahmedabad,2026-02-01
8670,2025-12-01,Monthly,299,Hyderabad,
8671,2025-12-01,Monthly,299,Hyderabad,2026-05-01
8672,2025-12-01,Monthly,299,Jaipur,
8673,2025-12-01,Annual,2499,Ahmedabad,
8674,2025-12-01,Monthly,299,Ahmedabad,2026-01-01
8675,2025-12-01,Annual,2499,Pune,
8676,2025-12-01,Annual,2499,Jaipur,
8677,2025-12-01,Monthly,299,Kolkata,
8678,2025-12-01,Monthly,299,Mumbai,2026-02-01
8679,2025-12-01,Monthly,299,Delhi,
8680,2025-12-01,Monthly,299,Ahmedabad,
8681,2025-12-01,Annual,2499,Bengaluru,
8682,2025-12-01,Monthly,299,Ahmedabad,
8683,2025-12-01,Monthly,299,Mumbai,
8684,2025-12-01,Annual,2499,Chennai,
8685,2025-12-01,Monthly,299,Chennai,2026-01-01
8686,2025-12-01,Monthly,299,Mumbai,2026-07-01
8687,2025-12-01,Monthly,299,Patna,
8688,2025-12-01,Monthly,299,Ahmedabad,
8689,2025-12-01,Monthly,299,Mumbai,2026-02-01
8690,2025-12-01,Monthly,299,Jaipur,2026-04-01
8691,2025-12-01,Monthly,299,Mumbai,2026-08-01
8692,2025-12-01,Monthly,299,Pune,2026-05-01
8693,2025-12-01,Annual,2499,Delhi,2026-07-01
8694,2025-12-01,Monthly,299,Pune,
8695,2025-12-01,Annual,2499,Kolkata,2026-01-01
8696,2025-12-01,Annual,2499,Kolkata,
8697,2025-12-01,Annual,2499,Ahmedabad,
8698,2025-12-01,Annual,2499,Mumbai,
8699,2025-12-01,Monthly,299,Delhi,2026-05-01
8700,2025-12-01,Annual,2499,Jaipur,
8701,2025-12-01,Monthly,299,Patna,
8702,2025-12-01,Monthly,299,Ahmedabad,
8703,2025-12-01,Annual,2499,Hyderabad,
8704,2025-12-01,Annual,2499,Pune,
8705,2025-12-01,Annual,2499,Ahmedabad,
8706,2025-12-01,Annual,2499,Delhi,
8707,2025-12-01,Annual,2499,Delhi,
8708,2025-12-01,Annual,2499,Hyderabad,
8709,2025-12-01,Monthly,299,Hyderabad,
8710,2025-12-01,Monthly,299,Patna,2026-02-01
8711,2025-12-01,Monthly,299,Jaipur,
8712,2025-12-01,Monthly,299,Ahmedabad,
8713,2025-12-01,Monthly,299,Chennai,2026-02-01
8714,2025-12-01,Annual,2499,Mumbai,
8715,2025-12-01,Monthly,299,Delhi,
8716,2025-12-01,Monthly,299,Delhi,2026-01-01
8717,2025-12-01,Monthly,299,Jaipur,
8718,2025-12-01,Monthly,299,Kolkata,
8719,2025-12-01,Monthly,299,Hyderabad,
8720,2025-12-01,Monthly,299,Jaipur,
8721,2025-12-01,Annual,2499,Bengaluru,
8722,2025-12-01,Annual,2499,Pune,
8723,2025-12-01,Monthly,299,Hyderabad,
8724,2025-12-01,Monthly,299,Hyderabad,2026-01-01
8725,2025-12-01,Monthly,299,Patna,2026-02-01
8726,2025-12-01,Monthly,299,Hyderabad,2026-04-01
8727,2025-12-01,Annual,2499,Hyderabad,
8728,2025-12-01,Annual,2499,Mumbai,
8729,2025-12-01,Monthly,299,Pune,2026-04-01
8730,2025-12-01,Monthly,299,Patna,2026-01-01
8731,2025-12-01,Monthly,299,Hyderabad,
8732,2025-12-01,Annual,2499,Hyderabad,
8733,2025-12-01,Monthly,299,Hyderabad,
8734,2025-12-01,Monthly,299,Patna,
8735,2025-12-01,Monthly,299,Pune,
8736,2025-12-01,Annual,2499,Delhi,
8737,2025-12-01,Monthly,299,Patna,2026-05-01
8738,2025-12-01,Monthly,299,Hyderabad,
8739,2025-12-01,Monthly,299,Bengaluru,2026-02-01
8740,2025-12-01,Monthly,299,Pune,
8741,2025-12-01,Monthly,299,Chennai,
8742,2025-12-01,Annual,2499,Chennai,
8743,2025-12-01,Annual,2499,Mumbai,
8744,2025-12-01,Monthly,299,Jaipur,2026-01-01
8745,2025-12-01,Monthly,299,Delhi,2026-02-01
8746,2025-12-01,Monthly,299,,2026-03-01
8747,2025-12-01,Monthly,299,Mumbai,
8748,2025-12-01,Monthly,299,Mumbai,
8749,2025-12-01,Monthly,299,Hyderabad,2026-01-01
8750,2025-12-01,Monthly,299,Delhi,2026-02-01
8751,2025-12-01,Monthly,299,Jaipur,
8752,2025-12-01,Monthly,299,Mumbai,2026-07-01
8753,2025-12-01,Annual,2499,Delhi,
8754,2025-12-01,Monthly,299,Patna,
8755,2025-12-01,Monthly,299,Delhi,
8756,2025-12-01,Monthly,299,Ahmedabad,2026-01-01
8757,2025-12-01,Monthly,299,Delhi,2026-02-01
8758,2025-12-01,Monthly,299,Patna,
8759,2025-12-01,Monthly,299,Hyderabad,2026-01-01
8760,2025-12-01,Monthly,299,Kolkata,
8761,2025-12-01,Monthly,299,Mumbai,
8762,2025-12-01,Monthly,299,Patna,2026-02-01
8763,2025-12-01,Monthly,299,Chennai,2026-03-01
8764,2025-12-01,Monthly,299,Hyderabad,2026-03-01
8765,2025-12-01,Annual,2499,Ahmedabad,
8766,2025-12-01,Monthly,299,Pune,2026-04-01
8767,2025-12-01,Annual,2499,Pune,
8768,2025-12-01,Monthly,299,Mumbai,2026-07-01
8769,2025-12-01,Monthly,299,Chennai,
8770,2025-12-01,Monthly,299,Jaipur,2026-02-01
8771,2025-12-01,Monthly,299,Hyderabad,2026-01-01
8772,2025-12-01,Monthly,299,Kolkata,
8773,2025-12-01,Monthly,299,Mumbai,2026-07-01
8774,2025-12-01,Monthly,299,Mumbai,
8775,2025-12-01,Annual,2499,Mumbai,
8776,2025-12-01,Monthly,299,Pune,2026-02-01
8777,2025-12-01,Monthly,299,Pune,2026-02-01
8778,2025-12-01,Annual,2499,Chennai,2026-03-01
8779,2025-12-01,Annual,2499,Pune,2026-08-01
8780,2025-12-01,Monthly,299,Delhi,
8781,2025-12-01,Annual,2499,Delhi,
8782,2025-12-01,Monthly,299,Ahmedabad,2026-03-01
8783,2025-12-01,Monthly,299,Delhi,2026-04-01
8784,2025-12-01,Monthly,299,Bengaluru,2026-04-01
8785,2025-12-01,Monthly,299,Delhi,2026-01-01
8786,2025-12-01,Monthly,299,Kolkata,
8787,2025-12-01,Monthly,299,Hyderabad,
8788,2025-12-01,Annual,2499,Jaipur,
8789,2025-12-01,Monthly,299,Mumbai,
8790,2025-12-01,Annual,2499,Chennai,
8791,2025-12-01,Annual,2499,Ahmedabad,
8792,2025-12-01,Annual,2499,Mumbai,
8793,2025-12-01,Monthly,299,Pune,
8794,2025-12-01,Annual,2499,Pune,
8795,2025-12-01,Monthly,299,Ahmedabad,2026-02-01
8796,2025-12-01,Monthly,299,Hyderabad,
8797,2025-12-01,Monthly,299,Jaipur,2026-05-01
8798,2025-12-01,Annual,2499,Chennai,
8799,2025-12-01,Monthly,299,Hyderabad,
8800,2025-12-01,Monthly,299,,2026-03-01
8801,2025-12-01,Monthly,299,Patna,
8802,2025-12-01,Annual,2499,Hyderabad,
8803,2025-12-01,Annual,2499,Hyderabad,
8804,2025-12-01,Monthly,299,Ahmedabad,
8805,2025-12-01,Annual,2499,Hyderabad,
8806,2025-12-01,Annual,2499,Ahmedabad,
8807,2025-12-01,Monthly,299,Patna,
8808,2025-12-01,Monthly,299,Jaipur,
8809,2025-12-01,Monthly,299,Chennai,2026-01-01
8810,2025-12-01,Monthly,299,Jaipur,2026-01-01
8811,2025-12-01,Annual,2499,Delhi,
8812,2025-12-01,Monthly,299,Jaipur,
8813,2025-12-01,Monthly,299,Hyderabad,2026-08-01
8814,2025-12-01,Monthly,299,Mumbai,
8815,2025-12-01,Monthly,299,Mumbai,
8816,2025-12-01,Monthly,299,Hyderabad,2026-08-01
8817,2025-12-01,Monthly,299,Pune,2026-01-01
8818,2025-12-01,Monthly,299,Bengaluru,
8819,2025-12-01,Annual,2499,Pune,
8820,2025-12-01,Monthly,299,Mumbai,
8821,2025-12-01,Monthly,299,Ahmedabad,2026-01-01
8822,2025-12-01,Monthly,299,Pune,2026-01-01
8823,2025-12-01,Annual,2499,Pune,
8824,2025-12-01,Annual,2499,Mumbai,
8825,2025-12-01,Annual,2499,Chennai,
8826,2025-12-01,Monthly,299,Bengaluru,
8827,2025-12-01,Annual,2499,Hyderabad,
8828,2025-12-01,Monthly,299,Jaipur,
8829,2025-12-01,Annual,2499,Pune,
8830,2025-12-01,Annual,2499,Mumbai,
8831,2025-12-01,Annual,2499,Hyderabad,
8832,2025-12-01,Monthly,299,Kolkata,
8833,2025-12-01,Monthly,299,Kolkata,2026-06-01
8834,2025-12-01,Annual,2499,Bengaluru,
8835,2025-12-01,Monthly,299,Mumbai,
8836,2025-12-01,Monthly,299,,2026-02-01
8837,2025-12-01,Monthly,299,Kolkata,
8838,2025-12-01,Annual,2499,Patna,
8839,2025-12-01,Monthly,299,Delhi,
8840,2025-12-01,Monthly,299,Kolkata,2026-01-01
8841,2025-12-01,Monthly,299,Bengaluru,
8842,2025-12-01,Annual,2499,Kolkata,
8843,2025-12-01,Annual,2499,Chennai,2026-03-01
8844,2025-12-01,Monthly,299,Chennai,
8845,2025-12-01,Monthly,299,Pune,
8846,2025-12-01,Annual,2499,Mumbai,
8847,2025-12-01,Monthly,299,,
8848,2025-12-01,Monthly,299,Patna,
8849,2025-12-01,Monthly,299,Chennai,
8850,2025-12-01,Monthly,299,Pune,
8851,2025-12-01,Annual,2499,Patna,
8852,2025-12-01,Annual,2499,Bengaluru,
8853,2025-12-01,Monthly,299,Chennai,2026-02-01
8854,2025-12-01,Monthly,299,Jaipur,2026-07-01
8855,2025-12-01,Monthly,299,Delhi,2026-05-01
8856,2025-12-01,Annual,2499,Bengaluru,
8857,2025-12-01,Annual,2499,Pune,
8858,2025-12-01,Monthly,299,Delhi,
8859,2025-12-01,Monthly,299,Chennai,
8860,2025-12-01,Monthly,299,Mumbai,2026-07-01
8861,2025-12-01,Monthly,299,Mumbai,
8862,2025-12-01,Annual,2499,Jaipur,
8863,2025-12-01,Monthly,299,Mumbai,
8864,2025-12-01,Monthly,299,Chennai,
8865,2025-12-01,Monthly,299,Jaipur,
8866,2025-12-01,Monthly,299,Mumbai,2026-01-01
8867,2025-12-01,Monthly,299,Chennai,
8868,2025-12-01,Monthly,299,Bengaluru,
8869,2025-12-01,Monthly,299,Mumbai,
8870,2025-12-01,Monthly,299,Jaipur,
8871,2025-12-01,Monthly,299,Chennai,
8872,2025-12-01,Monthly,299,Pune,
8873,2025-12-01,Monthly,299,Kolkata,
8874,2025-12-01,Monthly,299,Mumbai,
8875,2025-12-01,Annual,2499,Pune,
8876,2025-12-01,Annual,2499,Jaipur,
8877,2025-12-01,Monthly,299,Jaipur,
8878,2025-12-01,Monthly,299,Chennai,2026-03-01
8879,2025-12-01,Monthly,299,Delhi,
8880,2025-12-01,Monthly,299,Pune,2026-06-01
8881,2025-12-01,Monthly,299,Kolkata,
8882,2025-12-01,Monthly,299,Pune,2026-02-01
8883,2025-12-01,Monthly,299,Patna,
8884,2025-12-01,Monthly,299,Ahmedabad,
8885,2025-12-01,Monthly,299,Ahmedabad,2026-07-01
8886,2025-12-01,Monthly,299,Patna,
8887,2025-12-01,Annual,2499,Jaipur,
8888,2025-12-01,Monthly,299,Delhi,
8889,2025-12-01,Monthly,299,Patna,
8890,2025-12-01,Monthly,299,Pune,
8891,2025-12-01,Monthly,299,Ahmedabad,2026-06-01
8892,2025-12-01,Monthly,299,Bengaluru,
8893,2025-12-01,Monthly,299,Bengaluru,
8894,2025-12-01,Monthly,299,Mumbai,2026-02-01
8895,2025-12-01,Annual,2499,Chennai,
8896,2025-12-01,Monthly,299,Chennai,
8897,2025-12-01,Annual,2499,Bengaluru,
8898,2025-12-01,Monthly,299,Bengaluru,
8899,2025-12-01,Annual,2499,Patna,
8900,2025-12-01,Annual,2499,Jaipur,
8901,2025-12-01,Monthly,299,Ahmedabad,2026-08-01
8902,2025-12-01,Monthly,299,Chennai,
8903,2025-12-01,Monthly,299,Patna,
8904,2025-12-01,Annual,2499,Patna,2026-08-01
8905,2025-12-01,Monthly,299,Delhi,2026-02-01
8906,2025-12-01,Annual,2499,Patna,2026-01-01
8907,2025-12-01,Monthly,299,Chennai,2026-05-01
8908,2025-12-01,Annual,2499,Pune,2026-06-01
8909,2025-12-01,Monthly,299,Delhi,
8910,2025-12-01,Monthly,299,Kolkata,
8911,2025-12-01,Monthly,299,Pune,
8912,2025-12-01,Annual,2499,Delhi,
8913,2025-12-01,Monthly,299,Delhi,2026-04-01
8914,2025-12-01,Monthly,299,Kolkata,
8915,2025-12-01,Annual,2499,Kolkata,
8916,2025-12-01,Monthly,299,Pune,2026-03-01
8917,2025-12-01,Monthly,299,Pune,2026-01-01
8918,2025-12-01,Monthly,299,Hyderabad,2026-02-01
8919,2025-12-01,Monthly,299,Mumbai,2026-02-01
8920,2025-12-01,Monthly,299,Jaipur,2026-05-01
8921,2025-12-01,Monthly,299,Jaipur,2026-07-01
8922,2025-12-01,Annual,2499,,
8923,2025-12-01,Annual,2499,Chennai,2026-07-01
8924,2025-12-01,Annual,2499,Patna,
8925,2025-12-01,Monthly,299,Hyderabad,2026-03-01
8926,2025-12-01,Annual,2499,Mumbai,
8927,2025-12-01,Annual,2499,Mumbai,
8928,2025-12-01,Monthly,299,Delhi,2026-01-01
8929,2025-12-01,Monthly,299,Chennai,
8930,2025-12-01,Monthly,299,Jaipur,
8931,2025-12-01,Monthly,299,Chennai,
8932,2025-12-01,Monthly,299,Jaipur,2026-02-01
8933,2025-12-01,Annual,2499,Pune,
8934,2025-12-01,Monthly,299,Bengaluru,
8935,2025-12-01,Monthly,299,Kolkata,
8936,2025-12-01,Annual,2499,Pune,
8937,2025-12-01,Monthly,299,Jaipur,2026-06-01
8938,2025-12-01,Monthly,299,Mumbai,2026-07-01
8939,2025-12-01,Annual,2499,Pune,
8940,2025-12-01,Monthly,299,Pune,
8941,2025-12-01,Monthly,299,Jaipur,
8942,2025-12-01,Annual,2499,Delhi,
8943,2025-12-01,Monthly,299,,
8944,2025-12-01,Monthly,299,Ahmedabad,
8945,2025-12-01,Annual,2499,Pune,
8946,2025-12-01,Monthly,299,Hyderabad,2026-05-01
8947,2025-12-01,Monthly,299,Ahmedabad,
8948,2025-12-01,Monthly,299,Ahmedabad,2026-01-01
8949,2025-12-01,Annual,2499,Chennai,
8950,2025-12-01,Monthly,299,Bengaluru,2026-08-01
8951,2025-12-01,Monthly,299,Kolkata,
8952,2025-12-01,Monthly,299,Mumbai,
8953,2025-12-01,Monthly,299,Jaipur,2026-03-01
8954,2025-12-01,Annual,2499,Chennai,
8955,2025-12-01,Monthly,299,Mumbai,
8956,2025-12-01,Monthly,299,Pune,2026-02-01
8957,2025-12-01,Monthly,299,Patna,
8958,2025-12-01,Annual,2499,Kolkata,
8959,2025-12-01,Monthly,299,Delhi,
8960,2025-12-01,Annual,2499,Chennai,
8961,2025-12-01,Annual,2499,Patna,
8962,2025-12-01,Monthly,299,Bengaluru,2026-03-01
8963,2025-12-01,Monthly,299,Jaipur,2026-08-01
8964,2025-12-01,Annual,2499,Bengaluru,
8965,2025-12-01,Monthly,299,Mumbai,
8966,2025-12-01,Monthly,299,Patna,
8967,2025-12-01,Monthly,299,Ahmedabad,2026-05-01
8968,2025-12-01,Monthly,299,Mumbai,2026-04-01
8969,2025-12-01,Monthly,299,Ahmedabad,
8970,2025-12-01,Monthly,299,Ahmedabad,2026-07-01
8971,2025-12-01,Monthly,299,Kolkata,
8972,2025-12-01,Annual,2499,Pune,
8973,2025-12-01,Annual,2499,Chennai,2026-02-01
8974,2025-12-01,Monthly,299,Delhi,2026-04-01
8975,2025-12-01,Annual,2499,Bengaluru,
8976,2025-12-01,Monthly,299,Jaipur,2026-07-01
8977,2025-12-01,Monthly,299,Ahmedabad,2026-03-01
8978,2025-12-01,Annual,2499,Chennai,
8979,2025-12-01,Annual,2499,Bengaluru,
8980,2025-12-01,Monthly,299,Kolkata,
8981,2025-12-01,Annual,2499,Pune,
8982,2025-12-01,Annual,2499,,
8983,2025-12-01,Annual,2499,Pune,
8984,2025-12-01,Monthly,299,Hyderabad,2026-02-01
8985,2025-12-01,Annual,2499,Ahmedabad,
8986,2025-12-01,Annual,2499,Bengaluru,
8987,2025-12-01,Monthly,299,Ahmedabad,
8988,2025-12-01,Annual,2499,Jaipur,
8989,2025-12-01,Annual,2499,Jaipur,
8990,2025-12-01,Monthly,299,Hyderabad,
8991,2025-12-01,Monthly,299,Jaipur,2026-01-01
8992,2025-12-01,Monthly,299,Patna,2026-08-01
8993,2025-12-01,Monthly,299,Pune,
8994,2025-12-01,Monthly,299,Mumbai,2026-03-01
8995,2025-12-01,Annual,2499,Jaipur,
8996,2025-12-01,Monthly,299,Chennai,2026-02-01
8997,2025-12-01,Monthly,299,Chennai,
8998,2025-12-01,Monthly,299,Jaipur,2026-02-01
8999,2025-12-01,Monthly,299,Hyderabad,2026-08-01
9000,2025-12-01,Annual,2499,Mumbai,
9001,2025-12-01,Annual,2499,Kolkata,
9002,2025-12-01,Monthly,299,Patna,
9003,2025-12-01,Annual,2499,Kolkata,
9004,2025-12-01,Annual,2499,Bengaluru,
9005,2025-12-01,Annual,2499,Jaipur,
9006,2025-12-01,Annual,2499,Ahmedabad,
9007,2025-12-01,Monthly,299,Pune,
9008,2025-12-01,Monthly,299,Pune,2026-03-01
9009,2025-12-01,Monthly,299,Ahmedabad,2026-01-01
9010,2025-12-01,Monthly,299,Ahmedabad,
9011,2025-12-01,Monthly,299,Kolkata,2026-04-01
9012,2025-12-01,Annual,2499,Bengaluru,2026-05-01
9013,2025-12-01,Monthly,299,Hyderabad,
9014,2025-12-01,Monthly,299,Delhi,
9015,2025-12-01,Monthly,299,Bengaluru,
9016,2025-12-01,Monthly,299,Bengaluru,
9017,2025-12-01,Annual,2499,Bengaluru,
9018,2025-12-01,Annual,2499,Patna,
9019,2025-12-01,Annual,2499,Bengaluru,
9020,2025-12-01,Annual,2499,Ahmedabad,
9021,2025-12-01,Monthly,299,Kolkata,2026-01-01
9022,2025-12-01,Monthly,299,Kolkata,2026-04-01
9023,2025-12-01,Annual,2499,Kolkata,
9024,2025-12-01,Annual,2499,Hyderabad,
9025,2025-12-01,Monthly,299,Bengaluru,
9026,2025-12-01,Monthly,299,Delhi,2026-01-01
9027,2025-12-01,Monthly,299,Delhi,2026-03-01
9028,2025-12-01,Monthly,299,Pune,2026-05-01
9029,2025-12-01,Monthly,299,Chennai,2026-06-01
9030,2025-12-01,Monthly,299,Bengaluru,
9031,2025-12-01,Annual,2499,Chennai,
9032,2025-12-01,Monthly,299,Mumbai,2026-03-01
9033,2025-12-01,Annual,2499,Delhi,
9034,2025-12-01,Monthly,299,Hyderabad,2026-05-01
9035,2025-12-01,Monthly,299,Bengaluru,
9036,2025-12-01,Monthly,299,,2026-07-01
9037,2025-12-01,Annual,2499,Kolkata,
9038,2025-12-01,Monthly,299,Bengaluru,2026-01-01
9039,2025-12-01,Monthly,299,Mumbai,
9040,2025-12-01,Annual,2499,Patna,
9041,2025-12-01,Monthly,299,Hyderabad,
9042,2025-12-01,Monthly,299,Delhi,
9043,2025-12-01,Annual,2499,Kolkata,2026-02-01
9044,2025-12-01,Monthly,299,Jaipur,2026-03-01
9045,2025-12-01,Monthly,299,Ahmedabad,2026-06-01
9046,2025-12-01,Monthly,299,Jaipur,2026-04-01
9047,2025-12-01,Annual,2499,Delhi,2026-02-01
9048,2025-12-01,Monthly,299,Hyderabad,
9049,2025-12-01,Annual,2499,Kolkata,
9050,2025-12-01,Monthly,299,Pune,2026-08-01
9051,2025-12-01,Annual,2499,Pune,
9052,2025-12-01,Monthly,299,Jaipur,
9053,2025-12-01,Monthly,299,Jaipur,2026-01-01
9054,2025-12-01,Monthly,299,Hyderabad,
9055,2025-12-01,Monthly,299,Delhi,
9056,2025-12-01,Monthly,299,Jaipur,
9057,2025-12-01,Annual,2499,Bengaluru,
9058,2025-12-01,Monthly,299,Delhi,
9059,2025-12-01,Monthly,299,Patna,
9060,2025-12-01,Monthly,299,Kolkata,2026-02-01
9061,2025-12-01,Monthly,299,Bengaluru,
9062,2025-12-01,Annual,2499,Bengaluru,
9063,2025-12-01,Monthly,299,Kolkata,
9064,2025-12-01,Annual,2499,Chennai,2026-07-01
9065,2025-12-01,Annual,2499,Delhi,
9066,2025-12-01,Monthly,299,Bengaluru,
9067,2025-12-01,Annual,2499,Bengaluru,
9068,2025-12-01,Monthly,299,Mumbai,2026-03-01
9069,2025-12-01,Monthly,299,Patna,
9070,2025-12-01,Monthly,299,Hyderabad,
9071,2025-12-01,Monthly,299,Bengaluru,
9072,2025-12-01,Monthly,299,Chennai,2026-02-01
9073,2025-12-01,Monthly,299,Jaipur,
9074,2025-12-01,Monthly,299,Pune,
9075,2025-12-01,Monthly,299,Pune,
9076,2025-12-01,Annual,2499,Ahmedabad,
9077,2025-12-01,Monthly,299,Ahmedabad,2026-02-01
9078,2025-12-01,Annual,2499,Chennai,
9079,2025-12-01,Annual,2499,Bengaluru,
9080,2025-12-01,Monthly,299,Mumbai,
9081,2025-12-01,Annual,2499,Patna,
9082,2025-12-01,Annual,2499,Mumbai,
9083,2025-12-01,Monthly,299,Patna,
9084,2025-12-01,Monthly,299,Mumbai,
9085,2025-12-01,Monthly,299,Delhi,
9086,2025-12-01,Annual,2499,Hyderabad,
9087,2025-12-01,Monthly,299,Bengaluru,2026-06-01
9088,2025-12-01,Annual,2499,Bengaluru,
9089,2025-12-01,Monthly,299,Mumbai,2026-06-01
9090,2025-12-01,Monthly,299,Ahmedabad,
9091,2025-12-01,Monthly,299,Ahmedabad,2026-04-01
9092,2025-12-01,Monthly,299,Delhi,
9093,2025-12-01,Monthly,299,Delhi,
9094,2025-12-01,Annual,2499,Hyderabad,
9095,2025-12-01,Monthly,299,Delhi,
9096,2025-12-01,Monthly,299,Patna,2026-03-01
9097,2025-12-01,Monthly,299,Hyderabad,
9098,2025-12-01,Annual,2499,Jaipur,
9099,2025-12-01,Annual,2499,Hyderabad,
9100,2025-12-01,Annual,2499,Bengaluru,
9101,2025-12-01,Monthly,299,Kolkata,2026-07-01
9102,2025-12-01,Annual,2499,Mumbai,
9103,2025-12-01,Monthly,299,Jaipur,2026-03-01
9104,2025-12-01,Monthly,299,Delhi,2026-08-01
9105,2025-12-01,Monthly,299,Kolkata,
9106,2025-12-01,Monthly,299,Pune,
9107,2025-12-01,Annual,2499,Delhi,
9108,2025-12-01,Monthly,299,Hyderabad,
9109,2025-12-01,Monthly,299,Patna,
9110,2025-12-01,Annual,2499,Patna,
9111,2025-12-01,Monthly,299,Chennai,2026-05-01
9112,2025-12-01,Annual,2499,Patna,
9113,2025-12-01,Monthly,299,Hyderabad,
9114,2025-12-01,Monthly,299,Hyderabad,2026-01-01
9115,2025-12-01,Monthly,299,Mumbai,
9116,2025-12-01,Monthly,299,Delhi,
9117,2025-12-01,Monthly,299,Bengaluru,
9118,2025-12-01,Monthly,299,Bengaluru,2026-07-01
9119,2025-12-01,Monthly,299,Bengaluru,2026-01-01
9120,2025-12-01,Monthly,299,Delhi,
9121,2025-12-01,Monthly,299,Mumbai,
9122,2025-12-01,Monthly,299,Delhi,2026-03-01
9123,2025-12-01,Monthly,299,Chennai,2026-06-01
9124,2025-12-01,Annual,2499,Kolkata,
9125,2025-12-01,Monthly,299,Kolkata,2026-08-01
9126,2025-12-01,Monthly,299,Jaipur,
9127,2025-12-01,Monthly,299,Bengaluru,2026-06-01
9128,2025-12-01,Monthly,299,Ahmedabad,2026-01-01
9129,2025-12-01,Monthly,299,Hyderabad,
9130,2025-12-01,Monthly,299,Pune,
9131,2025-12-01,Monthly,299,Ahmedabad,
9132,2025-12-01,Monthly,299,Bengaluru,2026-03-01
9133,2025-12-01,Monthly,299,Jaipur,2026-07-01
9134,2025-12-01,Annual,2499,Kolkata,
9135,2025-12-01,Monthly,299,Mumbai,2026-07-01
9136,2025-12-01,Annual,2499,Jaipur,
9137,2025-12-01,Annual,2499,Delhi,
9138,2025-12-01,Monthly,299,Delhi,2026-01-01
9139,2025-12-01,Annual,2499,Kolkata,
9140,2025-12-01,Monthly,299,Jaipur,2026-02-01
9141,2025-12-01,Monthly,299,Chennai,
9142,2025-12-01,Monthly,299,Pune,
9143,2025-12-01,Monthly,299,Patna,
9144,2025-12-01,Monthly,299,Pune,
9145,2025-12-01,Annual,2499,Pune,
9146,2025-12-01,Monthly,299,Hyderabad,
9147,2025-12-01,Monthly,299,Delhi,
9148,2025-12-01,Annual,2499,Hyderabad,
9149,2025-12-01,Monthly,299,Pune,2026-04-01
9150,2025-12-01,Monthly,299,Pune,
9151,2025-12-01,Monthly,299,Delhi,2026-05-01
9152,2025-12-01,Monthly,299,Patna,2026-03-01
9153,2025-12-01,Monthly,299,Delhi,2026-06-01
9154,2025-12-01,Monthly,299,Ahmedabad,2026-06-01
9155,2025-12-01,Monthly,299,Patna,2026-07-01
9156,2025-12-01,Annual,2499,Chennai,2026-01-01
9157,2025-12-01,Monthly,299,Pune,
9158,2025-12-01,Monthly,299,Mumbai,2026-03-01
9159,2025-12-01,Monthly,299,Patna,2026-01-01
9160,2025-12-01,Annual,2499,Kolkata,
9161,2025-12-01,Monthly,299,Chennai,2026-02-01
9162,2025-12-01,Monthly,299,Ahmedabad,2026-01-01
9163,2025-12-01,Annual,2499,Hyderabad,
9164,2025-12-01,Monthly,299,Pune,
9165,2025-12-01,Annual,2499,Kolkata,
9166,2025-12-01,Annual,2499,Jaipur,
9167,2025-12-01,Monthly,299,Hyderabad,2026-03-01
9168,2025-12-01,Annual,2499,Jaipur,
9169,2025-12-01,Monthly,299,Hyderabad,2026-02-01
9170,2025-12-01,Annual,2499,Hyderabad,
9171,2025-12-01,Monthly,299,Delhi,2026-03-01
9172,2026-01-01,Monthly,299,Chennai,
9173,2026-01-01,Annual,2499,Kolkata,
9174,2026-01-01,Monthly,299,Ahmedabad,
9175,2026-01-01,Annual,2499,Bengaluru,
9176,2026-01-01,Monthly,299,Delhi,
9177,2026-01-01,Annual,2499,Jaipur,
9178,2026-01-01,Monthly,299,Bengaluru,2026-02-01
9179,2026-01-01,Monthly,299,Kolkata,
9180,2026-01-01,Annual,2499,Chennai,
9181,2026-01-01,Monthly,299,Delhi,2026-02-01
9182,2026-01-01,Monthly,299,Mumbai,
9183,2026-01-01,Annual,2499,Pune,
9184,2026-01-01,Monthly,299,Ahmedabad,
9185,2026-01-01,Monthly,299,Ahmedabad,
9186,2026-01-01,Annual,2499,Patna,
9187,2026-01-01,Monthly,299,Patna,
9188,2026-01-01,Monthly,299,Chennai,2026-02-01
9189,2026-01-01,Annual,2499,Chennai,
9190,2026-01-01,Monthly,299,Hyderabad,
9191,2026-01-01,Monthly,299,Bengaluru,2026-04-01
9192,2026-01-01,Annual,2499,Hyderabad,
9193,2026-01-01,Monthly,299,Jaipur,2026-08-01
9194,2026-01-01,Annual,2499,Chennai,
9195,2026-01-01,Monthly,299,Ahmedabad,2026-02-01
9196,2026-01-01,Monthly,299,Delhi,2026-03-01
9197,2026-01-01,Monthly,299,Mumbai,
9198,2026-01-01,Annual,2499,Bengaluru,
9199,2026-01-01,Monthly,299,Pune,
9200,2026-01-01,Monthly,299,Mumbai,
9201,2026-01-01,Annual,2499,Bengaluru,
9202,2026-01-01,Monthly,299,Bengaluru,
9203,2026-01-01,Monthly,299,Kolkata,2026-07-01
9204,2026-01-01,Annual,2499,Kolkata,
9205,2026-01-01,Annual,2499,Bengaluru,
9206,2026-01-01,Monthly,299,Hyderabad,
9207,2026-01-01,Annual,2499,Delhi,2026-02-01
9208,2026-01-01,Annual,2499,Chennai,
9209,2026-01-01,Monthly,299,Kolkata,
9210,2026-01-01,Monthly,299,Jaipur,2026-03-01
9211,2026-01-01,Monthly,299,Jaipur,2026-03-01
9212,2026-01-01,Monthly,299,Delhi,2026-02-01
9213,2026-01-01,Monthly,299,Mumbai,
9214,2026-01-01,Monthly,299,Jaipur,2026-04-01
9215,2026-01-01,Monthly,299,Bengaluru,2026-02-01
9216,2026-01-01,Monthly,299,Hyderabad,
9217,2026-01-01,Monthly,299,Kolkata,2026-05-01
9218,2026-01-01,Monthly,299,Bengaluru,2026-02-01
9219,2026-01-01,Monthly,299,Delhi,2026-03-01
9220,2026-01-01,Monthly,299,Mumbai,2026-03-01
9221,2026-01-01,Annual,2499,Hyderabad,
9222,2026-01-01,Monthly,299,Mumbai,
9223,2026-01-01,Monthly,299,Kolkata,2026-07-01
9224,2026-01-01,Monthly,299,Hyderabad,2026-03-01
9225,2026-01-01,Annual,2499,Hyderabad,
9226,2026-01-01,Monthly,299,Jaipur,
9227,2026-01-01,Monthly,299,Chennai,2026-02-01
9228,2026-01-01,Annual,2499,Patna,
9229,2026-01-01,Monthly,299,Pune,2026-02-01
9230,2026-01-01,Monthly,299,Ahmedabad,2026-08-01
9231,2026-01-01,Monthly,299,Mumbai,
9232,2026-01-01,Monthly,299,Patna,
9233,2026-01-01,Monthly,299,Delhi,
9234,2026-01-01,Monthly,299,Pune,
9235,2026-01-01,Monthly,299,Jaipur,
9236,2026-01-01,Monthly,299,Ahmedabad,
9237,2026-01-01,Annual,2499,Delhi,
9238,2026-01-01,Monthly,299,Kolkata,2026-05-01
9239,2026-01-01,Annual,2499,Jaipur,
9240,2026-01-01,Monthly,299,Ahmedabad,
9241,2026-01-01,Monthly,299,Hyderabad,2026-04-01
9242,2026-01-01,Annual,2499,Kolkata,
9243,2026-01-01,Monthly,299,Bengaluru,
9244,2026-01-01,Monthly,299,Patna,
9245,2026-01-01,Monthly,299,Bengaluru,
9246,2026-01-01,Monthly,299,Mumbai,
9247,2026-01-01,Annual,2499,Chennai,
9248,2026-01-01,Monthly,299,Bengaluru,
9249,2026-01-01,Annual,2499,Delhi,2026-03-01
9250,2026-01-01,Monthly,299,Pune,
9251,2026-01-01,Annual,2499,Pune,
9252,2026-01-01,Monthly,299,Jaipur,
9253,2026-01-01,Monthly,299,Delhi,2026-03-01
9254,2026-01-01,Monthly,299,Ahmedabad,
9255,2026-01-01,Annual,2499,Pune,
9256,2026-01-01,Monthly,299,Bengaluru,
9257,2026-01-01,Annual,2499,Kolkata,
9258,2026-01-01,Monthly,299,Chennai,
9259,2026-01-01,Monthly,299,Chennai,
9260,2026-01-01,Annual,2499,Hyderabad,
9261,2026-01-01,Monthly,299,Hyderabad,
9262,2026-01-01,Annual,2499,Chennai,
9263,2026-01-01,Annual,2499,Mumbai,
9264,2026-01-01,Monthly,299,Jaipur,
9265,2026-01-01,Monthly,299,Kolkata,2026-03-01
9266,2026-01-01,Monthly,299,Hyderabad,
9267,2026-01-01,Monthly,299,Chennai,
9268,2026-01-01,Annual,2499,Patna,
9269,2026-01-01,Annual,2499,Patna,
9270,2026-01-01,Annual,2499,Pune,
9271,2026-01-01,Monthly,299,Jaipur,
9272,2026-01-01,Annual,2499,Bengaluru,
9273,2026-01-01,Annual,2499,Kolkata,2026-03-01
9274,2026-01-01,Annual,2499,Chennai,2026-04-01
9275,2026-01-01,Annual,2499,Delhi,
9276,2026-01-01,Monthly,299,Patna,2026-05-01
9277,2026-01-01,Annual,2499,Delhi,
9278,2026-01-01,Annual,2499,Bengaluru,
9279,2026-01-01,Annual,2499,Chennai,
9280,2026-01-01,Monthly,299,Pune,
9281,2026-01-01,Monthly,299,Chennai,
9282,2026-01-01,Annual,2499,Pune,
9283,2026-01-01,Annual,2499,Mumbai,
9284,2026-01-01,Monthly,299,Ahmedabad,2026-03-01
9285,2026-01-01,Annual,2499,Pune,2026-04-01
9286,2026-01-01,Monthly,299,Bengaluru,
9287,2026-01-01,Annual,2499,Kolkata,
9288,2026-01-01,Monthly,299,Hyderabad,
9289,2026-01-01,Monthly,299,Kolkata,
9290,2026-01-01,Annual,2499,Patna,
9291,2026-01-01,Monthly,299,Kolkata,
9292,2026-01-01,Monthly,299,Bengaluru,
9293,2026-01-01,Monthly,299,Pune,
9294,2026-01-01,Monthly,299,Jaipur,2026-02-01
9295,2026-01-01,Annual,2499,Pune,
9296,2026-01-01,Monthly,299,Kolkata,
9297,2026-01-01,Monthly,299,Bengaluru,
9298,2026-01-01,Annual,2499,Ahmedabad,
9299,2026-01-01,Monthly,299,Delhi,
9300,2026-01-01,Monthly,299,Bengaluru,
9301,2026-01-01,Annual,2499,Kolkata,
9302,2026-01-01,Monthly,299,Ahmedabad,2026-02-01
9303,2026-01-01,Monthly,299,Jaipur,2026-07-01
9304,2026-01-01,Monthly,299,Ahmedabad,
9305,2026-01-01,Monthly,299,,
9306,2026-01-01,Monthly,299,Hyderabad,
9307,2026-01-01,Monthly,299,Ahmedabad,2026-02-01
9308,2026-01-01,Monthly,299,Patna,2026-04-01
9309,2026-01-01,Monthly,299,Jaipur,2026-02-01
9310,2026-01-01,Annual,2499,Ahmedabad,
9311,2026-01-01,Monthly,299,Ahmedabad,
9312,2026-01-01,Annual,2499,Patna,
9313,2026-01-01,Monthly,299,Jaipur,
9314,2026-01-01,Monthly,299,Delhi,2026-02-01
9315,2026-01-01,Monthly,299,Ahmedabad,2026-04-01
9316,2026-01-01,Monthly,299,Kolkata,
9317,2026-01-01,Monthly,299,Mumbai,2026-03-01
9318,2026-01-01,Monthly,299,Patna,2026-04-01
9319,2026-01-01,Annual,2499,Bengaluru,
9320,2026-01-01,Monthly,299,Bengaluru,
9321,2026-01-01,Monthly,299,Patna,
9322,2026-01-01,Monthly,299,Kolkata,
9323,2026-01-01,Annual,2499,Kolkata,
9324,2026-01-01,Annual,2499,Chennai,
9325,2026-01-01,Monthly,299,Bengaluru,
9326,2026-01-01,Annual,2499,Delhi,
9327,2026-01-01,Monthly,299,Jaipur,2026-03-01
9328,2026-01-01,Monthly,299,Patna,
9329,2026-01-01,Monthly,299,Kolkata,
9330,2026-01-01,Monthly,299,Chennai,
9331,2026-01-01,Monthly,299,Chennai,2026-02-01
9332,2026-01-01,Monthly,299,Kolkata,2026-07-01
9333,2026-01-01,Annual,2499,Ahmedabad,
9334,2026-01-01,Monthly,299,Hyderabad,
9335,2026-01-01,Monthly,299,Chennai,
9336,2026-01-01,Monthly,299,Delhi,2026-04-01
9337,2026-01-01,Annual,2499,Delhi,2026-02-01
9338,2026-01-01,Annual,2499,Delhi,
9339,2026-01-01,Annual,2499,Chennai,
9340,2026-01-01,Monthly,299,Pune,
9341,2026-01-01,Annual,2499,Kolkata,
9342,2026-01-01,Annual,2499,Pune,
9343,2026-01-01,Monthly,299,Mumbai,2026-02-01
9344,2026-01-01,Monthly,299,Bengaluru,2026-08-01
9345,2026-01-01,Annual,2499,Ahmedabad,
9346,2026-01-01,Annual,2499,Mumbai,
9347,2026-01-01,Monthly,299,Kolkata,
9348,2026-01-01,Annual,2499,Bengaluru,
9349,2026-01-01,Monthly,299,Ahmedabad,
9350,2026-01-01,Annual,2499,Chennai,
9351,2026-01-01,Annual,2499,Chennai,
9352,2026-01-01,Monthly,299,Pune,
9353,2026-01-01,Annual,2499,Delhi,
9354,2026-01-01,Monthly,299,Delhi,
9355,2026-01-01,Monthly,299,Chennai,2026-02-01
9356,2026-01-01,Annual,2499,Pune,
9357,2026-01-01,Annual,2499,Delhi,
9358,2026-01-01,Monthly,299,,2026-02-01
9359,2026-01-01,Monthly,299,Kolkata,
9360,2026-01-01,Annual,2499,Pune,
9361,2026-01-01,Annual,2499,Bengaluru,
9362,2026-01-01,Monthly,299,Pune,2026-05-01
9363,2026-01-01,Annual,2499,Chennai,
9364,2026-01-01,Monthly,299,,
9365,2026-01-01,Annual,2499,Hyderabad,
9366,2026-01-01,Monthly,299,Delhi,
9367,2026-01-01,Monthly,299,Bengaluru,
9368,2026-01-01,Annual,2499,Kolkata,2026-03-01
9369,2026-01-01,Monthly,299,Delhi,
9370,2026-01-01,Monthly,299,Chennai,
9371,2026-01-01,Annual,2499,Mumbai,
9372,2026-01-01,Monthly,299,Kolkata,
9373,2026-01-01,Monthly,299,Delhi,
9374,2026-01-01,Monthly,299,Patna,2026-02-01
9375,2026-01-01,Monthly,299,Patna,
9376,2026-01-01,Monthly,299,Chennai,2026-04-01
9377,2026-01-01,Annual,2499,Mumbai,
9378,2026-01-01,Monthly,299,Mumbai,2026-03-01
9379,2026-01-01,Annual,2499,Chennai,
9380,2026-01-01,Monthly,299,Pune,2026-03-01
9381,2026-01-01,Monthly,299,Pune,
9382,2026-01-01,Annual,2499,Mumbai,2026-08-01
9383,2026-01-01,Monthly,299,Bengaluru,
9384,2026-01-01,Monthly,299,Ahmedabad,2026-03-01
9385,2026-01-01,Monthly,299,Ahmedabad,2026-05-01
9386,2026-01-01,Annual,2499,Hyderabad,
9387,2026-01-01,Monthly,299,Patna,
9388,2026-01-01,Monthly,299,Delhi,
9389,2026-01-01,Annual,2499,Patna,2026-08-01
9390,2026-01-01,Monthly,299,Mumbai,2026-02-01
9391,2026-01-01,Monthly,299,Bengaluru,
9392,2026-01-01,Monthly,299,Hyderabad,
9393,2026-01-01,Annual,2499,Pune,
9394,2026-01-01,Annual,2499,Kolkata,
9395,2026-01-01,Monthly,299,Chennai,2026-04-01
9396,2026-01-01,Monthly,299,Ahmedabad,2026-03-01
9397,2026-01-01,Monthly,299,Ahmedabad,2026-03-01
9398,2026-01-01,Monthly,299,Chennai,
9399,2026-01-01,Annual,2499,Hyderabad,2026-04-01
9400,2026-01-01,Monthly,299,Chennai,
9401,2026-01-01,Monthly,299,Mumbai,
9402,2026-01-01,Monthly,299,Kolkata,2026-05-01
9403,2026-01-01,Annual,2499,Pune,
9404,2026-01-01,Monthly,299,Kolkata,
9405,2026-01-01,Monthly,299,Hyderabad,2026-07-01
9406,2026-01-01,Monthly,299,Chennai,
9407,2026-01-01,Monthly,299,Hyderabad,2026-03-01
9408,2026-01-01,Monthly,299,Delhi,
9409,2026-01-01,Monthly,299,Delhi,2026-07-01
9410,2026-01-01,Monthly,299,Mumbai,
9411,2026-01-01,Annual,2499,Chennai,
9412,2026-01-01,Monthly,299,Kolkata,2026-06-01
9413,2026-01-01,Monthly,299,Kolkata,2026-03-01
9414,2026-01-01,Annual,2499,Kolkata,
9415,2026-01-01,Annual,2499,Bengaluru,
9416,2026-01-01,Monthly,299,Pune,
9417,2026-01-01,Monthly,299,Kolkata,2026-03-01
9418,2026-01-01,Monthly,299,Kolkata,2026-03-01
9419,2026-01-01,Monthly,299,Jaipur,
9420,2026-01-01,Monthly,299,Kolkata,2026-04-01
9421,2026-01-01,Monthly,299,Ahmedabad,
9422,2026-01-01,Annual,2499,Hyderabad,
9423,2026-01-01,Monthly,299,Bengaluru,2026-02-01
9424,2026-01-01,Monthly,299,Patna,2026-03-01
9425,2026-01-01,Monthly,299,Jaipur,
9426,2026-01-01,Annual,2499,Hyderabad,
9427,2026-01-01,Monthly,299,Bengaluru,
9428,2026-01-01,Monthly,299,Hyderabad,
9429,2026-01-01,Monthly,299,Hyderabad,
9430,2026-01-01,Monthly,299,Patna,2026-03-01
9431,2026-01-01,Annual,2499,Hyderabad,2026-02-01
9432,2026-01-01,Monthly,299,Ahmedabad,
9433,2026-01-01,Monthly,299,Chennai,
9434,2026-01-01,Annual,2499,Pune,
9435,2026-01-01,Annual,2499,Jaipur,
9436,2026-01-01,Monthly,299,Patna,2026-04-01
9437,2026-01-01,Monthly,299,Bengaluru,2026-03-01
9438,2026-01-01,Annual,2499,Mumbai,2026-02-01
9439,2026-01-01,Monthly,299,Patna,2026-06-01
9440,2026-01-01,Monthly,299,Chennai,
9441,2026-01-01,Monthly,299,Jaipur,
9442,2026-01-01,Annual,2499,Mumbai,2026-02-01
9443,2026-01-01,Monthly,299,Jaipur,
9444,2026-01-01,Monthly,299,Bengaluru,
9445,2026-01-01,Monthly,299,Bengaluru,
9446,2026-01-01,Monthly,299,Jaipur,2026-03-01
9447,2026-01-01,Monthly,299,Kolkata,2026-08-01
9448,2026-01-01,Annual,2499,,
9449,2026-01-01,Monthly,299,Chennai,
9450,2026-01-01,Monthly,299,Hyderabad,2026-03-01
9451,2026-01-01,Monthly,299,Patna,2026-02-01
9452,2026-01-01,Annual,2499,Jaipur,
9453,2026-01-01,Monthly,299,Patna,
9454,2026-01-01,Annual,2499,Pune,
9455,2026-01-01,Monthly,299,Jaipur,
9456,2026-01-01,Monthly,299,Jaipur,2026-08-01
9457,2026-01-01,Monthly,299,,
9458,2026-01-01,Monthly,299,Kolkata,
9459,2026-01-01,Monthly,299,Chennai,2026-04-01
9460,2026-01-01,Monthly,299,Chennai,
9461,2026-01-01,Monthly,299,Mumbai,2026-04-01
9462,2026-01-01,Annual,2499,Bengaluru,
9463,2026-01-01,Monthly,299,Jaipur,2026-03-01
9464,2026-01-01,Monthly,299,Bengaluru,2026-02-01
9465,2026-01-01,Annual,2499,Mumbai,
9466,2026-01-01,Monthly,299,Jaipur,
9467,2026-01-01,Monthly,299,Jaipur,
9468,2026-01-01,Monthly,299,Pune,2026-03-01
9469,2026-01-01,Monthly,299,Pune,
9470,2026-01-01,Annual,2499,Delhi,
9471,2026-01-01,Monthly,299,Pune,
9472,2026-01-01,Monthly,299,Chennai,2026-02-01
9473,2026-01-01,Annual,2499,Hyderabad,
9474,2026-01-01,Monthly,299,Pune,
9475,2026-01-01,Monthly,299,Patna,
9476,2026-01-01,Monthly,299,Ahmedabad,
9477,2026-01-01,Monthly,299,Chennai,2026-02-01
9478,2026-01-01,Annual,2499,Hyderabad,
9479,2026-01-01,Monthly,299,Patna,
9480,2026-01-01,Monthly,299,Jaipur,2026-08-01
9481,2026-01-01,Annual,2499,Delhi,2026-06-01
9482,2026-01-01,Monthly,299,Hyderabad,2026-02-01
9483,2026-01-01,Monthly,299,Patna,2026-02-01
9484,2026-01-01,Monthly,299,Pune,2026-02-01
9485,2026-01-01,Monthly,299,Patna,2026-02-01
9486,2026-01-01,Annual,2499,Patna,
9487,2026-01-01,Annual,2499,Jaipur,
9488,2026-01-01,Monthly,299,Pune,
9489,2026-01-01,Monthly,299,Mumbai,2026-03-01
9490,2026-01-01,Monthly,299,Jaipur,2026-02-01
9491,2026-01-01,Monthly,299,Delhi,
9492,2026-01-01,Monthly,299,Pune,
9493,2026-01-01,Monthly,299,Kolkata,
9494,2026-01-01,Monthly,299,,
9495,2026-01-01,Annual,2499,Delhi,2026-02-01
9496,2026-01-01,Monthly,299,Patna,2026-03-01
9497,2026-01-01,Monthly,299,Chennai,
9498,2026-01-01,Annual,2499,Delhi,
9499,2026-01-01,Annual,2499,Kolkata,
9500,2026-01-01,Annual,2499,Jaipur,
9501,2026-01-01,Monthly,299,Delhi,
9502,2026-01-01,Monthly,299,Delhi,
9503,2026-01-01,Annual,2499,Chennai,
9504,2026-01-01,Monthly,299,Jaipur,2026-03-01
9505,2026-01-01,Monthly,299,Hyderabad,
9506,2026-01-01,Annual,2499,Kolkata,2026-02-01
9507,2026-01-01,Monthly,299,Chennai,2026-02-01
9508,2026-01-01,Annual,2499,Chennai,2026-02-01
9509,2026-01-01,Monthly,299,Delhi,2026-03-01
9510,2026-01-01,Monthly,299,Jaipur,
9511,2026-01-01,Monthly,299,,2026-02-01
9512,2026-01-01,Monthly,299,Bengaluru,
9513,2026-01-01,Annual,2499,Pune,2026-02-01
9514,2026-01-01,Monthly,299,Bengaluru,
9515,2026-01-01,Annual,2499,Delhi,
9516,2026-01-01,Monthly,299,Mumbai,
9517,2026-01-01,Monthly,299,Kolkata,
9518,2026-01-01,Annual,2499,Chennai,
9519,2026-01-01,Monthly,299,Patna,
9520,2026-01-01,Monthly,299,Hyderabad,
9521,2026-01-01,Monthly,299,Mumbai,2026-02-01
9522,2026-01-01,Annual,2499,Kolkata,
9523,2026-01-01,Annual,2499,Bengaluru,
9524,2026-01-01,Monthly,299,Ahmedabad,2026-02-01
9525,2026-01-01,Monthly,299,Delhi,
9526,2026-01-01,Monthly,299,Delhi,
9527,2026-01-01,Monthly,299,Mumbai,2026-02-01
9528,2026-01-01,Monthly,299,Jaipur,
9529,2026-01-01,Monthly,299,Delhi,2026-02-01
9530,2026-01-01,Annual,2499,Hyderabad,
9531,2026-01-01,Monthly,299,Chennai,
9532,2026-01-01,Annual,2499,Bengaluru,2026-04-01
9533,2026-01-01,Monthly,299,Jaipur,2026-03-01
9534,2026-01-01,Annual,2499,Pune,
9535,2026-01-01,Monthly,299,Mumbai,2026-03-01
9536,2026-01-01,Annual,2499,Kolkata,
9537,2026-01-01,Monthly,299,Ahmedabad,2026-06-01
9538,2026-01-01,Monthly,299,Chennai,2026-03-01
9539,2026-01-01,Monthly,299,Jaipur,
9540,2026-01-01,Monthly,299,Delhi,
9541,2026-01-01,Monthly,299,Hyderabad,
9542,2026-01-01,Monthly,299,Ahmedabad,2026-02-01
9543,2026-01-01,Annual,2499,Mumbai,
9544,2026-01-01,Annual,2499,Hyderabad,
9545,2026-01-01,Annual,2499,Hyderabad,
9546,2026-01-01,Annual,2499,Delhi,
9547,2026-01-01,Monthly,299,Hyderabad,2026-02-01
9548,2026-01-01,Monthly,299,Kolkata,
9549,2026-01-01,Monthly,299,Kolkata,
9550,2026-01-01,Monthly,299,Ahmedabad,
9551,2026-01-01,Annual,2499,Kolkata,
9552,2026-01-01,Annual,2499,Mumbai,2026-03-01
9553,2026-01-01,Monthly,299,Hyderabad,2026-08-01
9554,2026-01-01,Monthly,299,Chennai,
9555,2026-01-01,Annual,2499,Delhi,
9556,2026-01-01,Annual,2499,Patna,
9557,2026-01-01,Monthly,299,Delhi,2026-05-01
9558,2026-01-01,Monthly,299,Hyderabad,2026-05-01
9559,2026-01-01,Annual,2499,Pune,
9560,2026-01-01,Annual,2499,Pune,
9561,2026-01-01,Monthly,299,Mumbai,
9562,2026-01-01,Monthly,299,Bengaluru,2026-05-01
9563,2026-01-01,Monthly,299,Delhi,2026-04-01
9564,2026-01-01,Annual,2499,Bengaluru,
9565,2026-01-01,Monthly,299,Patna,
9566,2026-01-01,Monthly,299,Delhi,2026-04-01
9567,2026-01-01,Monthly,299,Bengaluru,2026-02-01
9568,2026-01-01,Annual,2499,Bengaluru,
9569,2026-01-01,Monthly,299,Patna,2026-07-01
9570,2026-01-01,Monthly,299,Mumbai,
9571,2026-01-01,Monthly,299,Ahmedabad,2026-04-01
9572,2026-01-01,Monthly,299,Mumbai,
9573,2026-01-01,Monthly,299,Chennai,2026-06-01
9574,2026-01-01,Monthly,299,Mumbai,
9575,2026-01-01,Annual,2499,Pune,
9576,2026-01-01,Monthly,299,Kolkata,2026-02-01
9577,2026-01-01,Monthly,299,Bengaluru,
9578,2026-01-01,Monthly,299,Mumbai,
9579,2026-01-01,Annual,2499,Delhi,
9580,2026-01-01,Monthly,299,Kolkata,
9581,2026-01-01,Monthly,299,Patna,2026-08-01
9582,2026-01-01,Monthly,299,Jaipur,
9583,2026-01-01,Monthly,299,Delhi,2026-04-01
9584,2026-01-01,Monthly,299,Pune,2026-03-01
9585,2026-01-01,Annual,2499,Jaipur,
9586,2026-01-01,Annual,2499,Bengaluru,
9587,2026-01-01,Monthly,299,Chennai,
9588,2026-01-01,Annual,2499,Pune,
9589,2026-01-01,Monthly,299,Patna,2026-02-01
9590,2026-01-01,Monthly,299,Chennai,2026-05-01
9591,2026-01-01,Monthly,299,Ahmedabad,2026-02-01
9592,2026-01-01,Monthly,299,Pune,
9593,2026-01-01,Monthly,299,Ahmedabad,
9594,2026-01-01,Monthly,299,Chennai,2026-06-01
9595,2026-01-01,Monthly,299,Bengaluru,
9596,2026-01-01,Annual,2499,Pune,
9597,2026-01-01,Annual,2499,Kolkata,2026-08-01
9598,2026-01-01,Annual,2499,Ahmedabad,
9599,2026-01-01,Monthly,299,Mumbai,
9600,2026-01-01,Annual,2499,Patna,
9601,2026-01-01,Annual,2499,Pune,
9602,2026-01-01,Annual,2499,Jaipur,
9603,2026-01-01,Annual,2499,Ahmedabad,
9604,2026-01-01,Monthly,299,Bengaluru,2026-03-01
9605,2026-01-01,Monthly,299,Chennai,2026-05-01
9606,2026-01-01,Monthly,299,Ahmedabad,2026-06-01
9607,2026-01-01,Monthly,299,Hyderabad,
9608,2026-01-01,Monthly,299,Mumbai,2026-02-01
9609,2026-01-01,Monthly,299,Delhi,2026-02-01
9610,2026-01-01,Annual,2499,Bengaluru,
9611,2026-01-01,Monthly,299,Kolkata,
9612,2026-01-01,Annual,2499,Jaipur,
9613,2026-01-01,Monthly,299,Delhi,
9614,2026-01-01,Monthly,299,Ahmedabad,
9615,2026-01-01,Monthly,299,Delhi,2026-02-01
9616,2026-01-01,Annual,2499,Jaipur,
9617,2026-01-01,Annual,2499,Delhi,
9618,2026-01-01,Annual,2499,Bengaluru,
9619,2026-01-01,Monthly,299,Patna,
9620,2026-01-01,Monthly,299,Pune,2026-04-01
9621,2026-01-01,Monthly,299,Ahmedabad,2026-03-01
9622,2026-01-01,Monthly,299,Bengaluru,
9623,2026-01-01,Annual,2499,Jaipur,
9624,2026-01-01,Annual,2499,Ahmedabad,2026-07-01
9625,2026-01-01,Monthly,299,Jaipur,2026-05-01
9626,2026-01-01,Monthly,299,Delhi,
9627,2026-01-01,Monthly,299,Jaipur,
9628,2026-01-01,Monthly,299,Hyderabad,2026-07-01
9629,2026-01-01,Monthly,299,Ahmedabad,2026-04-01
9630,2026-01-01,Monthly,299,Pune,2026-02-01
9631,2026-01-01,Annual,2499,Chennai,
9632,2026-01-01,Annual,2499,Chennai,
9633,2026-01-01,Annual,2499,Jaipur,
9634,2026-01-01,Monthly,299,Jaipur,2026-04-01
9635,2026-01-01,Annual,2499,Delhi,
9636,2026-01-01,Monthly,299,Patna,
9637,2026-01-01,Monthly,299,Delhi,2026-08-01
9638,2026-01-01,Monthly,299,Chennai,
9639,2026-01-01,Monthly,299,Chennai,
9640,2026-01-01,Annual,2499,Jaipur,
9641,2026-01-01,Monthly,299,Jaipur,
9642,2026-01-01,Monthly,299,Jaipur,
9643,2026-01-01,Monthly,299,Delhi,2026-04-01
9644,2026-01-01,Monthly,299,Hyderabad,2026-02-01
9645,2026-01-01,Monthly,299,Chennai,
9646,2026-01-01,Monthly,299,Chennai,2026-03-01
9647,2026-01-01,Monthly,299,Pune,2026-02-01
9648,2026-01-01,Monthly,299,Kolkata,2026-05-01
9649,2026-01-01,Monthly,299,Mumbai,
9650,2026-01-01,Annual,2499,Patna,
9651,2026-01-01,Monthly,299,Bengaluru,
9652,2026-01-01,Monthly,299,Hyderabad,2026-02-01
9653,2026-01-01,Monthly,299,Jaipur,2026-04-01
9654,2026-01-01,Annual,2499,Hyderabad,
9655,2026-01-01,Monthly,299,Chennai,2026-03-01
9656,2026-01-01,Monthly,299,Bengaluru,2026-08-01
9657,2026-01-01,Monthly,299,Jaipur,2026-04-01
9658,2026-01-01,Annual,2499,Ahmedabad,
9659,2026-01-01,Annual,2499,Patna,
9660,2026-01-01,Monthly,299,Pune,2026-02-01
9661,2026-01-01,Monthly,299,Bengaluru,2026-06-01
9662,2026-01-01,Monthly,299,Ahmedabad,
9663,2026-01-01,Monthly,299,Ahmedabad,
9664,2026-01-01,Monthly,299,Ahmedabad,2026-02-01
9665,2026-01-01,Monthly,299,Ahmedabad,
9666,2026-01-01,Monthly,299,Ahmedabad,
9667,2026-01-01,Monthly,299,Ahmedabad,
9668,2026-01-01,Annual,2499,Pune,
9669,2026-01-01,Monthly,299,Patna,
9670,2026-01-01,Monthly,299,Patna,
9671,2026-01-01,Annual,2499,Delhi,
9672,2026-01-01,Monthly,299,Bengaluru,
9673,2026-01-01,Annual,2499,Hyderabad,
9674,2026-01-01,Monthly,299,Jaipur,2026-02-01
9675,2026-01-01,Monthly,299,Ahmedabad,2026-02-01
9676,2026-01-01,Monthly,299,Bengaluru,
9677,2026-01-01,Annual,2499,Delhi,
9678,2026-01-01,Monthly,299,Delhi,2026-08-01
9679,2026-01-01,Monthly,299,Kolkata,
9680,2026-01-01,Monthly,299,Delhi,
9681,2026-01-01,Monthly,299,Kolkata,2026-06-01
9682,2026-01-01,Monthly,299,,
9683,2026-01-01,Monthly,299,Pune,
9684,2026-01-01,Monthly,299,Chennai,2026-03-01
9685,2026-01-01,Annual,2499,Mumbai,
9686,2026-01-01,Monthly,299,Bengaluru,
9687,2026-01-01,Annual,2499,Jaipur,
9688,2026-01-01,Monthly,299,Pune,2026-02-01
9689,2026-01-01,Monthly,299,,2026-02-01
9690,2026-01-01,Monthly,299,Jaipur,2026-02-01
9691,2026-01-01,Monthly,299,Mumbai,
9692,2026-01-01,Monthly,299,Ahmedabad,
9693,2026-01-01,Monthly,299,Hyderabad,2026-04-01
9694,2026-01-01,Annual,2499,Kolkata,2026-04-01
9695,2026-01-01,Monthly,299,Jaipur,
9696,2026-01-01,Monthly,299,Jaipur,
9697,2026-01-01,Annual,2499,Kolkata,2026-04-01
9698,2026-01-01,Monthly,299,Hyderabad,2026-06-01
9699,2026-01-01,Monthly,299,Bengaluru,2026-02-01
9700,2026-01-01,Monthly,299,Mumbai,
9701,2026-01-01,Annual,2499,Bengaluru,2026-08-01
9702,2026-01-01,Monthly,299,Bengaluru,
9703,2026-01-01,Annual,2499,Hyderabad,
9704,2026-01-01,Monthly,299,Ahmedabad,
9705,2026-01-01,Monthly,299,Chennai,
9706,2026-01-01,Annual,2499,Mumbai,2026-08-01
9707,2026-01-01,Monthly,299,Hyderabad,
9708,2026-01-01,Annual,2499,Hyderabad,
9709,2026-01-01,Monthly,299,Delhi,2026-02-01
9710,2026-01-01,Monthly,299,Chennai,
9711,2026-01-01,Annual,2499,Jaipur,
9712,2026-01-01,Monthly,299,Jaipur,
9713,2026-01-01,Monthly,299,Pune,
9714,2026-01-01,Monthly,299,Jaipur,2026-05-01
9715,2026-01-01,Monthly,299,Chennai,
9716,2026-01-01,Monthly,299,Patna,
9717,2026-01-01,Annual,2499,Chennai,
9718,2026-01-01,Monthly,299,Ahmedabad,
9719,2026-01-01,Annual,2499,Chennai,
9720,2026-01-01,Monthly,299,Jaipur,
9721,2026-01-01,Monthly,299,Kolkata,2026-03-01
9722,2026-01-01,Annual,2499,Kolkata,
9723,2026-01-01,Annual,2499,Mumbai,
9724,2026-01-01,Monthly,299,Chennai,2026-05-01
9725,2026-01-01,Monthly,299,Delhi,
9726,2026-01-01,Monthly,299,Bengaluru,
9727,2026-01-01,Monthly,299,Hyderabad,
9728,2026-01-01,Monthly,299,Bengaluru,
9729,2026-01-01,Monthly,299,Chennai,2026-03-01
9730,2026-01-01,Monthly,299,Delhi,2026-03-01
9731,2026-01-01,Annual,2499,Bengaluru,
9732,2026-01-01,Monthly,299,Patna,2026-08-01
9733,2026-01-01,Monthly,299,Kolkata,2026-05-01
9734,2026-01-01,Monthly,299,Delhi,2026-02-01
9735,2026-01-01,Monthly,299,Hyderabad,2026-04-01
9736,2026-01-01,Monthly,299,Bengaluru,
9737,2026-01-01,Monthly,299,Jaipur,
9738,2026-01-01,Monthly,299,Chennai,
9739,2026-01-01,Monthly,299,Jaipur,
9740,2026-01-01,Monthly,299,Mumbai,
9741,2026-01-01,Monthly,299,Patna,
9742,2026-01-01,Annual,2499,Delhi,
9743,2026-01-01,Monthly,299,,
9744,2026-01-01,Monthly,299,Patna,
9745,2026-01-01,Annual,2499,Chennai,
9746,2026-01-01,Monthly,299,Hyderabad,
9747,2026-01-01,Monthly,299,Mumbai,
9748,2026-01-01,Monthly,299,Hyderabad,
9749,2026-01-01,Annual,2499,Kolkata,
9750,2026-01-01,Monthly,299,Bengaluru,
9751,2026-01-01,Monthly,299,Pune,2026-08-01
9752,2026-01-01,Annual,2499,Jaipur,
9753,2026-01-01,Annual,2499,Bengaluru,
9754,2026-01-01,Annual,2499,Hyderabad,
9755,2026-01-01,Monthly,299,Mumbai,2026-02-01
9756,2026-01-01,Monthly,299,Jaipur,2026-04-01
9757,2026-01-01,Monthly,299,Kolkata,2026-03-01
9758,2026-01-01,Monthly,299,Ahmedabad,
9759,2026-01-01,Monthly,299,Chennai,
9760,2026-01-01,Monthly,299,Mumbai,2026-03-01
9761,2026-01-01,Monthly,299,Bengaluru,2026-08-01
9762,2026-01-01,Annual,2499,Ahmedabad,
9763,2026-02-01,Annual,2499,Hyderabad,
9764,2026-02-01,Annual,2499,Pune,2026-05-01
9765,2026-02-01,Monthly,299,Bengaluru,2026-08-01
9766,2026-02-01,Annual,2499,Mumbai,
9767,2026-02-01,Monthly,299,Delhi,
9768,2026-02-01,Annual,2499,Kolkata,
9769,2026-02-01,Monthly,299,Bengaluru,
9770,2026-02-01,Annual,2499,Kolkata,
9771,2026-02-01,Annual,2499,Bengaluru,
9772,2026-02-01,Monthly,299,,2026-04-01
9773,2026-02-01,Monthly,299,Kolkata,
9774,2026-02-01,Monthly,299,Patna,
9775,2026-02-01,Monthly,299,Hyderabad,
9776,2026-02-01,Monthly,299,Ahmedabad,
9777,2026-02-01,Annual,2499,Hyderabad,
9778,2026-02-01,Monthly,299,Mumbai,
9779,2026-02-01,Monthly,299,Patna,
9780,2026-02-01,Monthly,299,Hyderabad,
9781,2026-02-01,Monthly,299,,
9782,2026-02-01,Annual,2499,Kolkata,
9783,2026-02-01,Monthly,299,Pune,
9784,2026-02-01,Monthly,299,Pune,
9785,2026-02-01,Monthly,299,Mumbai,
9786,2026-02-01,Annual,2499,Bengaluru,
9787,2026-02-01,Annual,2499,Kolkata,
9788,2026-02-01,Monthly,299,Kolkata,
9789,2026-02-01,Monthly,299,Mumbai,
9790,2026-02-01,Annual,2499,Bengaluru,
9791,2026-02-01,Monthly,299,Hyderabad,2026-03-01
9792,2026-02-01,Monthly,299,Delhi,2026-05-01
9793,2026-02-01,Monthly,299,Jaipur,
9794,2026-02-01,Annual,2499,Mumbai,
9795,2026-02-01,Monthly,299,Delhi,
9796,2026-02-01,Monthly,299,Mumbai,
9797,2026-02-01,Annual,2499,Chennai,
9798,2026-02-01,Annual,2499,Delhi,
9799,2026-02-01,Monthly,299,Kolkata,
9800,2026-02-01,Monthly,299,Hyderabad,
9801,2026-02-01,Monthly,299,Pune,
9802,2026-02-01,Monthly,299,Hyderabad,2026-03-01
9803,2026-02-01,Annual,2499,Bengaluru,
9804,2026-02-01,Annual,2499,Hyderabad,
9805,2026-02-01,Annual,2499,Ahmedabad,
9806,2026-02-01,Monthly,299,Kolkata,
9807,2026-02-01,Annual,2499,Chennai,
9808,2026-02-01,Monthly,299,Bengaluru,
9809,2026-02-01,Annual,2499,Kolkata,
9810,2026-02-01,Monthly,299,Bengaluru,
9811,2026-02-01,Monthly,299,Hyderabad,
9812,2026-02-01,Monthly,299,Chennai,
9813,2026-02-01,Monthly,299,Chennai,
9814,2026-02-01,Annual,2499,Patna,
9815,2026-02-01,Annual,2499,Kolkata,
9816,2026-02-01,Monthly,299,Ahmedabad,
9817,2026-02-01,Monthly,299,Jaipur,2026-05-01
9818,2026-02-01,Annual,2499,,
9819,2026-02-01,Annual,2499,Patna,
9820,2026-02-01,Annual,2499,Delhi,
9821,2026-02-01,Annual,2499,Chennai,
9822,2026-02-01,Monthly,299,Bengaluru,2026-03-01
9823,2026-02-01,Monthly,299,Jaipur,
9824,2026-02-01,Annual,2499,Patna,
9825,2026-02-01,Monthly,299,Pune,2026-04-01
9826,2026-02-01,Monthly,299,Ahmedabad,2026-06-01
9827,2026-02-01,Monthly,299,Chennai,
9828,2026-02-01,Monthly,299,Delhi,
9829,2026-02-01,Monthly,299,Pune,2026-03-01
9830,2026-02-01,Monthly,299,Delhi,
9831,2026-02-01,Monthly,299,Bengaluru,
9832,2026-02-01,Monthly,299,Delhi,2026-06-01
9833,2026-02-01,Annual,2499,Kolkata,
9834,2026-02-01,Annual,2499,Ahmedabad,
9835,2026-02-01,Annual,2499,Bengaluru,
9836,2026-02-01,Monthly,299,Mumbai,
9837,2026-02-01,Monthly,299,Kolkata,
9838,2026-02-01,Monthly,299,Chennai,2026-03-01
9839,2026-02-01,Monthly,299,Chennai,2026-04-01
9840,2026-02-01,Monthly,299,Mumbai,
9841,2026-02-01,Monthly,299,Patna,
9842,2026-02-01,Annual,2499,Pune,
9843,2026-02-01,Monthly,299,Patna,2026-05-01
9844,2026-02-01,Monthly,299,Chennai,2026-03-01
9845,2026-02-01,Monthly,299,Jaipur,2026-03-01
9846,2026-02-01,Monthly,299,Ahmedabad,
9847,2026-02-01,Monthly,299,Kolkata,
9848,2026-02-01,Monthly,299,Ahmedabad,2026-07-01
9849,2026-02-01,Monthly,299,Bengaluru,2026-03-01
9850,2026-02-01,Monthly,299,Delhi,2026-08-01
9851,2026-02-01,Monthly,299,Jaipur,2026-03-01
9852,2026-02-01,Annual,2499,Kolkata,
9853,2026-02-01,Annual,2499,Kolkata,2026-06-01
9854,2026-02-01,Monthly,299,Patna,
9855,2026-02-01,Annual,2499,Patna,
9856,2026-02-01,Monthly,299,Delhi,
9857,2026-02-01,Monthly,299,Chennai,
9858,2026-02-01,Monthly,299,Pune,2026-03-01
9859,2026-02-01,Monthly,299,Mumbai,2026-04-01
9860,2026-02-01,Annual,2499,Hyderabad,
9861,2026-02-01,Monthly,299,Chennai,
9862,2026-02-01,Monthly,299,Mumbai,2026-03-01
9863,2026-02-01,Annual,2499,Mumbai,
9864,2026-02-01,Monthly,299,Ahmedabad,2026-04-01
9865,2026-02-01,Monthly,299,Hyderabad,
9866,2026-02-01,Monthly,299,Hyderabad,
9867,2026-02-01,Monthly,299,Ahmedabad,2026-07-01
9868,2026-02-01,Monthly,299,Mumbai,2026-03-01
9869,2026-02-01,Monthly,299,Chennai,
9870,2026-02-01,Monthly,299,Patna,
9871,2026-02-01,Monthly,299,Patna,
9872,2026-02-01,Monthly,299,Mumbai,
9873,2026-02-01,Monthly,299,Bengaluru,
9874,2026-02-01,Monthly,299,Bengaluru,
9875,2026-02-01,Monthly,299,Hyderabad,2026-05-01
9876,2026-02-01,Monthly,299,Patna,2026-03-01
9877,2026-02-01,Monthly,299,Hyderabad,
9878,2026-02-01,Monthly,299,Jaipur,2026-03-01
9879,2026-02-01,Monthly,299,Mumbai,2026-07-01
9880,2026-02-01,Monthly,299,Kolkata,2026-03-01
9881,2026-02-01,Annual,2499,Patna,
9882,2026-02-01,Annual,2499,Delhi,
9883,2026-02-01,Annual,2499,Chennai,
9884,2026-02-01,Monthly,299,Ahmedabad,2026-03-01
9885,2026-02-01,Monthly,299,Pune,2026-03-01
9886,2026-02-01,Annual,2499,Delhi,
9887,2026-02-01,Monthly,299,Mumbai,
9888,2026-02-01,Annual,2499,Ahmedabad,
9889,2026-02-01,Monthly,299,Mumbai,
9890,2026-02-01,Monthly,299,Jaipur,
9891,2026-02-01,Monthly,299,Patna,
9892,2026-02-01,Monthly,299,Mumbai,2026-03-01
9893,2026-02-01,Monthly,299,Jaipur,2026-06-01
9894,2026-02-01,Monthly,299,Delhi,2026-04-01
9895,2026-02-01,Monthly,299,Ahmedabad,2026-03-01
9896,2026-02-01,Monthly,299,Kolkata,
9897,2026-02-01,Monthly,299,Ahmedabad,2026-04-01
9898,2026-02-01,Annual,2499,Jaipur,
9899,2026-02-01,Annual,2499,Pune,
9900,2026-02-01,Monthly,299,Pune,
9901,2026-02-01,Annual,2499,Kolkata,
9902,2026-02-01,Monthly,299,Kolkata,2026-05-01
9903,2026-02-01,Monthly,299,Pune,
9904,2026-02-01,Monthly,299,Ahmedabad,
9905,2026-02-01,Annual,2499,Hyderabad,
9906,2026-02-01,Monthly,299,Chennai,
9907,2026-02-01,Monthly,299,Ahmedabad,2026-04-01
9908,2026-02-01,Monthly,299,Pune,2026-08-01
9909,2026-02-01,Monthly,299,Bengaluru,
9910,2026-02-01,Monthly,299,Delhi,
9911,2026-02-01,Monthly,299,Kolkata,
9912,2026-02-01,Monthly,299,Hyderabad,
9913,2026-02-01,Monthly,299,Delhi,
9914,2026-02-01,Monthly,299,Ahmedabad,2026-06-01
9915,2026-02-01,Monthly,299,Pune,
9916,2026-02-01,Monthly,299,Mumbai,
9917,2026-02-01,Annual,2499,Pune,
9918,2026-02-01,Monthly,299,Hyderabad,2026-03-01
9919,2026-02-01,Monthly,299,Pune,
9920,2026-02-01,Monthly,299,Bengaluru,2026-05-01
9921,2026-02-01,Monthly,299,Delhi,2026-05-01
9922,2026-02-01,Monthly,299,Bengaluru,2026-08-01
9923,2026-02-01,Monthly,299,Delhi,
9924,2026-02-01,Monthly,299,Patna,
9925,2026-02-01,Monthly,299,Mumbai,
9926,2026-02-01,Annual,2499,Bengaluru,
9927,2026-02-01,Monthly,299,Bengaluru,
9928,2026-02-01,Monthly,299,Kolkata,2026-04-01
9929,2026-02-01,Monthly,299,Patna,
9930,2026-02-01,Monthly,299,Bengaluru,2026-06-01
9931,2026-02-01,Monthly,299,Bengaluru,
9932,2026-02-01,Annual,2499,Delhi,
9933,2026-02-01,Monthly,299,Kolkata,
9934,2026-02-01,Monthly,299,Hyderabad,2026-03-01
9935,2026-02-01,Monthly,299,,2026-03-01
9936,2026-02-01,Monthly,299,Pune,
9937,2026-02-01,Annual,2499,Kolkata,2026-03-01
9938,2026-02-01,Annual,2499,Chennai,
9939,2026-02-01,Annual,2499,Delhi,
9940,2026-02-01,Monthly,299,Delhi,
9941,2026-02-01,Annual,2499,Chennai,
9942,2026-02-01,Monthly,299,Bengaluru,
9943,2026-02-01,Annual,2499,Jaipur,
9944,2026-02-01,Monthly,299,Ahmedabad,
9945,2026-02-01,Annual,2499,Chennai,
9946,2026-02-01,Annual,2499,Jaipur,
9947,2026-02-01,Annual,2499,Kolkata,2026-03-01
9948,2026-02-01,Annual,2499,,
9949,2026-02-01,Monthly,299,Pune,
9950,2026-02-01,Monthly,299,Delhi,2026-07-01
9951,2026-02-01,Monthly,299,Hyderabad,
9952,2026-02-01,Monthly,299,Chennai,
9953,2026-02-01,Annual,2499,Bengaluru,
9954,2026-02-01,Annual,2499,Pune,
9955,2026-02-01,Monthly,299,Pune,
9956,2026-02-01,Monthly,299,Mumbai,
9957,2026-02-01,Monthly,299,Delhi,
9958,2026-02-01,Monthly,299,Jaipur,
9959,2026-02-01,Monthly,299,Mumbai,
9960,2026-02-01,Annual,2499,Mumbai,2026-04-01
9961,2026-02-01,Annual,2499,Delhi,
9962,2026-02-01,Monthly,299,Delhi,2026-04-01
9963,2026-02-01,Monthly,299,Mumbai,
9964,2026-02-01,Annual,2499,Ahmedabad,
9965,2026-02-01,Monthly,299,Mumbai,
9966,2026-02-01,Annual,2499,Kolkata,
9967,2026-02-01,Monthly,299,Bengaluru,2026-08-01
9968,2026-02-01,Annual,2499,Ahmedabad,
9969,2026-02-01,Monthly,299,Hyderabad,
9970,2026-02-01,Annual,2499,Bengaluru,
9971,2026-02-01,Monthly,299,Bengaluru,
9972,2026-02-01,Annual,2499,Pune,
9973,2026-02-01,Annual,2499,Hyderabad,
9974,2026-02-01,Monthly,299,Jaipur,
9975,2026-02-01,Monthly,299,Patna,
9976,2026-02-01,Monthly,299,Bengaluru,2026-06-01
9977,2026-02-01,Annual,2499,Jaipur,
9978,2026-02-01,Monthly,299,Pune,2026-04-01
9979,2026-02-01,Monthly,299,Kolkata,
9980,2026-02-01,Annual,2499,Ahmedabad,
9981,2026-02-01,Monthly,299,Mumbai,2026-03-01
9982,2026-02-01,Monthly,299,Mumbai,
9983,2026-02-01,Annual,2499,Bengaluru,
9984,2026-02-01,Monthly,299,Hyderabad,2026-05-01
9985,2026-02-01,Monthly,299,Ahmedabad,
9986,2026-02-01,Monthly,299,Bengaluru,2026-08-01
9987,2026-02-01,Monthly,299,Kolkata,
9988,2026-02-01,Annual,2499,Delhi,
9989,2026-02-01,Monthly,299,Delhi,2026-03-01
9990,2026-02-01,Monthly,299,Hyderabad,2026-05-01
9991,2026-02-01,Monthly,299,Kolkata,2026-04-01
9992,2026-02-01,Monthly,299,Jaipur,2026-06-01
9993,2026-02-01,Monthly,299,Delhi,2026-05-01
9994,2026-02-01,Monthly,299,Pune,
9995,2026-02-01,Annual,2499,Delhi,
9996,2026-02-01,Monthly,299,Jaipur,
9997,2026-02-01,Monthly,299,Mumbai,2026-03-01
9998,2026-02-01,Monthly,299,Pune,
9999,2026-02-01,Annual,2499,Delhi,
10000,2026-02-01,Annual,2499,Bengaluru,
10001,2026-02-01,Annual,2499,Delhi,
10002,2026-02-01,Monthly,299,Pune,2026-03-01
10003,2026-02-01,Monthly,299,Bengaluru,2026-06-01
10004,2026-02-01,Annual,2499,Mumbai,
10005,2026-02-01,Monthly,299,Jaipur,
10006,2026-02-01,Monthly,299,Ahmedabad,
10007,2026-02-01,Annual,2499,Patna,
10008,2026-02-01,Annual,2499,Mumbai,
10009,2026-02-01,Monthly,299,Kolkata,2026-03-01
10010,2026-02-01,Monthly,299,Mumbai,
10011,2026-02-01,Monthly,299,Ahmedabad,
10012,2026-02-01,Monthly,299,Delhi,2026-08-01
10013,2026-02-01,Monthly,299,Jaipur,2026-03-01
10014,2026-02-01,Annual,2499,Hyderabad,
10015,2026-02-01,Monthly,299,Mumbai,2026-06-01
10016,2026-02-01,Monthly,299,Chennai,2026-03-01
10017,2026-02-01,Monthly,299,Kolkata,2026-03-01
10018,2026-02-01,Monthly,299,Mumbai,2026-07-01
10019,2026-02-01,Monthly,299,Patna,2026-03-01
10020,2026-02-01,Monthly,299,Mumbai,
10021,2026-02-01,Monthly,299,Ahmedabad,2026-08-01
10022,2026-02-01,Annual,2499,Jaipur,
10023,2026-02-01,Monthly,299,Hyderabad,2026-04-01
10024,2026-02-01,Monthly,299,Delhi,
10025,2026-02-01,Monthly,299,Hyderabad,2026-07-01
10026,2026-02-01,Monthly,299,Kolkata,2026-03-01
10027,2026-02-01,Monthly,299,Chennai,
10028,2026-02-01,Monthly,299,Jaipur,
10029,2026-02-01,Monthly,299,Chennai,
10030,2026-02-01,Annual,2499,Jaipur,
10031,2026-02-01,Monthly,299,Bengaluru,2026-07-01
10032,2026-02-01,Monthly,299,Bengaluru,
10033,2026-02-01,Monthly,299,Delhi,2026-06-01
10034,2026-02-01,Annual,2499,Ahmedabad,
10035,2026-02-01,Monthly,299,Patna,2026-04-01
10036,2026-02-01,Monthly,299,Jaipur,2026-05-01
10037,2026-02-01,Annual,2499,Jaipur,
10038,2026-02-01,Monthly,299,Jaipur,
10039,2026-02-01,Annual,2499,Mumbai,
10040,2026-02-01,Monthly,299,Hyderabad,
10041,2026-02-01,Monthly,299,Ahmedabad,
10042,2026-02-01,Monthly,299,Bengaluru,2026-03-01
10043,2026-02-01,Monthly,299,Chennai,2026-03-01
10044,2026-02-01,Monthly,299,Bengaluru,
10045,2026-02-01,Annual,2499,Delhi,
10046,2026-02-01,Annual,2499,Kolkata,
10047,2026-02-01,Annual,2499,Delhi,
10048,2026-02-01,Monthly,299,Ahmedabad,
10049,2026-02-01,Monthly,299,Pune,
10050,2026-02-01,Monthly,299,Chennai,2026-06-01
10051,2026-02-01,Monthly,299,Ahmedabad,
10052,2026-02-01,Annual,2499,Delhi,
10053,2026-02-01,Annual,2499,Bengaluru,
10054,2026-02-01,Annual,2499,Mumbai,
10055,2026-02-01,Monthly,299,Jaipur,
10056,2026-02-01,Annual,2499,Jaipur,
10057,2026-02-01,Monthly,299,Pune,2026-05-01
10058,2026-02-01,Monthly,299,Mumbai,
10059,2026-02-01,Monthly,299,Bengaluru,
10060,2026-02-01,Monthly,299,Mumbai,
10061,2026-02-01,Monthly,299,Delhi,2026-03-01
10062,2026-02-01,Monthly,299,Pune,
10063,2026-02-01,Annual,2499,Bengaluru,
10064,2026-02-01,Annual,2499,Mumbai,
10065,2026-02-01,Monthly,299,Jaipur,
10066,2026-02-01,Monthly,299,Jaipur,
10067,2026-02-01,Monthly,299,Ahmedabad,
10068,2026-02-01,Monthly,299,Kolkata,2026-06-01
10069,2026-02-01,Monthly,299,Delhi,2026-04-01
10070,2026-02-01,Annual,2499,Chennai,
10071,2026-02-01,Monthly,299,Delhi,2026-05-01
10072,2026-02-01,Monthly,299,Patna,2026-06-01
10073,2026-02-01,Annual,2499,Chennai,
10074,2026-02-01,Monthly,299,Delhi,
10075,2026-02-01,Monthly,299,Jaipur,2026-03-01
10076,2026-02-01,Monthly,299,Jaipur,2026-03-01
10077,2026-02-01,Annual,2499,Pune,
10078,2026-02-01,Monthly,299,Ahmedabad,2026-06-01
10079,2026-02-01,Monthly,299,Kolkata,2026-04-01
10080,2026-02-01,Annual,2499,Bengaluru,
10081,2026-02-01,Monthly,299,Pune,2026-04-01
10082,2026-02-01,Annual,2499,Bengaluru,
10083,2026-02-01,Monthly,299,Delhi,
10084,2026-02-01,Monthly,299,Kolkata,
10085,2026-02-01,Monthly,299,Chennai,
10086,2026-02-01,Monthly,299,Pune,
10087,2026-02-01,Monthly,299,Ahmedabad,2026-04-01
10088,2026-02-01,Annual,2499,Hyderabad,
10089,2026-02-01,Annual,2499,Delhi,
10090,2026-02-01,Monthly,299,Hyderabad,2026-05-01
10091,2026-02-01,Monthly,299,Jaipur,2026-08-01
10092,2026-02-01,Monthly,299,Ahmedabad,2026-04-01
10093,2026-02-01,Monthly,299,Kolkata,2026-06-01
10094,2026-02-01,Monthly,299,Ahmedabad,2026-04-01
10095,2026-02-01,Monthly,299,Delhi,
10096,2026-02-01,Monthly,299,Jaipur,
10097,2026-02-01,Monthly,299,Mumbai,
10098,2026-02-01,Annual,2499,Ahmedabad,2026-07-01
10099,2026-02-01,Annual,2499,Mumbai,
10100,2026-02-01,Monthly,299,Mumbai,
10101,2026-02-01,Monthly,299,Pune,2026-08-01
10102,2026-02-01,Monthly,299,Chennai,2026-07-01
10103,2026-02-01,Annual,2499,Chennai,
10104,2026-02-01,Monthly,299,Patna,
10105,2026-02-01,Monthly,299,Pune,
10106,2026-02-01,Monthly,299,Ahmedabad,
10107,2026-02-01,Annual,2499,Ahmedabad,
10108,2026-02-01,Monthly,299,Hyderabad,2026-05-01
10109,2026-02-01,Monthly,299,Patna,
10110,2026-02-01,Monthly,299,Delhi,
10111,2026-02-01,Monthly,299,Bengaluru,
10112,2026-02-01,Annual,2499,Patna,
10113,2026-02-01,Monthly,299,Bengaluru,2026-03-01
10114,2026-02-01,Monthly,299,Bengaluru,
10115,2026-02-01,Monthly,299,Delhi,
10116,2026-02-01,Monthly,299,Kolkata,
10117,2026-02-01,Annual,2499,Hyderabad,
10118,2026-02-01,Monthly,299,Ahmedabad,2026-04-01
10119,2026-02-01,Annual,2499,Ahmedabad,2026-04-01
10120,2026-02-01,Monthly,299,Kolkata,
10121,2026-02-01,Annual,2499,Chennai,
10122,2026-02-01,Monthly,299,Pune,
10123,2026-02-01,Annual,2499,Kolkata,
10124,2026-02-01,Monthly,299,Chennai,
10125,2026-02-01,Monthly,299,Jaipur,
10126,2026-02-01,Monthly,299,,
10127,2026-02-01,Monthly,299,Pune,
10128,2026-02-01,Monthly,299,Jaipur,2026-04-01
10129,2026-02-01,Monthly,299,Delhi,2026-03-01
10130,2026-02-01,Monthly,299,Jaipur,2026-04-01
10131,2026-02-01,Annual,2499,Ahmedabad,
10132,2026-02-01,Monthly,299,Pune,
10133,2026-02-01,Annual,2499,Bengaluru,
10134,2026-02-01,Monthly,299,Hyderabad,
10135,2026-02-01,Monthly,299,Hyderabad,2026-07-01
10136,2026-02-01,Annual,2499,Pune,
10137,2026-02-01,Monthly,299,Patna,
10138,2026-02-01,Monthly,299,Chennai,
10139,2026-02-01,Annual,2499,Bengaluru,
10140,2026-02-01,Monthly,299,Jaipur,
10141,2026-02-01,Monthly,299,Pune,
10142,2026-02-01,Annual,2499,Delhi,
10143,2026-02-01,Annual,2499,Delhi,
10144,2026-02-01,Monthly,299,Delhi,2026-03-01
10145,2026-02-01,Monthly,299,Hyderabad,2026-03-01
10146,2026-02-01,Monthly,299,Ahmedabad,2026-04-01
10147,2026-02-01,Monthly,299,,2026-03-01
10148,2026-02-01,Monthly,299,Delhi,
10149,2026-02-01,Annual,2499,Hyderabad,
10150,2026-02-01,Annual,2499,Delhi,
10151,2026-02-01,Monthly,299,Kolkata,2026-08-01
10152,2026-02-01,Annual,2499,Mumbai,2026-03-01
10153,2026-02-01,Monthly,299,Pune,2026-05-01
10154,2026-02-01,Annual,2499,Kolkata,
10155,2026-02-01,Annual,2499,Kolkata,
10156,2026-02-01,Monthly,299,Hyderabad,
10157,2026-02-01,Annual,2499,Hyderabad,
10158,2026-02-01,Monthly,299,Kolkata,2026-06-01
10159,2026-02-01,Annual,2499,Delhi,
10160,2026-02-01,Annual,2499,Patna,
10161,2026-02-01,Monthly,299,Patna,
10162,2026-02-01,Monthly,299,Mumbai,2026-04-01
10163,2026-02-01,Monthly,299,Pune,
10164,2026-02-01,Monthly,299,Bengaluru,
10165,2026-02-01,Annual,2499,Pune,
10166,2026-02-01,Monthly,299,Pune,
10167,2026-02-01,Monthly,299,Delhi,
10168,2026-02-01,Monthly,299,Patna,
10169,2026-02-01,Annual,2499,Pune,2026-03-01
10170,2026-02-01,Monthly,299,Patna,
10171,2026-02-01,Monthly,299,Jaipur,
10172,2026-02-01,Monthly,299,Mumbai,
10173,2026-02-01,Annual,2499,Ahmedabad,
10174,2026-02-01,Monthly,299,Pune,2026-03-01
10175,2026-02-01,Annual,2499,Jaipur,
10176,2026-02-01,Monthly,299,Pune,2026-08-01
10177,2026-02-01,Monthly,299,Bengaluru,2026-08-01
10178,2026-02-01,Monthly,299,Pune,
10179,2026-02-01,Monthly,299,Hyderabad,
10180,2026-02-01,Monthly,299,Pune,
10181,2026-02-01,Annual,2499,Pune,
10182,2026-02-01,Monthly,299,Hyderabad,
10183,2026-02-01,Monthly,299,Mumbai,2026-03-01
10184,2026-02-01,Monthly,299,Bengaluru,
10185,2026-02-01,Monthly,299,Chennai,2026-04-01
10186,2026-02-01,Annual,2499,Mumbai,
10187,2026-02-01,Monthly,299,Mumbai,
10188,2026-02-01,Annual,2499,Delhi,
10189,2026-02-01,Monthly,299,Mumbai,
10190,2026-02-01,Monthly,299,Chennai,2026-04-01
10191,2026-02-01,Annual,2499,Bengaluru,
10192,2026-02-01,Annual,2499,Kolkata,
10193,2026-02-01,Annual,2499,Mumbai,
10194,2026-02-01,Annual,2499,Hyderabad,
10195,2026-02-01,Monthly,299,Ahmedabad,2026-07-01
10196,2026-02-01,Annual,2499,Delhi,
10197,2026-02-01,Monthly,299,Jaipur,2026-06-01
10198,2026-02-01,Monthly,299,Delhi,
10199,2026-02-01,Monthly,299,Patna,
10200,2026-02-01,Monthly,299,,
10201,2026-02-01,Monthly,299,Delhi,
10202,2026-02-01,Annual,2499,Patna,
10203,2026-02-01,Monthly,299,Jaipur,2026-05-01
10204,2026-02-01,Monthly,299,Patna,2026-07-01
10205,2026-02-01,Monthly,299,Chennai,2026-08-01
10206,2026-02-01,Monthly,299,Delhi,
10207,2026-02-01,Annual,2499,Ahmedabad,
10208,2026-02-01,Annual,2499,Ahmedabad,
10209,2026-02-01,Annual,2499,Ahmedabad,
10210,2026-02-01,Monthly,299,Pune,
10211,2026-02-01,Monthly,299,Jaipur,2026-07-01
10212,2026-02-01,Monthly,299,Bengaluru,2026-08-01
10213,2026-02-01,Monthly,299,Chennai,
10214,2026-02-01,Annual,2499,Hyderabad,
10215,2026-02-01,Annual,2499,Hyderabad,
10216,2026-02-01,Annual,2499,Chennai,
10217,2026-02-01,Monthly,299,Jaipur,
10218,2026-02-01,Monthly,299,Delhi,
10219,2026-02-01,Annual,2499,Kolkata,
10220,2026-02-01,Monthly,299,Bengaluru,
10221,2026-02-01,Monthly,299,Bengaluru,2026-05-01
10222,2026-02-01,Monthly,299,Mumbai,2026-06-01
10223,2026-02-01,Monthly,299,Patna,
10224,2026-02-01,Annual,2499,Kolkata,2026-03-01
10225,2026-02-01,Annual,2499,Delhi,
10226,2026-02-01,Monthly,299,Delhi,2026-04-01
10227,2026-02-01,Monthly,299,Hyderabad,
10228,2026-02-01,Annual,2499,Mumbai,
10229,2026-02-01,Monthly,299,Ahmedabad,
10230,2026-02-01,Monthly,299,Bengaluru,
10231,2026-02-01,Monthly,299,Pune,2026-03-01
10232,2026-02-01,Monthly,299,Mumbai,2026-07-01
10233,2026-02-01,Annual,2499,Bengaluru,
10234,2026-02-01,Annual,2499,Mumbai,
10235,2026-02-01,Annual,2499,Ahmedabad,
10236,2026-02-01,Annual,2499,Ahmedabad,
10237,2026-02-01,Annual,2499,Bengaluru,
10238,2026-02-01,Monthly,299,Pune,2026-08-01
10239,2026-02-01,Monthly,299,Jaipur,
10240,2026-02-01,Monthly,299,Mumbai,
10241,2026-02-01,Annual,2499,Ahmedabad,
10242,2026-02-01,Monthly,299,Patna,
10243,2026-02-01,Annual,2499,Jaipur,
10244,2026-02-01,Annual,2499,Ahmedabad,
10245,2026-02-01,Monthly,299,Patna,2026-07-01
10246,2026-02-01,Monthly,299,Delhi,
10247,2026-02-01,Monthly,299,Ahmedabad,
10248,2026-02-01,Monthly,299,Patna,
10249,2026-02-01,Monthly,299,Pune,
10250,2026-02-01,Monthly,299,Chennai,
10251,2026-02-01,Monthly,299,Pune,
10252,2026-02-01,Annual,2499,Kolkata,
10253,2026-02-01,Monthly,299,Jaipur,
10254,2026-02-01,Monthly,299,Ahmedabad,
10255,2026-02-01,Monthly,299,Kolkata,
10256,2026-02-01,Annual,2499,Kolkata,
10257,2026-02-01,Annual,2499,Pune,
10258,2026-02-01,Annual,2499,Kolkata,2026-03-01
10259,2026-02-01,Annual,2499,Pune,
10260,2026-02-01,Monthly,299,Pune,
10261,2026-02-01,Monthly,299,Bengaluru,
10262,2026-02-01,Annual,2499,Hyderabad,
10263,2026-02-01,Monthly,299,Chennai,
10264,2026-02-01,Annual,2499,Hyderabad,
10265,2026-02-01,Monthly,299,Jaipur,
10266,2026-02-01,Monthly,299,Kolkata,
10267,2026-02-01,Monthly,299,Ahmedabad,
10268,2026-02-01,Annual,2499,Delhi,
10269,2026-02-01,Annual,2499,Kolkata,
10270,2026-02-01,Monthly,299,Chennai,
10271,2026-02-01,Annual,2499,Bengaluru,
10272,2026-02-01,Monthly,299,Jaipur,
10273,2026-02-01,Annual,2499,Patna,
10274,2026-02-01,Monthly,299,Hyderabad,
10275,2026-02-01,Annual,2499,Chennai,
10276,2026-02-01,Annual,2499,Pune,
10277,2026-02-01,Monthly,299,Mumbai,
10278,2026-02-01,Monthly,299,Hyderabad,
10279,2026-02-01,Annual,2499,Kolkata,
10280,2026-02-01,Monthly,299,Delhi,
10281,2026-02-01,Monthly,299,Mumbai,
10282,2026-02-01,Annual,2499,Kolkata,
10283,2026-02-01,Monthly,299,Patna,2026-06-01
10284,2026-02-01,Annual,2499,Chennai,
10285,2026-02-01,Monthly,299,Delhi,2026-03-01
10286,2026-02-01,Monthly,299,Ahmedabad,2026-04-01
10287,2026-02-01,Monthly,299,Ahmedabad,
10288,2026-02-01,Annual,2499,Delhi,
10289,2026-02-01,Monthly,299,Delhi,
10290,2026-02-01,Monthly,299,Chennai,
10291,2026-02-01,Monthly,299,Ahmedabad,
10292,2026-02-01,Monthly,299,Ahmedabad,2026-03-01
10293,2026-02-01,Monthly,299,Bengaluru,2026-04-01
10294,2026-02-01,Annual,2499,Pune,
10295,2026-02-01,Annual,2499,Kolkata,
10296,2026-02-01,Monthly,299,Patna,2026-07-01
10297,2026-02-01,Annual,2499,Hyderabad,
10298,2026-02-01,Annual,2499,Jaipur,
10299,2026-02-01,Monthly,299,Bengaluru,2026-03-01
10300,2026-02-01,Annual,2499,Ahmedabad,
10301,2026-02-01,Annual,2499,Bengaluru,
10302,2026-02-01,Monthly,299,Pune,2026-08-01
10303,2026-02-01,Monthly,299,Kolkata,
10304,2026-02-01,Monthly,299,Pune,2026-04-01
10305,2026-02-01,Monthly,299,Mumbai,2026-03-01
10306,2026-02-01,Annual,2499,Delhi,
10307,2026-02-01,Annual,2499,Ahmedabad,
10308,2026-02-01,Annual,2499,Ahmedabad,
10309,2026-02-01,Monthly,299,Patna,
10310,2026-02-01,Monthly,299,Pune,
10311,2026-02-01,Annual,2499,Ahmedabad,
10312,2026-02-01,Monthly,299,Jaipur,2026-03-01
10313,2026-02-01,Annual,2499,Chennai,
10314,2026-02-01,Monthly,299,Chennai,
10315,2026-02-01,Monthly,299,Chennai,
10316,2026-02-01,Annual,2499,Pune,2026-03-01
10317,2026-02-01,Monthly,299,Jaipur,2026-08-01
10318,2026-02-01,Monthly,299,Chennai,
10319,2026-02-01,Monthly,299,Pune,2026-06-01
10320,2026-02-01,Monthly,299,Patna,
10321,2026-02-01,Monthly,299,Ahmedabad,
10322,2026-02-01,Monthly,299,Patna,2026-03-01
10323,2026-02-01,Monthly,299,Chennai,
10324,2026-02-01,Monthly,299,Ahmedabad,2026-04-01
10325,2026-02-01,Monthly,299,Patna,2026-08-01
10326,2026-02-01,Monthly,299,Delhi,2026-03-01
10327,2026-02-01,Annual,2499,Patna,
10328,2026-02-01,Monthly,299,Chennai,2026-05-01
10329,2026-02-01,Annual,2499,Patna,
10330,2026-02-01,Monthly,299,Ahmedabad,
10331,2026-02-01,Monthly,299,Ahmedabad,
10332,2026-02-01,Annual,2499,Patna,
10333,2026-02-01,Monthly,299,Ahmedabad,
10334,2026-02-01,Monthly,299,Hyderabad,
10335,2026-02-01,Monthly,299,Hyderabad,
10336,2026-02-01,Annual,2499,Bengaluru,
10337,2026-03-01,Monthly,299,Jaipur,2026-04-01
10338,2026-03-01,Monthly,299,Delhi,
10339,2026-03-01,Annual,2499,Bengaluru,
10340,2026-03-01,Annual,2499,Ahmedabad,
10341,2026-03-01,Monthly,299,Patna,
10342,2026-03-01,Annual,2499,Ahmedabad,
10343,2026-03-01,Monthly,299,Pune,2026-06-01
10344,2026-03-01,Monthly,299,Jaipur,
10345,2026-03-01,Monthly,299,Pune,
10346,2026-03-01,Annual,2499,Ahmedabad,
10347,2026-03-01,Monthly,299,Patna,
10348,2026-03-01,Monthly,299,Mumbai,2026-06-01
10349,2026-03-01,Monthly,299,Patna,
10350,2026-03-01,Monthly,299,Patna,
10351,2026-03-01,Monthly,299,Delhi,
10352,2026-03-01,Monthly,299,Ahmedabad,2026-04-01
10353,2026-03-01,Monthly,299,Delhi,2026-08-01
10354,2026-03-01,Annual,2499,Patna,
10355,2026-03-01,Monthly,299,Jaipur,
10356,2026-03-01,Annual,2499,Ahmedabad,
10357,2026-03-01,Monthly,299,Chennai,
10358,2026-03-01,Monthly,299,,2026-06-01
10359,2026-03-01,Monthly,299,Patna,
10360,2026-03-01,Monthly,299,Chennai,
10361,2026-03-01,Monthly,299,Ahmedabad,
10362,2026-03-01,Annual,2499,Hyderabad,
10363,2026-03-01,Monthly,299,Patna,2026-06-01
10364,2026-03-01,Annual,2499,Chennai,
10365,2026-03-01,Annual,2499,Bengaluru,
10366,2026-03-01,Annual,2499,Patna,
10367,2026-03-01,Monthly,299,Kolkata,2026-07-01
10368,2026-03-01,Monthly,299,Ahmedabad,
10369,2026-03-01,Monthly,299,Bengaluru,2026-04-01
10370,2026-03-01,Monthly,299,Bengaluru,
10371,2026-03-01,Monthly,299,Chennai,
10372,2026-03-01,Monthly,299,Mumbai,
10373,2026-03-01,Monthly,299,Bengaluru,2026-07-01
10374,2026-03-01,Annual,2499,Jaipur,
10375,2026-03-01,Monthly,299,Delhi,
10376,2026-03-01,Monthly,299,Patna,
10377,2026-03-01,Monthly,299,Pune,2026-06-01
10378,2026-03-01,Monthly,299,Mumbai,
10379,2026-03-01,Monthly,299,Ahmedabad,
10380,2026-03-01,Annual,2499,Chennai,
10381,2026-03-01,Annual,2499,Hyderabad,
10382,2026-03-01,Monthly,299,Chennai,2026-07-01
10383,2026-03-01,Annual,2499,Mumbai,
10384,2026-03-01,Monthly,299,Chennai,
10385,2026-03-01,Monthly,299,Delhi,2026-06-01
10386,2026-03-01,Monthly,299,Jaipur,
10387,2026-03-01,Monthly,299,Delhi,
10388,2026-03-01,Monthly,299,Chennai,2026-04-01
10389,2026-03-01,Monthly,299,Delhi,
10390,2026-03-01,Monthly,299,Bengaluru,
10391,2026-03-01,Monthly,299,Ahmedabad,
10392,2026-03-01,Monthly,299,Jaipur,
10393,2026-03-01,Monthly,299,Delhi,2026-04-01
10394,2026-03-01,Monthly,299,Pune,2026-08-01
10395,2026-03-01,Monthly,299,Hyderabad,
10396,2026-03-01,Monthly,299,Ahmedabad,
10397,2026-03-01,Monthly,299,Pune,2026-04-01
10398,2026-03-01,Monthly,299,Jaipur,2026-04-01
10399,2026-03-01,Monthly,299,Pune,
10400,2026-03-01,Monthly,299,Pune,
10401,2026-03-01,Monthly,299,Ahmedabad,2026-04-01
10402,2026-03-01,Monthly,299,Jaipur,2026-04-01
10403,2026-03-01,Monthly,299,Jaipur,
10404,2026-03-01,Monthly,299,Jaipur,2026-06-01
10405,2026-03-01,Monthly,299,Ahmedabad,
10406,2026-03-01,Monthly,299,Delhi,
10407,2026-03-01,Annual,2499,Ahmedabad,2026-06-01
10408,2026-03-01,Annual,2499,Ahmedabad,
10409,2026-03-01,Monthly,299,Ahmedabad,
10410,2026-03-01,Monthly,299,Patna,
10411,2026-03-01,Monthly,299,Mumbai,
10412,2026-03-01,Annual,2499,Pune,
10413,2026-03-01,Monthly,299,Chennai,
10414,2026-03-01,Monthly,299,Mumbai,
10415,2026-03-01,Annual,2499,Hyderabad,
10416,2026-03-01,Annual,2499,,
10417,2026-03-01,Monthly,299,Hyderabad,
10418,2026-03-01,Monthly,299,Patna,
10419,2026-03-01,Monthly,299,Ahmedabad,2026-04-01
10420,2026-03-01,Monthly,299,Hyderabad,
10421,2026-03-01,Annual,2499,Patna,
10422,2026-03-01,Monthly,299,Bengaluru,2026-05-01
10423,2026-03-01,Annual,2499,Jaipur,
10424,2026-03-01,Monthly,299,Kolkata,
10425,2026-03-01,Monthly,299,Delhi,
10426,2026-03-01,Monthly,299,Ahmedabad,
10427,2026-03-01,Monthly,299,Hyderabad,
10428,2026-03-01,Monthly,299,Ahmedabad,
10429,2026-03-01,Annual,2499,Chennai,
10430,2026-03-01,Annual,2499,Jaipur,
10431,2026-03-01,Monthly,299,Jaipur,
10432,2026-03-01,Annual,2499,Patna,
10433,2026-03-01,Monthly,299,Delhi,
10434,2026-03-01,Annual,2499,Bengaluru,
10435,2026-03-01,Monthly,299,Pune,
10436,2026-03-01,Monthly,299,Bengaluru,
10437,2026-03-01,Monthly,299,Pune,2026-05-01
10438,2026-03-01,Annual,2499,Bengaluru,
10439,2026-03-01,Monthly,299,Patna,
10440,2026-03-01,Monthly,299,Delhi,
10441,2026-03-01,Monthly,299,Jaipur,
10442,2026-03-01,Monthly,299,Patna,
10443,2026-03-01,Annual,2499,Delhi,
10444,2026-03-01,Annual,2499,Jaipur,
10445,2026-03-01,Monthly,299,Ahmedabad,2026-04-01
10446,2026-03-01,Annual,2499,Delhi,
10447,2026-03-01,Monthly,299,Chennai,
10448,2026-03-01,Monthly,299,Hyderabad,2026-04-01
10449,2026-03-01,Monthly,299,Mumbai,
10450,2026-03-01,Monthly,299,Hyderabad,
10451,2026-03-01,Monthly,299,Mumbai,2026-04-01
10452,2026-03-01,Annual,2499,Kolkata,
10453,2026-03-01,Monthly,299,Chennai,2026-07-01
10454,2026-03-01,Monthly,299,Bengaluru,2026-04-01
10455,2026-03-01,Monthly,299,Hyderabad,2026-04-01
10456,2026-03-01,Annual,2499,Delhi,
10457,2026-03-01,Monthly,299,Delhi,
10458,2026-03-01,Monthly,299,Kolkata,
10459,2026-03-01,Monthly,299,Jaipur,2026-05-01
10460,2026-03-01,Annual,2499,Pune,
10461,2026-03-01,Monthly,299,Pune,
10462,2026-03-01,Monthly,299,Hyderabad,
10463,2026-03-01,Annual,2499,Kolkata,
10464,2026-03-01,Monthly,299,Bengaluru,
10465,2026-03-01,Monthly,299,Bengaluru,
10466,2026-03-01,Annual,2499,Hyderabad,
10467,2026-03-01,Annual,2499,Mumbai,2026-04-01
10468,2026-03-01,Annual,2499,Pune,
10469,2026-03-01,Annual,2499,Pune,
10470,2026-03-01,Annual,2499,Mumbai,
10471,2026-03-01,Annual,2499,Jaipur,
10472,2026-03-01,Annual,2499,Hyderabad,
10473,2026-03-01,Monthly,299,Mumbai,
10474,2026-03-01,Annual,2499,Kolkata,
10475,2026-03-01,Monthly,299,Kolkata,
10476,2026-03-01,Annual,2499,Ahmedabad,
10477,2026-03-01,Monthly,299,Kolkata,2026-08-01
10478,2026-03-01,Annual,2499,Mumbai,
10479,2026-03-01,Monthly,299,Delhi,2026-05-01
10480,2026-03-01,Annual,2499,Mumbai,
10481,2026-03-01,Monthly,299,Delhi,2026-04-01
10482,2026-03-01,Monthly,299,Chennai,
10483,2026-03-01,Monthly,299,Bengaluru,
10484,2026-03-01,Monthly,299,Ahmedabad,
10485,2026-03-01,Monthly,299,Mumbai,
10486,2026-03-01,Monthly,299,,2026-06-01
10487,2026-03-01,Monthly,299,Hyderabad,
10488,2026-03-01,Monthly,299,Delhi,2026-04-01
10489,2026-03-01,Monthly,299,Mumbai,
10490,2026-03-01,Annual,2499,Bengaluru,
10491,2026-03-01,Annual,2499,Chennai,
10492,2026-03-01,Monthly,299,Bengaluru,
10493,2026-03-01,Monthly,299,Mumbai,
10494,2026-03-01,Monthly,299,Ahmedabad,
10495,2026-03-01,Annual,2499,Jaipur,
10496,2026-03-01,Annual,2499,Pune,
10497,2026-03-01,Monthly,299,Delhi,
10498,2026-03-01,Monthly,299,Pune,2026-04-01
10499,2026-03-01,Monthly,299,Chennai,2026-07-01
10500,2026-03-01,Monthly,299,Kolkata,2026-08-01
10501,2026-03-01,Annual,2499,Kolkata,
10502,2026-03-01,Annual,2499,Bengaluru,
10503,2026-03-01,Monthly,299,Patna,
10504,2026-03-01,Annual,2499,Mumbai,
10505,2026-03-01,Monthly,299,Patna,
10506,2026-03-01,Monthly,299,Delhi,
10507,2026-03-01,Monthly,299,Delhi,
10508,2026-03-01,Monthly,299,Jaipur,
10509,2026-03-01,Monthly,299,Hyderabad,2026-04-01
10510,2026-03-01,Monthly,299,Hyderabad,
10511,2026-03-01,Monthly,299,Bengaluru,2026-04-01
10512,2026-03-01,Annual,2499,Bengaluru,
10513,2026-03-01,Monthly,299,Hyderabad,
10514,2026-03-01,Monthly,299,Mumbai,
10515,2026-03-01,Monthly,299,Patna,
10516,2026-03-01,Monthly,299,Mumbai,
10517,2026-03-01,Monthly,299,Chennai,2026-07-01
10518,2026-03-01,Annual,2499,Hyderabad,
10519,2026-03-01,Annual,2499,Jaipur,
10520,2026-03-01,Monthly,299,Bengaluru,
10521,2026-03-01,Monthly,299,Bengaluru,
10522,2026-03-01,Monthly,299,Mumbai,
10523,2026-03-01,Monthly,299,Mumbai,2026-07-01
10524,2026-03-01,Monthly,299,Kolkata,2026-08-01
10525,2026-03-01,Monthly,299,Chennai,2026-08-01
10526,2026-03-01,Annual,2499,Pune,
10527,2026-03-01,Monthly,299,Pune,
10528,2026-03-01,Monthly,299,Ahmedabad,2026-07-01
10529,2026-03-01,Monthly,299,Patna,2026-04-01
10530,2026-03-01,Annual,2499,Mumbai,
10531,2026-03-01,Monthly,299,Patna,2026-06-01
10532,2026-03-01,Annual,2499,Jaipur,
10533,2026-03-01,Annual,2499,Hyderabad,
10534,2026-03-01,Monthly,299,Pune,
10535,2026-03-01,Monthly,299,Delhi,2026-04-01
10536,2026-03-01,Annual,2499,Delhi,
10537,2026-03-01,Annual,2499,Chennai,
10538,2026-03-01,Monthly,299,Kolkata,2026-07-01
10539,2026-03-01,Monthly,299,Mumbai,
10540,2026-03-01,Annual,2499,Jaipur,2026-05-01
10541,2026-03-01,Monthly,299,Mumbai,2026-05-01
10542,2026-03-01,Monthly,299,Pune,
10543,2026-03-01,Monthly,299,Delhi,2026-06-01
10544,2026-03-01,Monthly,299,Delhi,2026-07-01
10545,2026-03-01,Monthly,299,Pune,
10546,2026-03-01,Monthly,299,Ahmedabad,
10547,2026-03-01,Annual,2499,Pune,
10548,2026-03-01,Monthly,299,Hyderabad,2026-08-01
10549,2026-03-01,Monthly,299,Kolkata,2026-06-01
10550,2026-03-01,Annual,2499,Hyderabad,
10551,2026-03-01,Monthly,299,Chennai,2026-04-01
10552,2026-03-01,Monthly,299,Ahmedabad,
10553,2026-03-01,Monthly,299,Delhi,2026-06-01
10554,2026-03-01,Annual,2499,Jaipur,
10555,2026-03-01,Annual,2499,Hyderabad,
10556,2026-03-01,Monthly,299,Bengaluru,2026-06-01
10557,2026-03-01,Annual,2499,Bengaluru,2026-05-01
10558,2026-03-01,Annual,2499,Mumbai,
10559,2026-03-01,Annual,2499,Pune,
10560,2026-03-01,Annual,2499,Chennai,
10561,2026-03-01,Monthly,299,Kolkata,2026-05-01
10562,2026-03-01,Monthly,299,Patna,
10563,2026-03-01,Monthly,299,Pune,
10564,2026-03-01,Monthly,299,Chennai,
10565,2026-03-01,Annual,2499,Delhi,
10566,2026-03-01,Annual,2499,Pune,
10567,2026-03-01,Monthly,299,Patna,2026-04-01
10568,2026-03-01,Annual,2499,Hyderabad,
10569,2026-03-01,Monthly,299,Pune,
10570,2026-03-01,Annual,2499,Patna,
10571,2026-03-01,Annual,2499,Mumbai,
10572,2026-03-01,Monthly,299,Ahmedabad,
10573,2026-03-01,Monthly,299,Hyderabad,
10574,2026-03-01,Annual,2499,Patna,
10575,2026-03-01,Monthly,299,Chennai,
10576,2026-03-01,Monthly,299,Ahmedabad,
10577,2026-03-01,Annual,2499,Patna,
10578,2026-03-01,Monthly,299,Patna,
10579,2026-03-01,Monthly,299,Delhi,2026-04-01
10580,2026-03-01,Monthly,299,Ahmedabad,
10581,2026-03-01,Monthly,299,Pune,
10582,2026-03-01,Annual,2499,Chennai,
10583,2026-03-01,Monthly,299,Ahmedabad,
10584,2026-03-01,Monthly,299,Pune,
10585,2026-03-01,Monthly,299,Jaipur,
10586,2026-03-01,Monthly,299,Patna,
10587,2026-03-01,Monthly,299,Bengaluru,2026-07-01
10588,2026-03-01,Monthly,299,Pune,
10589,2026-03-01,Monthly,299,Patna,
10590,2026-03-01,Annual,2499,Bengaluru,
10591,2026-03-01,Monthly,299,Delhi,
10592,2026-03-01,Annual,2499,Patna,
10593,2026-03-01,Monthly,299,Patna,
10594,2026-03-01,Monthly,299,Jaipur,
10595,2026-03-01,Monthly,299,Hyderabad,
10596,2026-03-01,Monthly,299,Hyderabad,2026-04-01
10597,2026-03-01,Monthly,299,Kolkata,2026-05-01
10598,2026-03-01,Monthly,299,Kolkata,
10599,2026-03-01,Monthly,299,Kolkata,
10600,2026-03-01,Monthly,299,Chennai,
10601,2026-03-01,Monthly,299,Jaipur,
10602,2026-03-01,Annual,2499,Chennai,
10603,2026-03-01,Annual,2499,Patna,
10604,2026-03-01,Monthly,299,Patna,
10605,2026-03-01,Monthly,299,Pune,
10606,2026-03-01,Monthly,299,Ahmedabad,2026-04-01
10607,2026-03-01,Annual,2499,Chennai,
10608,2026-03-01,Monthly,299,Patna,
10609,2026-03-01,Monthly,299,Pune,
10610,2026-03-01,Monthly,299,Ahmedabad,
10611,2026-03-01,Monthly,299,Ahmedabad,2026-05-01
10612,2026-03-01,Annual,2499,Ahmedabad,
10613,2026-03-01,Monthly,299,Patna,
10614,2026-03-01,Monthly,299,Ahmedabad,
10615,2026-03-01,Monthly,299,Delhi,
10616,2026-03-01,Annual,2499,Patna,
10617,2026-03-01,Monthly,299,Mumbai,2026-07-01
10618,2026-03-01,Monthly,299,Hyderabad,2026-05-01
10619,2026-03-01,Monthly,299,,2026-04-01
10620,2026-03-01,Monthly,299,Mumbai,
10621,2026-03-01,Monthly,299,Jaipur,
10622,2026-03-01,Monthly,299,Kolkata,2026-08-01
10623,2026-03-01,Annual,2499,Hyderabad,
10624,2026-03-01,Monthly,299,Chennai,2026-08-01
10625,2026-03-01,Monthly,299,Jaipur,
10626,2026-03-01,Monthly,299,Mumbai,
10627,2026-03-01,Annual,2499,Bengaluru,
10628,2026-03-01,Annual,2499,Pune,
10629,2026-03-01,Monthly,299,Jaipur,
10630,2026-03-01,Annual,2499,Pune,
10631,2026-03-01,Monthly,299,Bengaluru,2026-04-01
10632,2026-03-01,Monthly,299,Pune,
10633,2026-03-01,Annual,2499,Bengaluru,
10634,2026-03-01,Monthly,299,Ahmedabad,
10635,2026-03-01,Monthly,299,Jaipur,
10636,2026-03-01,Annual,2499,Ahmedabad,
10637,2026-03-01,Monthly,299,Kolkata,
10638,2026-03-01,Monthly,299,Jaipur,
10639,2026-03-01,Annual,2499,Delhi,
10640,2026-03-01,Monthly,299,Jaipur,
10641,2026-03-01,Monthly,299,Pune,
10642,2026-03-01,Monthly,299,Bengaluru,
10643,2026-03-01,Annual,2499,Ahmedabad,
10644,2026-03-01,Monthly,299,Pune,2026-08-01
10645,2026-03-01,Monthly,299,Patna,
10646,2026-03-01,Monthly,299,Ahmedabad,2026-05-01
10647,2026-03-01,Monthly,299,Ahmedabad,
10648,2026-03-01,Monthly,299,Mumbai,2026-06-01
10649,2026-03-01,Monthly,299,Patna,
10650,2026-03-01,Monthly,299,Hyderabad,
10651,2026-03-01,Monthly,299,Jaipur,2026-04-01
10652,2026-03-01,Annual,2499,Kolkata,
10653,2026-03-01,Monthly,299,Hyderabad,2026-05-01
10654,2026-03-01,Monthly,299,Patna,
10655,2026-03-01,Annual,2499,Delhi,
10656,2026-03-01,Monthly,299,Mumbai,2026-05-01
10657,2026-03-01,Monthly,299,Hyderabad,
10658,2026-03-01,Monthly,299,Bengaluru,
10659,2026-03-01,Annual,2499,Mumbai,
10660,2026-03-01,Annual,2499,Hyderabad,
10661,2026-03-01,Monthly,299,Chennai,
10662,2026-03-01,Annual,2499,Ahmedabad,2026-04-01
10663,2026-03-01,Monthly,299,Jaipur,
10664,2026-03-01,Annual,2499,Bengaluru,
10665,2026-03-01,Monthly,299,Mumbai,
10666,2026-03-01,Monthly,299,Mumbai,2026-04-01
10667,2026-03-01,Monthly,299,Patna,
10668,2026-03-01,Annual,2499,Bengaluru,
10669,2026-03-01,Monthly,299,Jaipur,2026-07-01
10670,2026-03-01,Monthly,299,Bengaluru,
10671,2026-03-01,Monthly,299,Chennai,
10672,2026-03-01,Annual,2499,Bengaluru,
10673,2026-03-01,Annual,2499,Delhi,
10674,2026-03-01,Monthly,299,Mumbai,
10675,2026-03-01,Monthly,299,Patna,2026-04-01
10676,2026-03-01,Annual,2499,Bengaluru,
10677,2026-03-01,Monthly,299,Ahmedabad,
10678,2026-03-01,Monthly,299,Patna,
10679,2026-03-01,Monthly,299,Hyderabad,
10680,2026-03-01,Monthly,299,Ahmedabad,
10681,2026-03-01,Annual,2499,Pune,
10682,2026-03-01,Monthly,299,Ahmedabad,
10683,2026-03-01,Monthly,299,,
10684,2026-03-01,Monthly,299,Chennai,2026-08-01
10685,2026-03-01,Annual,2499,Hyderabad,
10686,2026-03-01,Monthly,299,Jaipur,
10687,2026-03-01,Monthly,299,Kolkata,2026-07-01
10688,2026-03-01,Monthly,299,Kolkata,
10689,2026-03-01,Monthly,299,Hyderabad,
10690,2026-03-01,Monthly,299,Jaipur,2026-05-01
10691,2026-03-01,Annual,2499,Pune,
10692,2026-03-01,Monthly,299,Jaipur,
10693,2026-03-01,Monthly,299,Kolkata,2026-08-01
10694,2026-03-01,Annual,2499,Pune,
10695,2026-03-01,Monthly,299,Bengaluru,
10696,2026-03-01,Monthly,299,Kolkata,
10697,2026-03-01,Annual,2499,Hyderabad,
10698,2026-03-01,Monthly,299,Pune,2026-05-01
10699,2026-03-01,Monthly,299,Delhi,
10700,2026-03-01,Annual,2499,Bengaluru,2026-05-01
10701,2026-03-01,Annual,2499,Chennai,
10702,2026-03-01,Monthly,299,Delhi,
10703,2026-03-01,Monthly,299,Ahmedabad,
10704,2026-03-01,Monthly,299,Patna,2026-06-01
10705,2026-03-01,Monthly,299,Pune,
10706,2026-03-01,Monthly,299,Chennai,
10707,2026-03-01,Annual,2499,Delhi,
10708,2026-03-01,Monthly,299,Pune,
10709,2026-03-01,Monthly,299,Bengaluru,
10710,2026-03-01,Monthly,299,Patna,
10711,2026-03-01,Monthly,299,Jaipur,
10712,2026-03-01,Annual,2499,Chennai,
10713,2026-03-01,Monthly,299,Patna,2026-04-01
10714,2026-03-01,Monthly,299,Mumbai,2026-05-01
10715,2026-03-01,Monthly,299,Chennai,2026-06-01
10716,2026-03-01,Monthly,299,Kolkata,
10717,2026-03-01,Monthly,299,Mumbai,
10718,2026-03-01,Monthly,299,Delhi,
10719,2026-03-01,Monthly,299,Delhi,2026-06-01
10720,2026-03-01,Annual,2499,Chennai,
10721,2026-03-01,Annual,2499,Ahmedabad,
10722,2026-03-01,Monthly,299,Chennai,
10723,2026-03-01,Annual,2499,Ahmedabad,
10724,2026-03-01,Monthly,299,Hyderabad,
10725,2026-03-01,Monthly,299,Delhi,2026-04-01
10726,2026-03-01,Annual,2499,Ahmedabad,
10727,2026-03-01,Monthly,299,Jaipur,2026-06-01
10728,2026-03-01,Monthly,299,Patna,
10729,2026-03-01,Monthly,299,Patna,
10730,2026-03-01,Monthly,299,Kolkata,
10731,2026-03-01,Monthly,299,Pune,2026-04-01
10732,2026-03-01,Monthly,299,Delhi,
10733,2026-03-01,Monthly,299,,
10734,2026-03-01,Monthly,299,Hyderabad,2026-07-01
10735,2026-03-01,Monthly,299,Bengaluru,
10736,2026-03-01,Monthly,299,Chennai,2026-06-01
10737,2026-03-01,Monthly,299,Bengaluru,
10738,2026-03-01,Monthly,299,Delhi,
10739,2026-03-01,Monthly,299,Chennai,2026-05-01
10740,2026-03-01,Monthly,299,Mumbai,
10741,2026-03-01,Monthly,299,Pune,2026-04-01
10742,2026-03-01,Monthly,299,Chennai,
10743,2026-03-01,Annual,2499,Delhi,
10744,2026-03-01,Monthly,299,Pune,
10745,2026-03-01,Annual,2499,Hyderabad,
10746,2026-03-01,Monthly,299,Hyderabad,2026-07-01
10747,2026-03-01,Monthly,299,Hyderabad,
10748,2026-03-01,Annual,2499,Jaipur,
10749,2026-03-01,Annual,2499,,
10750,2026-03-01,Monthly,299,Jaipur,
10751,2026-03-01,Annual,2499,Hyderabad,
10752,2026-03-01,Monthly,299,Hyderabad,2026-04-01
10753,2026-03-01,Monthly,299,Chennai,
10754,2026-03-01,Annual,2499,Hyderabad,
10755,2026-03-01,Monthly,299,Ahmedabad,
10756,2026-03-01,Monthly,299,Mumbai,
10757,2026-03-01,Annual,2499,Bengaluru,
10758,2026-03-01,Monthly,299,Jaipur,
10759,2026-03-01,Monthly,299,Pune,2026-08-01
10760,2026-03-01,Monthly,299,Pune,2026-08-01
10761,2026-03-01,Monthly,299,Kolkata,2026-06-01
10762,2026-03-01,Monthly,299,Pune,
10763,2026-03-01,Monthly,299,Mumbai,
10764,2026-03-01,Monthly,299,Chennai,
10765,2026-03-01,Monthly,299,,
10766,2026-03-01,Monthly,299,Patna,2026-05-01
10767,2026-03-01,Monthly,299,Chennai,
10768,2026-03-01,Monthly,299,Hyderabad,2026-04-01
10769,2026-03-01,Monthly,299,Kolkata,
10770,2026-03-01,Monthly,299,Bengaluru,
10771,2026-03-01,Annual,2499,Kolkata,
10772,2026-03-01,Monthly,299,,2026-04-01
10773,2026-03-01,Monthly,299,Kolkata,
10774,2026-03-01,Annual,2499,Ahmedabad,
10775,2026-03-01,Annual,2499,Jaipur,
10776,2026-03-01,Monthly,299,Chennai,2026-05-01
10777,2026-03-01,Monthly,299,Mumbai,
10778,2026-03-01,Annual,2499,Mumbai,
10779,2026-03-01,Monthly,299,Jaipur,2026-06-01
10780,2026-03-01,Monthly,299,Pune,
10781,2026-03-01,Monthly,299,Chennai,
10782,2026-03-01,Annual,2499,Patna,
10783,2026-03-01,Monthly,299,Kolkata,2026-06-01
10784,2026-03-01,Monthly,299,Ahmedabad,2026-06-01
10785,2026-03-01,Monthly,299,Hyderabad,2026-04-01
10786,2026-03-01,Monthly,299,Hyderabad,
10787,2026-03-01,Monthly,299,,2026-05-01
10788,2026-03-01,Monthly,299,Mumbai,
10789,2026-03-01,Monthly,299,Jaipur,2026-04-01
10790,2026-03-01,Monthly,299,Bengaluru,2026-08-01
10791,2026-03-01,Monthly,299,Chennai,2026-05-01
10792,2026-03-01,Monthly,299,Patna,2026-04-01
10793,2026-03-01,Monthly,299,Patna,
10794,2026-03-01,Monthly,299,Pune,
10795,2026-03-01,Monthly,299,Mumbai,2026-05-01
10796,2026-03-01,Monthly,299,Mumbai,
10797,2026-03-01,Monthly,299,Jaipur,
10798,2026-03-01,Annual,2499,Delhi,
10799,2026-03-01,Monthly,299,Ahmedabad,
10800,2026-03-01,Annual,2499,Chennai,
10801,2026-03-01,Monthly,299,Patna,2026-07-01
10802,2026-03-01,Monthly,299,Pune,
10803,2026-03-01,Monthly,299,Mumbai,
10804,2026-03-01,Monthly,299,Jaipur,
10805,2026-03-01,Monthly,299,Bengaluru,
10806,2026-03-01,Annual,2499,Delhi,2026-04-01
10807,2026-03-01,Monthly,299,Kolkata,
10808,2026-03-01,Annual,2499,Hyderabad,
10809,2026-03-01,Annual,2499,Ahmedabad,
10810,2026-03-01,Monthly,299,Jaipur,2026-05-01
10811,2026-03-01,Monthly,299,Delhi,2026-08-01
10812,2026-03-01,Annual,2499,Bengaluru,
10813,2026-03-01,Monthly,299,Ahmedabad,
10814,2026-03-01,Monthly,299,Kolkata,
10815,2026-03-01,Annual,2499,Ahmedabad,
10816,2026-03-01,Monthly,299,Kolkata,2026-04-01
10817,2026-03-01,Annual,2499,Mumbai,
10818,2026-03-01,Monthly,299,Hyderabad,2026-04-01
10819,2026-03-01,Annual,2499,Ahmedabad,
10820,2026-03-01,Annual,2499,Jaipur,
10821,2026-03-01,Monthly,299,Pune,
10822,2026-03-01,Monthly,299,Mumbai,2026-04-01
10823,2026-03-01,Monthly,299,Bengaluru,2026-05-01
10824,2026-03-01,Annual,2499,Mumbai,
10825,2026-03-01,Annual,2499,Ahmedabad,
10826,2026-03-01,Annual,2499,Jaipur,
10827,2026-03-01,Monthly,299,Chennai,2026-08-01
10828,2026-03-01,Monthly,299,Jaipur,
10829,2026-03-01,Annual,2499,Pune,
10830,2026-03-01,Annual,2499,Mumbai,
10831,2026-03-01,Monthly,299,Delhi,
10832,2026-03-01,Annual,2499,Delhi,
10833,2026-03-01,Annual,2499,Ahmedabad,
10834,2026-03-01,Monthly,299,Chennai,
10835,2026-03-01,Monthly,299,Mumbai,2026-07-01
10836,2026-03-01,Annual,2499,Delhi,
10837,2026-03-01,Monthly,299,Delhi,2026-05-01
10838,2026-03-01,Monthly,299,Delhi,
10839,2026-03-01,Monthly,299,Delhi,
10840,2026-03-01,Monthly,299,Hyderabad,2026-04-01
10841,2026-03-01,Annual,2499,Pune,
10842,2026-03-01,Monthly,299,Mumbai,2026-05-01
10843,2026-03-01,Annual,2499,Chennai,
10844,2026-03-01,Annual,2499,Ahmedabad,
10845,2026-03-01,Monthly,299,Mumbai,
10846,2026-03-01,Monthly,299,Pune,
10847,2026-03-01,Monthly,299,Pune,2026-08-01
10848,2026-03-01,Monthly,299,Delhi,
10849,2026-03-01,Monthly,299,Bengaluru,
10850,2026-03-01,Monthly,299,Hyderabad,
10851,2026-03-01,Annual,2499,Bengaluru,
10852,2026-03-01,Monthly,299,Patna,
10853,2026-03-01,Monthly,299,Bengaluru,2026-04-01
10854,2026-03-01,Annual,2499,Hyderabad,
10855,2026-03-01,Annual,2499,Mumbai,
10856,2026-03-01,Annual,2499,Patna,
10857,2026-03-01,Monthly,299,Ahmedabad,
10858,2026-03-01,Monthly,299,Bengaluru,2026-04-01
10859,2026-03-01,Annual,2499,Ahmedabad,
10860,2026-03-01,Monthly,299,Hyderabad,
10861,2026-03-01,Annual,2499,Ahmedabad,
10862,2026-03-01,Monthly,299,Kolkata,2026-08-01
10863,2026-03-01,Annual,2499,Ahmedabad,
10864,2026-03-01,Monthly,299,Patna,
10865,2026-03-01,Monthly,299,Chennai,
10866,2026-03-01,Annual,2499,Patna,
10867,2026-03-01,Monthly,299,Kolkata,2026-06-01
10868,2026-03-01,Monthly,299,Hyderabad,2026-06-01
10869,2026-03-01,Monthly,299,Patna,
10870,2026-03-01,Monthly,299,Delhi,
10871,2026-03-01,Monthly,299,Jaipur,
10872,2026-03-01,Monthly,299,Delhi,2026-06-01
10873,2026-03-01,Annual,2499,Chennai,
10874,2026-03-01,Monthly,299,Ahmedabad,
10875,2026-03-01,Annual,2499,Bengaluru,
10876,2026-03-01,Monthly,299,Pune,
10877,2026-03-01,Monthly,299,Hyderabad,
10878,2026-03-01,Monthly,299,Mumbai,
10879,2026-03-01,Annual,2499,Pune,2026-04-01
10880,2026-03-01,Monthly,299,Patna,
10881,2026-03-01,Monthly,299,Kolkata,2026-05-01
10882,2026-03-01,Annual,2499,Jaipur,
10883,2026-03-01,Monthly,299,Delhi,2026-06-01
10884,2026-03-01,Annual,2499,Mumbai,
10885,2026-03-01,Monthly,299,Jaipur,
10886,2026-03-01,Annual,2499,Jaipur,
10887,2026-03-01,Annual,2499,Mumbai,
10888,2026-03-01,Annual,2499,Bengaluru,
10889,2026-03-01,Monthly,299,Delhi,2026-04-01
10890,2026-03-01,Monthly,299,Hyderabad,
10891,2026-03-01,Annual,2499,Kolkata,
10892,2026-03-01,Monthly,299,Kolkata,
10893,2026-03-01,Monthly,299,Pune,
10894,2026-03-01,Monthly,299,Mumbai,
10895,2026-03-01,Monthly,299,Kolkata,2026-04-01
10896,2026-03-01,Monthly,299,Ahmedabad,
10897,2026-03-01,Monthly,299,Chennai,
10898,2026-03-01,Annual,2499,Ahmedabad,
10899,2026-03-01,Monthly,299,Pune,
10900,2026-03-01,Monthly,299,Delhi,
10901,2026-03-01,Monthly,299,Patna,
10902,2026-03-01,Annual,2499,Patna,
10903,2026-03-01,Monthly,299,Hyderabad,
10904,2026-03-01,Monthly,299,Delhi,2026-07-01
10905,2026-03-01,Monthly,299,Jaipur,2026-07-01
10906,2026-03-01,Annual,2499,Hyderabad,
10907,2026-03-01,Monthly,299,Bengaluru,2026-05-01
10908,2026-03-01,Monthly,299,Kolkata,
10909,2026-03-01,Monthly,299,Patna,
10910,2026-03-01,Monthly,299,Kolkata,
10911,2026-03-01,Monthly,299,Kolkata,
10912,2026-03-01,Monthly,299,Ahmedabad,
10913,2026-03-01,Monthly,299,Ahmedabad,
10914,2026-03-01,Monthly,299,Ahmedabad,
10915,2026-03-01,Monthly,299,Ahmedabad,
10916,2026-03-01,Monthly,299,Patna,2026-06-01
10917,2026-03-01,Monthly,299,Jaipur,
10918,2026-03-01,Monthly,299,Hyderabad,
10919,2026-03-01,Monthly,299,Pune,2026-06-01
10920,2026-03-01,Monthly,299,Jaipur,2026-06-01
10921,2026-03-01,Monthly,299,Delhi,
10922,2026-03-01,Monthly,299,Patna,
10923,2026-03-01,Annual,2499,Chennai,
10924,2026-03-01,Monthly,299,Patna,
10925,2026-03-01,Monthly,299,Mumbai,
10926,2026-03-01,Monthly,299,Bengaluru,
10927,2026-03-01,Monthly,299,Jaipur,2026-04-01
10928,2026-03-01,Monthly,299,Bengaluru,2026-06-01
10929,2026-03-01,Monthly,299,Jaipur,2026-08-01
10930,2026-03-01,Monthly,299,Pune,
10931,2026-03-01,Monthly,299,Patna,
10932,2026-03-01,Annual,2499,Pune,
10933,2026-03-01,Monthly,299,Delhi,2026-07-01
10934,2026-03-01,Monthly,299,Delhi,
10935,2026-03-01,Annual,2499,Delhi,
10936,2026-03-01,Monthly,299,Bengaluru,2026-05-01
10937,2026-03-01,Annual,2499,Kolkata,
10938,2026-03-01,Monthly,299,Bengaluru,
10939,2026-03-01,Annual,2499,Hyderabad,
10940,2026-03-01,Monthly,299,Kolkata,2026-04-01
10941,2026-03-01,Monthly,299,Chennai,2026-04-01
10942,2026-03-01,Annual,2499,Jaipur,
10943,2026-03-01,Monthly,299,Delhi,
10944,2026-03-01,Monthly,299,Ahmedabad,2026-04-01
10945,2026-03-01,Monthly,299,Mumbai,2026-08-01
10946,2026-03-01,Monthly,299,Ahmedabad,
10947,2026-03-01,Annual,2499,Jaipur,
10948,2026-03-01,Annual,2499,Patna,
10949,2026-03-01,Monthly,299,Bengaluru,
10950,2026-03-01,Monthly,299,Chennai,2026-04-01
10951,2026-03-01,Annual,2499,Chennai,
10952,2026-03-01,Monthly,299,Jaipur,
10953,2026-03-01,Annual,2499,Kolkata,
10954,2026-03-01,Monthly,299,Ahmedabad,
10955,2026-03-01,Monthly,299,Patna,2026-05-01
10956,2026-03-01,Monthly,299,Delhi,
10957,2026-03-01,Annual,2499,Mumbai,
10958,2026-03-01,Monthly,299,Pune,
10959,2026-03-01,Annual,2499,Chennai,
10960,2026-03-01,Annual,2499,Delhi,
10961,2026-03-01,Monthly,299,Mumbai,2026-06-01
10962,2026-03-01,Monthly,299,Kolkata,2026-04-01
10963,2026-04-01,Monthly,299,Mumbai,
10964,2026-04-01,Monthly,299,Patna,
10965,2026-04-01,Annual,2499,Patna,
10966,2026-04-01,Annual,2499,Patna,
10967,2026-04-01,Annual,2499,Chennai,
10968,2026-04-01,Monthly,299,Bengaluru,
10969,2026-04-01,Annual,2499,Delhi,
10970,2026-04-01,Annual,2499,Jaipur,
10971,2026-04-01,Annual,2499,Patna,
10972,2026-04-01,Annual,2499,Hyderabad,
10973,2026-04-01,Monthly,299,Jaipur,2026-08-01
10974,2026-04-01,Monthly,299,Chennai,2026-07-01
10975,2026-04-01,Monthly,299,Delhi,
10976,2026-04-01,Monthly,299,Bengaluru,
10977,2026-04-01,Monthly,299,Ahmedabad,
10978,2026-04-01,Monthly,299,Patna,
10979,2026-04-01,Monthly,299,Patna,
10980,2026-04-01,Monthly,299,Delhi,
10981,2026-04-01,Monthly,299,Ahmedabad,
10982,2026-04-01,Monthly,299,Patna,2026-06-01
10983,2026-04-01,Monthly,299,Delhi,2026-05-01
10984,2026-04-01,Monthly,299,Jaipur,
10985,2026-04-01,Monthly,299,Ahmedabad,2026-06-01
10986,2026-04-01,Annual,2499,Bengaluru,
10987,2026-04-01,Annual,2499,Pune,
10988,2026-04-01,Monthly,299,Mumbai,
10989,2026-04-01,Monthly,299,Jaipur,
10990,2026-04-01,Monthly,299,Kolkata,
10991,2026-04-01,Annual,2499,Mumbai,
10992,2026-04-01,Monthly,299,Jaipur,
10993,2026-04-01,Monthly,299,Mumbai,2026-05-01
10994,2026-04-01,Annual,2499,Patna,2026-06-01
10995,2026-04-01,Annual,2499,Hyderabad,
10996,2026-04-01,Annual,2499,Ahmedabad,
10997,2026-04-01,Monthly,299,Pune,
10998,2026-04-01,Monthly,299,Bengaluru,
10999,2026-04-01,Monthly,299,Chennai,
11000,2026-04-01,Monthly,299,Pune,
11001,2026-04-01,Monthly,299,Bengaluru,2026-05-01
11002,2026-04-01,Annual,2499,Hyderabad,
11003,2026-04-01,Monthly,299,Kolkata,
11004,2026-04-01,Monthly,299,Jaipur,2026-05-01
11005,2026-04-01,Annual,2499,Jaipur,2026-05-01
11006,2026-04-01,Annual,2499,Bengaluru,
11007,2026-04-01,Monthly,299,Chennai,2026-05-01
11008,2026-04-01,Annual,2499,Delhi,
11009,2026-04-01,Monthly,299,Chennai,
11010,2026-04-01,Annual,2499,Hyderabad,
11011,2026-04-01,Monthly,299,Bengaluru,
11012,2026-04-01,Annual,2499,Bengaluru,
11013,2026-04-01,Annual,2499,Delhi,
11014,2026-04-01,Monthly,299,Hyderabad,
11015,2026-04-01,Monthly,299,Jaipur,
11016,2026-04-01,Monthly,299,Bengaluru,2026-06-01
11017,2026-04-01,Monthly,299,Kolkata,2026-05-01
11018,2026-04-01,Monthly,299,Delhi,2026-06-01
11019,2026-04-01,Monthly,299,Kolkata,2026-05-01
11020,2026-04-01,Monthly,299,Mumbai,
11021,2026-04-01,Monthly,299,Jaipur,
11022,2026-04-01,Monthly,299,Patna,
11023,2026-04-01,Monthly,299,Delhi,
11024,2026-04-01,Annual,2499,Ahmedabad,
11025,2026-04-01,Monthly,299,Ahmedabad,2026-08-01
11026,2026-04-01,Monthly,299,Patna,
11027,2026-04-01,Monthly,299,Hyderabad,
11028,2026-04-01,Monthly,299,Delhi,
11029,2026-04-01,Annual,2499,Delhi,
11030,2026-04-01,Monthly,299,Hyderabad,
11031,2026-04-01,Monthly,299,Delhi,
11032,2026-04-01,Monthly,299,Bengaluru,
11033,2026-04-01,Annual,2499,Delhi,
11034,2026-04-01,Monthly,299,Bengaluru,
11035,2026-04-01,Annual,2499,Ahmedabad,
11036,2026-04-01,Monthly,299,Ahmedabad,
11037,2026-04-01,Annual,2499,Delhi,
11038,2026-04-01,Monthly,299,Chennai,
11039,2026-04-01,Annual,2499,Pune,
11040,2026-04-01,Monthly,299,Delhi,2026-07-01
11041,2026-04-01,Annual,2499,Patna,
11042,2026-04-01,Monthly,299,Mumbai,2026-07-01
11043,2026-04-01,Monthly,299,Delhi,
11044,2026-04-01,Annual,2499,Ahmedabad,
11045,2026-04-01,Monthly,299,Kolkata,
11046,2026-04-01,Monthly,299,Patna,
11047,2026-04-01,Monthly,299,Mumbai,
11048,2026-04-01,Monthly,299,Chennai,2026-05-01
11049,2026-04-01,Monthly,299,Hyderabad,
11050,2026-04-01,Annual,2499,Ahmedabad,
11051,2026-04-01,Monthly,299,Chennai,
11052,2026-04-01,Monthly,299,Pune,2026-05-01
11053,2026-04-01,Monthly,299,Mumbai,2026-05-01
11054,2026-04-01,Monthly,299,Pune,2026-05-01
11055,2026-04-01,Monthly,299,Chennai,2026-06-01
11056,2026-04-01,Monthly,299,Mumbai,2026-05-01
11057,2026-04-01,Monthly,299,Patna,2026-07-01
11058,2026-04-01,Annual,2499,Patna,
11059,2026-04-01,Monthly,299,Chennai,
11060,2026-04-01,Monthly,299,Delhi,2026-07-01
11061,2026-04-01,Annual,2499,Mumbai,
11062,2026-04-01,Annual,2499,Delhi,
11063,2026-04-01,Annual,2499,Jaipur,
11064,2026-04-01,Annual,2499,Hyderabad,2026-07-01
11065,2026-04-01,Annual,2499,Kolkata,
11066,2026-04-01,Monthly,299,Bengaluru,
11067,2026-04-01,Monthly,299,Bengaluru,
11068,2026-04-01,Monthly,299,Bengaluru,2026-06-01
11069,2026-04-01,Monthly,299,Pune,
11070,2026-04-01,Annual,2499,Delhi,
11071,2026-04-01,Annual,2499,Jaipur,
11072,2026-04-01,Monthly,299,,
11073,2026-04-01,Monthly,299,Delhi,
11074,2026-04-01,Annual,2499,Ahmedabad,
11075,2026-04-01,Monthly,299,Chennai,
11076,2026-04-01,Annual,2499,Kolkata,
11077,2026-04-01,Annual,2499,Ahmedabad,
11078,2026-04-01,Monthly,299,Hyderabad,
11079,2026-04-01,Monthly,299,Chennai,2026-05-01
11080,2026-04-01,Monthly,299,Jaipur,
11081,2026-04-01,Monthly,299,Chennai,
11082,2026-04-01,Monthly,299,Bengaluru,
11083,2026-04-01,Monthly,299,Kolkata,2026-05-01
11084,2026-04-01,Monthly,299,Delhi,2026-06-01
11085,2026-04-01,Monthly,299,Patna,
11086,2026-04-01,Monthly,299,Jaipur,
11087,2026-04-01,Monthly,299,Jaipur,
11088,2026-04-01,Annual,2499,Patna,
11089,2026-04-01,Annual,2499,Pune,
11090,2026-04-01,Monthly,299,Chennai,
11091,2026-04-01,Monthly,299,Hyderabad,
11092,2026-04-01,Annual,2499,Bengaluru,
11093,2026-04-01,Annual,2499,Jaipur,
11094,2026-04-01,Monthly,299,,2026-05-01
11095,2026-04-01,Annual,2499,Chennai,
11096,2026-04-01,Monthly,299,Bengaluru,
11097,2026-04-01,Monthly,299,,
11098,2026-04-01,Monthly,299,Jaipur,
11099,2026-04-01,Annual,2499,Chennai,
11100,2026-04-01,Monthly,299,Pune,2026-06-01
11101,2026-04-01,Monthly,299,Hyderabad,
11102,2026-04-01,Annual,2499,Chennai,
11103,2026-04-01,Monthly,299,Mumbai,2026-06-01
11104,2026-04-01,Monthly,299,Jaipur,
11105,2026-04-01,Annual,2499,Chennai,
11106,2026-04-01,Monthly,299,Patna,
11107,2026-04-01,Monthly,299,Jaipur,
11108,2026-04-01,Annual,2499,Delhi,
11109,2026-04-01,Monthly,299,Patna,2026-05-01
11110,2026-04-01,Monthly,299,Hyderabad,
11111,2026-04-01,Monthly,299,Hyderabad,
11112,2026-04-01,Monthly,299,Chennai,2026-06-01
11113,2026-04-01,Monthly,299,Delhi,2026-07-01
11114,2026-04-01,Monthly,299,Patna,
11115,2026-04-01,Annual,2499,Delhi,
11116,2026-04-01,Monthly,299,Pune,2026-06-01
11117,2026-04-01,Monthly,299,Chennai,
11118,2026-04-01,Monthly,299,Chennai,2026-05-01
11119,2026-04-01,Annual,2499,Chennai,
11120,2026-04-01,Monthly,299,Jaipur,
11121,2026-04-01,Monthly,299,Hyderabad,
11122,2026-04-01,Annual,2499,Pune,
11123,2026-04-01,Monthly,299,Ahmedabad,
11124,2026-04-01,Monthly,299,Chennai,2026-08-01
11125,2026-04-01,Annual,2499,Hyderabad,
11126,2026-04-01,Monthly,299,Jaipur,
11127,2026-04-01,Monthly,299,Bengaluru,
11128,2026-04-01,Monthly,299,Ahmedabad,
11129,2026-04-01,Monthly,299,Chennai,
11130,2026-04-01,Monthly,299,Delhi,
11131,2026-04-01,Annual,2499,Kolkata,2026-05-01
11132,2026-04-01,Annual,2499,Pune,
11133,2026-04-01,Monthly,299,Mumbai,
11134,2026-04-01,Monthly,299,Pune,2026-07-01
11135,2026-04-01,Monthly,299,Delhi,
11136,2026-04-01,Monthly,299,Patna,
11137,2026-04-01,Monthly,299,Kolkata,2026-05-01
11138,2026-04-01,Monthly,299,Jaipur,
11139,2026-04-01,Annual,2499,Pune,
11140,2026-04-01,Monthly,299,Hyderabad,2026-07-01
11141,2026-04-01,Monthly,299,Kolkata,
11142,2026-04-01,Monthly,299,Bengaluru,
11143,2026-04-01,Monthly,299,Ahmedabad,2026-07-01
11144,2026-04-01,Monthly,299,Ahmedabad,2026-05-01
11145,2026-04-01,Annual,2499,Patna,
11146,2026-04-01,Monthly,299,Delhi,
11147,2026-04-01,Monthly,299,Ahmedabad,
11148,2026-04-01,Monthly,299,Bengaluru,
11149,2026-04-01,Monthly,299,Jaipur,2026-08-01
11150,2026-04-01,Monthly,299,Mumbai,
11151,2026-04-01,Monthly,299,Pune,
11152,2026-04-01,Monthly,299,,
11153,2026-04-01,Monthly,299,Delhi,2026-05-01
11154,2026-04-01,Monthly,299,Delhi,2026-07-01
11155,2026-04-01,Monthly,299,Hyderabad,
11156,2026-04-01,Annual,2499,Patna,
11157,2026-04-01,Monthly,299,Ahmedabad,
11158,2026-04-01,Monthly,299,Chennai,2026-08-01
11159,2026-04-01,Monthly,299,Patna,
11160,2026-04-01,Annual,2499,Delhi,
11161,2026-04-01,Monthly,299,Pune,2026-06-01
11162,2026-04-01,Monthly,299,Hyderabad,
11163,2026-04-01,Annual,2499,Hyderabad,
11164,2026-04-01,Monthly,299,Patna,
11165,2026-04-01,Annual,2499,Bengaluru,2026-07-01
11166,2026-04-01,Monthly,299,Bengaluru,
11167,2026-04-01,Monthly,299,Hyderabad,
11168,2026-04-01,Monthly,299,Chennai,2026-07-01
11169,2026-04-01,Annual,2499,Patna,2026-06-01
11170,2026-04-01,Monthly,299,Patna,
11171,2026-04-01,Monthly,299,Ahmedabad,
11172,2026-04-01,Monthly,299,Kolkata,
11173,2026-04-01,Monthly,299,Mumbai,2026-06-01
11174,2026-04-01,Annual,2499,Bengaluru,
11175,2026-04-01,Monthly,299,Mumbai,2026-08-01
11176,2026-04-01,Monthly,299,Kolkata,2026-05-01
11177,2026-04-01,Monthly,299,Patna,2026-05-01
11178,2026-04-01,Monthly,299,Bengaluru,
11179,2026-04-01,Monthly,299,Hyderabad,2026-06-01
11180,2026-04-01,Monthly,299,Delhi,
11181,2026-04-01,Monthly,299,Mumbai,
11182,2026-04-01,Monthly,299,Kolkata,2026-07-01
11183,2026-04-01,Monthly,299,Kolkata,2026-05-01
11184,2026-04-01,Annual,2499,Chennai,
11185,2026-04-01,Monthly,299,Hyderabad,2026-05-01
11186,2026-04-01,Monthly,299,Ahmedabad,
11187,2026-04-01,Monthly,299,Bengaluru,
11188,2026-04-01,Monthly,299,Patna,2026-05-01
11189,2026-04-01,Annual,2499,Jaipur,
11190,2026-04-01,Monthly,299,Pune,
11191,2026-04-01,Monthly,299,Jaipur,
11192,2026-04-01,Monthly,299,Jaipur,
11193,2026-04-01,Monthly,299,Kolkata,
11194,2026-04-01,Annual,2499,Hyderabad,
11195,2026-04-01,Monthly,299,Ahmedabad,
11196,2026-04-01,Annual,2499,Chennai,
11197,2026-04-01,Monthly,299,Pune,
11198,2026-04-01,Annual,2499,Mumbai,
11199,2026-04-01,Monthly,299,Ahmedabad,2026-05-01
11200,2026-04-01,Monthly,299,,
11201,2026-04-01,Monthly,299,Kolkata,
11202,2026-04-01,Monthly,299,Jaipur,
11203,2026-04-01,Annual,2499,Hyderabad,
11204,2026-04-01,Monthly,299,Kolkata,
11205,2026-04-01,Monthly,299,Jaipur,2026-05-01
11206,2026-04-01,Monthly,299,Pune,
11207,2026-04-01,Monthly,299,Kolkata,
11208,2026-04-01,Monthly,299,Pune,
11209,2026-04-01,Monthly,299,Patna,
11210,2026-04-01,Monthly,299,Bengaluru,
11211,2026-04-01,Monthly,299,Delhi,2026-06-01
11212,2026-04-01,Monthly,299,Patna,2026-07-01
11213,2026-04-01,Annual,2499,Mumbai,
11214,2026-04-01,Monthly,299,Mumbai,2026-05-01
11215,2026-04-01,Monthly,299,Pune,
11216,2026-04-01,Annual,2499,,
11217,2026-04-01,Annual,2499,Patna,2026-05-01
11218,2026-04-01,Monthly,299,Pune,
11219,2026-04-01,Monthly,299,Kolkata,
11220,2026-04-01,Monthly,299,Ahmedabad,2026-06-01
11221,2026-04-01,Annual,2499,Chennai,
11222,2026-04-01,Monthly,299,Hyderabad,
11223,2026-04-01,Monthly,299,Bengaluru,
11224,2026-04-01,Annual,2499,Delhi,
11225,2026-04-01,Monthly,299,Chennai,
11226,2026-04-01,Monthly,299,Pune,
11227,2026-04-01,Monthly,299,Patna,2026-05-01
11228,2026-04-01,Monthly,299,Hyderabad,
11229,2026-04-01,Monthly,299,Kolkata,2026-05-01
11230,2026-04-01,Annual,2499,Patna,
11231,2026-04-01,Monthly,299,Chennai,
11232,2026-04-01,Annual,2499,Mumbai,
11233,2026-04-01,Monthly,299,Mumbai,
11234,2026-04-01,Annual,2499,Hyderabad,
11235,2026-04-01,Monthly,299,Jaipur,2026-08-01
11236,2026-04-01,Monthly,299,Delhi,
11237,2026-04-01,Monthly,299,Kolkata,
11238,2026-04-01,Monthly,299,Kolkata,
11239,2026-04-01,Annual,2499,Patna,
11240,2026-04-01,Monthly,299,Mumbai,
11241,2026-04-01,Monthly,299,Ahmedabad,
11242,2026-04-01,Annual,2499,Bengaluru,
11243,2026-04-01,Monthly,299,Delhi,
11244,2026-04-01,Annual,2499,Bengaluru,
11245,2026-04-01,Annual,2499,Hyderabad,
11246,2026-04-01,Monthly,299,Bengaluru,
11247,2026-04-01,Monthly,299,Delhi,2026-07-01
11248,2026-04-01,Annual,2499,Jaipur,
11249,2026-04-01,Monthly,299,Pune,2026-06-01
11250,2026-04-01,Monthly,299,Ahmedabad,
11251,2026-04-01,Monthly,299,Delhi,
11252,2026-04-01,Monthly,299,Hyderabad,
11253,2026-04-01,Monthly,299,Jaipur,2026-08-01
11254,2026-04-01,Annual,2499,Kolkata,
11255,2026-04-01,Monthly,299,Pune,2026-05-01
11256,2026-04-01,Annual,2499,Mumbai,
11257,2026-04-01,Monthly,299,Patna,2026-06-01
11258,2026-04-01,Monthly,299,Chennai,
11259,2026-04-01,Monthly,299,Hyderabad,2026-07-01
11260,2026-04-01,Monthly,299,Chennai,
11261,2026-04-01,Monthly,299,,2026-05-01
11262,2026-04-01,Annual,2499,Mumbai,
11263,2026-04-01,Monthly,299,Pune,
11264,2026-04-01,Monthly,299,Ahmedabad,
11265,2026-04-01,Monthly,299,Patna,
11266,2026-04-01,Monthly,299,Bengaluru,
11267,2026-04-01,Monthly,299,Hyderabad,2026-06-01
11268,2026-04-01,Annual,2499,Hyderabad,
11269,2026-04-01,Monthly,299,Jaipur,
11270,2026-04-01,Annual,2499,Ahmedabad,
11271,2026-04-01,Annual,2499,Pune,
11272,2026-04-01,Annual,2499,Pune,2026-05-01
11273,2026-04-01,Monthly,299,Patna,
11274,2026-04-01,Monthly,299,Bengaluru,
11275,2026-04-01,Monthly,299,Jaipur,
11276,2026-04-01,Annual,2499,Bengaluru,
11277,2026-04-01,Annual,2499,Pune,
11278,2026-04-01,Monthly,299,Jaipur,
11279,2026-04-01,Monthly,299,Jaipur,2026-06-01
11280,2026-04-01,Annual,2499,Chennai,
11281,2026-04-01,Annual,2499,Hyderabad,
11282,2026-04-01,Annual,2499,Bengaluru,
11283,2026-04-01,Monthly,299,Ahmedabad,2026-07-01
11284,2026-04-01,Annual,2499,Pune,
11285,2026-04-01,Monthly,299,Jaipur,
11286,2026-04-01,Annual,2499,Kolkata,
11287,2026-04-01,Monthly,299,Hyderabad,
11288,2026-04-01,Monthly,299,Hyderabad,
11289,2026-04-01,Annual,2499,Jaipur,
11290,2026-04-01,Monthly,299,Kolkata,
11291,2026-04-01,Annual,2499,Mumbai,
11292,2026-04-01,Annual,2499,Chennai,
11293,2026-04-01,Monthly,299,Patna,
11294,2026-04-01,Monthly,299,Mumbai,
11295,2026-04-01,Monthly,299,Hyderabad,2026-07-01
11296,2026-04-01,Annual,2499,Patna,
11297,2026-04-01,Annual,2499,Jaipur,
11298,2026-04-01,Monthly,299,Ahmedabad,2026-05-01
11299,2026-04-01,Monthly,299,Bengaluru,
11300,2026-04-01,Annual,2499,Pune,
11301,2026-04-01,Annual,2499,Bengaluru,
11302,2026-04-01,Monthly,299,Chennai,2026-07-01
11303,2026-04-01,Monthly,299,Kolkata,2026-06-01
11304,2026-04-01,Monthly,299,Pune,2026-06-01
11305,2026-04-01,Monthly,299,Bengaluru,2026-05-01
11306,2026-04-01,Monthly,299,Delhi,2026-07-01
11307,2026-04-01,Monthly,299,Jaipur,
11308,2026-04-01,Annual,2499,Jaipur,
11309,2026-04-01,Monthly,299,Chennai,
11310,2026-04-01,Monthly,299,Mumbai,
11311,2026-04-01,Monthly,299,Jaipur,
11312,2026-04-01,Annual,2499,Bengaluru,
11313,2026-04-01,Annual,2499,Pune,
11314,2026-04-01,Annual,2499,Mumbai,
11315,2026-04-01,Monthly,299,Kolkata,2026-05-01
11316,2026-04-01,Monthly,299,Patna,
11317,2026-04-01,Annual,2499,Jaipur,
11318,2026-04-01,Monthly,299,Ahmedabad,
11319,2026-04-01,Monthly,299,Pune,2026-07-01
11320,2026-04-01,Monthly,299,Jaipur,
11321,2026-04-01,Monthly,299,Kolkata,2026-06-01
11322,2026-04-01,Annual,2499,Chennai,
11323,2026-04-01,Monthly,299,Kolkata,
11324,2026-04-01,Monthly,299,Kolkata,
11325,2026-04-01,Monthly,299,Kolkata,
11326,2026-04-01,Monthly,299,Patna,2026-08-01
11327,2026-04-01,Monthly,299,Hyderabad,
11328,2026-04-01,Monthly,299,Bengaluru,2026-05-01
11329,2026-04-01,Monthly,299,Bengaluru,
11330,2026-04-01,Monthly,299,Chennai,
11331,2026-04-01,Annual,2499,Delhi,2026-05-01
11332,2026-04-01,Monthly,299,Chennai,
11333,2026-04-01,Annual,2499,Kolkata,
11334,2026-04-01,Monthly,299,Patna,
11335,2026-04-01,Annual,2499,Jaipur,
11336,2026-04-01,Monthly,299,Bengaluru,
11337,2026-04-01,Monthly,299,Hyderabad,
11338,2026-04-01,Monthly,299,Kolkata,
11339,2026-04-01,Monthly,299,Bengaluru,
11340,2026-04-01,Monthly,299,Chennai,
11341,2026-04-01,Monthly,299,Chennai,2026-05-01
11342,2026-04-01,Monthly,299,Delhi,2026-08-01
11343,2026-04-01,Monthly,299,Bengaluru,
11344,2026-04-01,Monthly,299,Kolkata,2026-08-01
11345,2026-04-01,Annual,2499,Kolkata,
11346,2026-04-01,Annual,2499,Bengaluru,
11347,2026-04-01,Annual,2499,Chennai,
11348,2026-04-01,Annual,2499,Chennai,2026-08-01
11349,2026-04-01,Annual,2499,Bengaluru,
11350,2026-04-01,Monthly,299,Patna,2026-07-01
11351,2026-04-01,Monthly,299,Jaipur,
11352,2026-04-01,Monthly,299,Delhi,
11353,2026-04-01,Monthly,299,Bengaluru,
11354,2026-04-01,Monthly,299,Patna,
11355,2026-04-01,Annual,2499,Ahmedabad,
11356,2026-04-01,Annual,2499,Hyderabad,
11357,2026-04-01,Monthly,299,Pune,2026-05-01
11358,2026-04-01,Monthly,299,Hyderabad,
11359,2026-04-01,Monthly,299,Delhi,
11360,2026-04-01,Annual,2499,Ahmedabad,
11361,2026-04-01,Monthly,299,Kolkata,2026-06-01
11362,2026-04-01,Monthly,299,Hyderabad,
11363,2026-04-01,Monthly,299,Kolkata,
11364,2026-04-01,Annual,2499,Patna,
11365,2026-04-01,Annual,2499,Jaipur,
11366,2026-04-01,Monthly,299,Kolkata,
11367,2026-04-01,Monthly,299,Pune,
11368,2026-04-01,Annual,2499,Bengaluru,
11369,2026-04-01,Monthly,299,Kolkata,
11370,2026-04-01,Monthly,299,Delhi,2026-07-01
11371,2026-04-01,Annual,2499,Delhi,
11372,2026-04-01,Monthly,299,Chennai,
11373,2026-04-01,Annual,2499,Kolkata,
11374,2026-04-01,Annual,2499,Hyderabad,
11375,2026-04-01,Annual,2499,Chennai,
11376,2026-04-01,Annual,2499,Mumbai,
11377,2026-04-01,Monthly,299,Hyderabad,
11378,2026-04-01,Monthly,299,Patna,2026-08-01
11379,2026-04-01,Monthly,299,Ahmedabad,
11380,2026-04-01,Monthly,299,Ahmedabad,
11381,2026-04-01,Monthly,299,Chennai,
11382,2026-04-01,Monthly,299,Pune,
11383,2026-04-01,Monthly,299,Chennai,
11384,2026-04-01,Monthly,299,Pune,
11385,2026-04-01,Monthly,299,,
11386,2026-04-01,Monthly,299,Ahmedabad,2026-07-01
11387,2026-04-01,Monthly,299,Patna,
11388,2026-04-01,Annual,2499,Chennai,
11389,2026-04-01,Annual,2499,Ahmedabad,
11390,2026-04-01,Monthly,299,Hyderabad,
11391,2026-04-01,Annual,2499,Hyderabad,
11392,2026-04-01,Annual,2499,Jaipur,
11393,2026-04-01,Monthly,299,Hyderabad,2026-05-01
11394,2026-04-01,Annual,2499,Hyderabad,
11395,2026-04-01,Monthly,299,Ahmedabad,2026-05-01
11396,2026-04-01,Monthly,299,Kolkata,
11397,2026-04-01,Monthly,299,Hyderabad,
11398,2026-04-01,Annual,2499,Ahmedabad,
11399,2026-04-01,Monthly,299,Bengaluru,2026-06-01
11400,2026-04-01,Monthly,299,Pune,2026-06-01
11401,2026-04-01,Annual,2499,Hyderabad,
11402,2026-04-01,Annual,2499,Pune,2026-05-01
11403,2026-04-01,Monthly,299,Bengaluru,
11404,2026-04-01,Monthly,299,Mumbai,
11405,2026-04-01,Annual,2499,Hyderabad,
11406,2026-04-01,Monthly,299,Kolkata,
11407,2026-04-01,Monthly,299,Hyderabad,2026-06-01
11408,2026-04-01,Annual,2499,Chennai,
11409,2026-04-01,Annual,2499,Chennai,
11410,2026-04-01,Monthly,299,Ahmedabad,
11411,2026-04-01,Annual,2499,Kolkata,
11412,2026-04-01,Monthly,299,Bengaluru,
11413,2026-04-01,Annual,2499,Patna,2026-06-01
11414,2026-04-01,Monthly,299,Bengaluru,
11415,2026-04-01,Monthly,299,Chennai,
11416,2026-04-01,Monthly,299,Patna,2026-05-01
11417,2026-04-01,Monthly,299,Jaipur,2026-07-01
11418,2026-04-01,Annual,2499,Kolkata,
11419,2026-04-01,Monthly,299,Kolkata,
11420,2026-04-01,Monthly,299,Pune,2026-06-01
11421,2026-04-01,Monthly,299,Mumbai,2026-06-01
11422,2026-04-01,Annual,2499,Patna,
11423,2026-04-01,Monthly,299,Mumbai,
11424,2026-04-01,Monthly,299,Bengaluru,
11425,2026-04-01,Monthly,299,Pune,
11426,2026-04-01,Monthly,299,Jaipur,2026-06-01
11427,2026-04-01,Monthly,299,Mumbai,
11428,2026-04-01,Monthly,299,Jaipur,
11429,2026-04-01,Annual,2499,Delhi,2026-07-01
11430,2026-04-01,Monthly,299,Pune,
11431,2026-04-01,Monthly,299,Delhi,
11432,2026-04-01,Monthly,299,Pune,2026-05-01
11433,2026-04-01,Monthly,299,Bengaluru,
11434,2026-04-01,Monthly,299,Hyderabad,
11435,2026-04-01,Monthly,299,Hyderabad,
11436,2026-04-01,Annual,2499,Bengaluru,
11437,2026-04-01,Monthly,299,Pune,2026-05-01
11438,2026-04-01,Annual,2499,Hyderabad,
11439,2026-04-01,Monthly,299,Delhi,
11440,2026-04-01,Monthly,299,Kolkata,2026-05-01
11441,2026-04-01,Monthly,299,Chennai,
11442,2026-04-01,Monthly,299,Hyderabad,2026-05-01
11443,2026-04-01,Annual,2499,Ahmedabad,2026-05-01
11444,2026-04-01,Monthly,299,Patna,2026-05-01
11445,2026-04-01,Annual,2499,Delhi,
11446,2026-04-01,Monthly,299,Bengaluru,2026-06-01
11447,2026-04-01,Monthly,299,Chennai,
11448,2026-04-01,Annual,2499,Patna,
11449,2026-04-01,Annual,2499,Pune,
11450,2026-04-01,Annual,2499,Patna,
11451,2026-04-01,Annual,2499,Bengaluru,
11452,2026-04-01,Annual,2499,Bengaluru,
11453,2026-04-01,Monthly,299,Jaipur,2026-07-01
11454,2026-04-01,Monthly,299,Kolkata,
11455,2026-04-01,Annual,2499,Delhi,
11456,2026-04-01,Monthly,299,Pune,2026-08-01
11457,2026-04-01,Annual,2499,Chennai,
11458,2026-04-01,Monthly,299,Chennai,
11459,2026-04-01,Annual,2499,Mumbai,
11460,2026-04-01,Monthly,299,Pune,
11461,2026-04-01,Monthly,299,Hyderabad,
11462,2026-04-01,Annual,2499,Bengaluru,
11463,2026-04-01,Monthly,299,Chennai,
11464,2026-04-01,Monthly,299,Delhi,
11465,2026-04-01,Monthly,299,Delhi,
11466,2026-04-01,Monthly,299,Bengaluru,
11467,2026-04-01,Monthly,299,Hyderabad,2026-06-01
11468,2026-04-01,Annual,2499,Ahmedabad,
11469,2026-04-01,Annual,2499,Ahmedabad,
11470,2026-04-01,Annual,2499,Pune,
11471,2026-04-01,Monthly,299,Hyderabad,
11472,2026-04-01,Monthly,299,Ahmedabad,
11473,2026-04-01,Annual,2499,Pune,
11474,2026-04-01,Monthly,299,Jaipur,
11475,2026-04-01,Annual,2499,Hyderabad,
11476,2026-04-01,Monthly,299,Ahmedabad,
11477,2026-04-01,Annual,2499,Delhi,
11478,2026-04-01,Annual,2499,Patna,2026-06-01
11479,2026-04-01,Monthly,299,Bengaluru,2026-05-01
11480,2026-04-01,Monthly,299,Pune,
11481,2026-04-01,Monthly,299,Chennai,2026-06-01
11482,2026-04-01,Monthly,299,Patna,2026-08-01
11483,2026-04-01,Annual,2499,Jaipur,
11484,2026-04-01,Monthly,299,Ahmedabad,
11485,2026-04-01,Annual,2499,Jaipur,
11486,2026-04-01,Monthly,299,Pune,2026-07-01
11487,2026-04-01,Annual,2499,Mumbai,
11488,2026-04-01,Monthly,299,Mumbai,
11489,2026-04-01,Annual,2499,Jaipur,
11490,2026-04-01,Annual,2499,Bengaluru,
11491,2026-04-01,Annual,2499,Mumbai,
11492,2026-04-01,Annual,2499,Pune,
11493,2026-04-01,Annual,2499,Hyderabad,
11494,2026-04-01,Monthly,299,Jaipur,
11495,2026-04-01,Annual,2499,Hyderabad,
11496,2026-04-01,Monthly,299,Patna,
11497,2026-04-01,Annual,2499,Ahmedabad,
11498,2026-04-01,Annual,2499,Jaipur,
11499,2026-04-01,Monthly,299,Kolkata,
11500,2026-04-01,Monthly,299,Bengaluru,2026-05-01
11501,2026-04-01,Monthly,299,Patna,2026-07-01
11502,2026-04-01,Monthly,299,Chennai,
11503,2026-04-01,Monthly,299,Ahmedabad,2026-07-01
11504,2026-04-01,Monthly,299,Chennai,
11505,2026-04-01,Monthly,299,Jaipur,2026-07-01
11506,2026-04-01,Monthly,299,Kolkata,
11507,2026-04-01,Monthly,299,Mumbai,
11508,2026-04-01,Monthly,299,Patna,
11509,2026-04-01,Monthly,299,Jaipur,
11510,2026-04-01,Monthly,299,Hyderabad,2026-07-01
11511,2026-04-01,Monthly,299,Pune,
11512,2026-04-01,Monthly,299,Patna,2026-05-01
11513,2026-04-01,Annual,2499,Bengaluru,
11514,2026-04-01,Monthly,299,Jaipur,
11515,2026-04-01,Monthly,299,Patna,2026-06-01
11516,2026-04-01,Monthly,299,Bengaluru,
11517,2026-04-01,Monthly,299,Patna,
11518,2026-04-01,Annual,2499,Ahmedabad,
11519,2026-04-01,Monthly,299,Patna,2026-05-01
11520,2026-04-01,Annual,2499,Bengaluru,
11521,2026-04-01,Annual,2499,Hyderabad,
11522,2026-05-01,Monthly,299,Delhi,2026-06-01
11523,2026-05-01,Annual,2499,Pune,
11524,2026-05-01,Monthly,299,Kolkata,
11525,2026-05-01,Monthly,299,Jaipur,
11526,2026-05-01,Monthly,299,Mumbai,
11527,2026-05-01,Monthly,299,Ahmedabad,2026-08-01
11528,2026-05-01,Annual,2499,Ahmedabad,
11529,2026-05-01,Monthly,299,Jaipur,
11530,2026-05-01,Annual,2499,Pune,
11531,2026-05-01,Monthly,299,Ahmedabad,
11532,2026-05-01,Monthly,299,Delhi,
11533,2026-05-01,Monthly,299,Chennai,
11534,2026-05-01,Annual,2499,Bengaluru,
11535,2026-05-01,Monthly,299,Patna,2026-08-01
11536,2026-05-01,Monthly,299,Mumbai,
11537,2026-05-01,Monthly,299,Bengaluru,
11538,2026-05-01,Monthly,299,Delhi,
11539,2026-05-01,Monthly,299,Bengaluru,
11540,2026-05-01,Monthly,299,Bengaluru,
11541,2026-05-01,Monthly,299,Pune,2026-07-01
11542,2026-05-01,Monthly,299,Chennai,
11543,2026-05-01,Monthly,299,Delhi,
11544,2026-05-01,Monthly,299,Ahmedabad,
11545,2026-05-01,Monthly,299,Kolkata,2026-08-01
11546,2026-05-01,Monthly,299,Hyderabad,
11547,2026-05-01,Monthly,299,Hyderabad,2026-07-01
11548,2026-05-01,Monthly,299,Chennai,2026-07-01
11549,2026-05-01,Monthly,299,Bengaluru,2026-06-01
11550,2026-05-01,Annual,2499,Pune,
11551,2026-05-01,Monthly,299,Bengaluru,
11552,2026-05-01,Monthly,299,Ahmedabad,
11553,2026-05-01,Annual,2499,Chennai,
11554,2026-05-01,Monthly,299,Chennai,
11555,2026-05-01,Monthly,299,Ahmedabad,2026-06-01
11556,2026-05-01,Annual,2499,Chennai,
11557,2026-05-01,Monthly,299,Kolkata,
11558,2026-05-01,Annual,2499,Kolkata,
11559,2026-05-01,Monthly,299,Patna,
11560,2026-05-01,Monthly,299,Pune,
11561,2026-05-01,Monthly,299,Kolkata,
11562,2026-05-01,Monthly,299,Chennai,
11563,2026-05-01,Monthly,299,Bengaluru,2026-07-01
11564,2026-05-01,Monthly,299,Patna,
11565,2026-05-01,Monthly,299,Ahmedabad,
11566,2026-05-01,Monthly,299,Pune,
11567,2026-05-01,Monthly,299,Chennai,2026-08-01
11568,2026-05-01,Annual,2499,Hyderabad,
11569,2026-05-01,Monthly,299,Kolkata,2026-08-01
11570,2026-05-01,Monthly,299,Delhi,2026-07-01
11571,2026-05-01,Monthly,299,Hyderabad,
11572,2026-05-01,Monthly,299,Patna,2026-08-01
11573,2026-05-01,Monthly,299,Chennai,
11574,2026-05-01,Annual,2499,Pune,
11575,2026-05-01,Annual,2499,Hyderabad,
11576,2026-05-01,Annual,2499,Delhi,
11577,2026-05-01,Monthly,299,Pune,2026-08-01
11578,2026-05-01,Monthly,299,Patna,2026-06-01
11579,2026-05-01,Monthly,299,Kolkata,2026-06-01
11580,2026-05-01,Monthly,299,Pune,
11581,2026-05-01,Monthly,299,Patna,
11582,2026-05-01,Annual,2499,Delhi,
11583,2026-05-01,Monthly,299,Hyderabad,2026-08-01
11584,2026-05-01,Monthly,299,Ahmedabad,
11585,2026-05-01,Annual,2499,Kolkata,
11586,2026-05-01,Monthly,299,Delhi,
11587,2026-05-01,Monthly,299,Delhi,
11588,2026-05-01,Annual,2499,Delhi,
11589,2026-05-01,Monthly,299,Pune,2026-07-01
11590,2026-05-01,Annual,2499,Ahmedabad,
11591,2026-05-01,Monthly,299,Pune,
11592,2026-05-01,Monthly,299,Chennai,2026-08-01
11593,2026-05-01,Monthly,299,Pune,
11594,2026-05-01,Annual,2499,Ahmedabad,
11595,2026-05-01,Monthly,299,Hyderabad,
11596,2026-05-01,Monthly,299,Chennai,2026-08-01
11597,2026-05-01,Monthly,299,Delhi,2026-06-01
11598,2026-05-01,Monthly,299,Hyderabad,
11599,2026-05-01,Annual,2499,Hyderabad,
11600,2026-05-01,Monthly,299,Delhi,
11601,2026-05-01,Annual,2499,Chennai,
11602,2026-05-01,Monthly,299,Kolkata,2026-06-01
11603,2026-05-01,Monthly,299,Pune,2026-07-01
11604,2026-05-01,Monthly,299,Delhi,
11605,2026-05-01,Monthly,299,Chennai,2026-07-01
11606,2026-05-01,Monthly,299,Kolkata,2026-06-01
11607,2026-05-01,Monthly,299,Delhi,
11608,2026-05-01,Monthly,299,Patna,2026-06-01
11609,2026-05-01,Monthly,299,Ahmedabad,2026-06-01
11610,2026-05-01,Annual,2499,Chennai,
11611,2026-05-01,Monthly,299,Hyderabad,
11612,2026-05-01,Monthly,299,Patna,
11613,2026-05-01,Monthly,299,Jaipur,
11614,2026-05-01,Annual,2499,Patna,
11615,2026-05-01,Annual,2499,Patna,
11616,2026-05-01,Monthly,299,Jaipur,
11617,2026-05-01,Monthly,299,Chennai,2026-06-01
11618,2026-05-01,Annual,2499,Ahmedabad,
11619,2026-05-01,Annual,2499,Delhi,
11620,2026-05-01,Monthly,299,Chennai,
11621,2026-05-01,Annual,2499,Bengaluru,
11622,2026-05-01,Monthly,299,Kolkata,
11623,2026-05-01,Monthly,299,Pune,
11624,2026-05-01,Monthly,299,Kolkata,
11625,2026-05-01,Annual,2499,Hyderabad,
11626,2026-05-01,Annual,2499,Mumbai,
11627,2026-05-01,Monthly,299,Pune,2026-08-01
11628,2026-05-01,Monthly,299,Bengaluru,2026-07-01
11629,2026-05-01,Annual,2499,Chennai,
11630,2026-05-01,Monthly,299,Mumbai,2026-08-01
11631,2026-05-01,Monthly,299,Chennai,2026-08-01
11632,2026-05-01,Monthly,299,Bengaluru,
11633,2026-05-01,Monthly,299,Ahmedabad,2026-06-01
11634,2026-05-01,Monthly,299,Kolkata,
11635,2026-05-01,Monthly,299,Hyderabad,2026-06-01
11636,2026-05-01,Monthly,299,Ahmedabad,
11637,2026-05-01,Monthly,299,Chennai,
11638,2026-05-01,Annual,2499,Delhi,
11639,2026-05-01,Annual,2499,Bengaluru,
11640,2026-05-01,Monthly,299,Pune,
11641,2026-05-01,Monthly,299,Delhi,
11642,2026-05-01,Monthly,299,Mumbai,
11643,2026-05-01,Monthly,299,Hyderabad,
11644,2026-05-01,Monthly,299,Hyderabad,
11645,2026-05-01,Monthly,299,Pune,
11646,2026-05-01,Annual,2499,Mumbai,
11647,2026-05-01,Annual,2499,Ahmedabad,
11648,2026-05-01,Monthly,299,Chennai,
11649,2026-05-01,Monthly,299,Mumbai,
11650,2026-05-01,Monthly,299,Bengaluru,2026-06-01
11651,2026-05-01,Monthly,299,Chennai,
11652,2026-05-01,Monthly,299,Ahmedabad,
11653,2026-05-01,Annual,2499,Chennai,
11654,2026-05-01,Annual,2499,Bengaluru,
11655,2026-05-01,Annual,2499,Bengaluru,
11656,2026-05-01,Monthly,299,Patna,2026-07-01
11657,2026-05-01,Annual,2499,Chennai,
11658,2026-05-01,Monthly,299,Jaipur,
11659,2026-05-01,Monthly,299,Chennai,
11660,2026-05-01,Monthly,299,Delhi,
11661,2026-05-01,Monthly,299,Ahmedabad,
11662,2026-05-01,Monthly,299,Delhi,
11663,2026-05-01,Monthly,299,Kolkata,
11664,2026-05-01,Monthly,299,Pune,
11665,2026-05-01,Monthly,299,Jaipur,
11666,2026-05-01,Monthly,299,Hyderabad,
11667,2026-05-01,Annual,2499,Jaipur,
11668,2026-05-01,Monthly,299,Chennai,2026-07-01
11669,2026-05-01,Annual,2499,Kolkata,2026-08-01
11670,2026-05-01,Annual,2499,Chennai,
11671,2026-05-01,Monthly,299,Jaipur,
11672,2026-05-01,Monthly,299,Delhi,
11673,2026-05-01,Annual,2499,Hyderabad,
11674,2026-05-01,Monthly,299,Delhi,
11675,2026-05-01,Annual,2499,Bengaluru,
11676,2026-05-01,Annual,2499,Chennai,
11677,2026-05-01,Monthly,299,Jaipur,
11678,2026-05-01,Annual,2499,Pune,
11679,2026-05-01,Monthly,299,Patna,
11680,2026-05-01,Annual,2499,Ahmedabad,
11681,2026-05-01,Annual,2499,Ahmedabad,
11682,2026-05-01,Monthly,299,Pune,
11683,2026-05-01,Monthly,299,Kolkata,2026-08-01
11684,2026-05-01,Monthly,299,Patna,2026-07-01
11685,2026-05-01,Annual,2499,Delhi,
11686,2026-05-01,Annual,2499,Delhi,
11687,2026-05-01,Monthly,299,Delhi,
11688,2026-05-01,Annual,2499,Patna,
11689,2026-05-01,Monthly,299,Jaipur,2026-06-01
11690,2026-05-01,Monthly,299,Bengaluru,
11691,2026-05-01,Monthly,299,Mumbai,
11692,2026-05-01,Monthly,299,Mumbai,
11693,2026-05-01,Monthly,299,Chennai,
11694,2026-05-01,Monthly,299,Mumbai,
11695,2026-05-01,Monthly,299,Ahmedabad,
11696,2026-05-01,Monthly,299,Ahmedabad,
11697,2026-05-01,Monthly,299,Hyderabad,
11698,2026-05-01,Monthly,299,Hyderabad,2026-06-01
11699,2026-05-01,Annual,2499,Patna,
11700,2026-05-01,Annual,2499,Hyderabad,
11701,2026-05-01,Annual,2499,Pune,
11702,2026-05-01,Monthly,299,Pune,
11703,2026-05-01,Annual,2499,Patna,
11704,2026-05-01,Annual,2499,Ahmedabad,
11705,2026-05-01,Monthly,299,Delhi,2026-08-01
11706,2026-05-01,Monthly,299,Jaipur,2026-06-01
11707,2026-05-01,Annual,2499,Patna,
11708,2026-05-01,Monthly,299,Bengaluru,
11709,2026-05-01,Annual,2499,Pune,
11710,2026-05-01,Monthly,299,Hyderabad,
11711,2026-05-01,Monthly,299,Ahmedabad,2026-07-01
11712,2026-05-01,Monthly,299,Patna,2026-08-01
11713,2026-05-01,Monthly,299,Hyderabad,
11714,2026-05-01,Monthly,299,Mumbai,2026-06-01
11715,2026-05-01,Annual,2499,Delhi,
11716,2026-05-01,Annual,2499,Ahmedabad,
11717,2026-05-01,Monthly,299,Ahmedabad,2026-06-01
11718,2026-05-01,Monthly,299,Hyderabad,2026-07-01
11719,2026-05-01,Annual,2499,Ahmedabad,
11720,2026-05-01,Monthly,299,Jaipur,
11721,2026-05-01,Monthly,299,Kolkata,2026-08-01
11722,2026-05-01,Monthly,299,Pune,
11723,2026-05-01,Monthly,299,Pune,
11724,2026-05-01,Monthly,299,Delhi,
11725,2026-05-01,Monthly,299,Mumbai,2026-08-01
11726,2026-05-01,Monthly,299,Kolkata,
11727,2026-05-01,Annual,2499,Mumbai,
11728,2026-05-01,Monthly,299,Chennai,
11729,2026-05-01,Annual,2499,Mumbai,
11730,2026-05-01,Annual,2499,Patna,
11731,2026-05-01,Annual,2499,Mumbai,
11732,2026-05-01,Monthly,299,Chennai,
11733,2026-05-01,Annual,2499,Bengaluru,
11734,2026-05-01,Annual,2499,Chennai,
11735,2026-05-01,Monthly,299,Ahmedabad,
11736,2026-05-01,Monthly,299,Hyderabad,
11737,2026-05-01,Monthly,299,Jaipur,2026-07-01
11738,2026-05-01,Annual,2499,Jaipur,
11739,2026-05-01,Monthly,299,Patna,
11740,2026-05-01,Monthly,299,Ahmedabad,
11741,2026-05-01,Monthly,299,Jaipur,
11742,2026-05-01,Annual,2499,Jaipur,
11743,2026-05-01,Annual,2499,Pune,
11744,2026-05-01,Monthly,299,Patna,
11745,2026-05-01,Annual,2499,Mumbai,
11746,2026-05-01,Monthly,299,Patna,
11747,2026-05-01,Annual,2499,Kolkata,
11748,2026-05-01,Monthly,299,Patna,
11749,2026-05-01,Monthly,299,Mumbai,2026-06-01
11750,2026-05-01,Monthly,299,Hyderabad,
11751,2026-05-01,Annual,2499,Patna,
11752,2026-05-01,Monthly,299,Bengaluru,
11753,2026-05-01,Annual,2499,Chennai,
11754,2026-05-01,Annual,2499,Jaipur,
11755,2026-05-01,Monthly,299,Mumbai,
11756,2026-05-01,Monthly,299,Chennai,2026-06-01
11757,2026-05-01,Monthly,299,Ahmedabad,2026-06-01
11758,2026-05-01,Monthly,299,Patna,2026-07-01
11759,2026-05-01,Annual,2499,Patna,
11760,2026-05-01,Annual,2499,Jaipur,
11761,2026-05-01,Monthly,299,Ahmedabad,2026-06-01
11762,2026-05-01,Monthly,299,Pune,
11763,2026-05-01,Monthly,299,Kolkata,
11764,2026-05-01,Monthly,299,Pune,
11765,2026-05-01,Monthly,299,Patna,
11766,2026-05-01,Monthly,299,Bengaluru,
11767,2026-05-01,Monthly,299,Pune,
11768,2026-05-01,Monthly,299,Delhi,
11769,2026-05-01,Monthly,299,Mumbai,
11770,2026-05-01,Monthly,299,Mumbai,
11771,2026-05-01,Monthly,299,Jaipur,
11772,2026-05-01,Annual,2499,Pune,
11773,2026-05-01,Monthly,299,Kolkata,
11774,2026-05-01,Monthly,299,Chennai,
11775,2026-05-01,Monthly,299,Hyderabad,
11776,2026-05-01,Monthly,299,Jaipur,
11777,2026-05-01,Annual,2499,Chennai,2026-07-01
11778,2026-05-01,Monthly,299,Pune,2026-06-01
11779,2026-05-01,Annual,2499,Ahmedabad,
11780,2026-05-01,Annual,2499,Mumbai,
11781,2026-05-01,Monthly,299,Mumbai,2026-06-01
11782,2026-05-01,Monthly,299,Delhi,
11783,2026-05-01,Annual,2499,Kolkata,
11784,2026-05-01,Monthly,299,Mumbai,
11785,2026-05-01,Annual,2499,Delhi,2026-06-01
11786,2026-05-01,Monthly,299,Patna,2026-08-01
11787,2026-05-01,Monthly,299,Pune,
11788,2026-05-01,Annual,2499,Chennai,
11789,2026-05-01,Monthly,299,Delhi,2026-06-01
11790,2026-05-01,Annual,2499,Ahmedabad,
11791,2026-05-01,Monthly,299,Delhi,
11792,2026-05-01,Monthly,299,Jaipur,
11793,2026-05-01,Monthly,299,Kolkata,2026-06-01
11794,2026-05-01,Monthly,299,Pune,2026-07-01
11795,2026-05-01,Monthly,299,Mumbai,
11796,2026-05-01,Monthly,299,Jaipur,
11797,2026-05-01,Annual,2499,Mumbai,
11798,2026-05-01,Annual,2499,Hyderabad,
11799,2026-05-01,Annual,2499,Bengaluru,
11800,2026-05-01,Monthly,299,Jaipur,
11801,2026-05-01,Annual,2499,Hyderabad,
11802,2026-05-01,Monthly,299,Jaipur,
11803,2026-05-01,Annual,2499,Jaipur,
11804,2026-05-01,Monthly,299,Delhi,
11805,2026-05-01,Monthly,299,Jaipur,2026-06-01
11806,2026-05-01,Monthly,299,Bengaluru,2026-08-01
11807,2026-05-01,Monthly,299,Chennai,
11808,2026-05-01,Monthly,299,Hyderabad,
11809,2026-05-01,Monthly,299,Pune,
11810,2026-05-01,Monthly,299,Kolkata,2026-08-01
11811,2026-05-01,Monthly,299,Chennai,
11812,2026-05-01,Annual,2499,Mumbai,2026-06-01
11813,2026-05-01,Monthly,299,,
11814,2026-05-01,Annual,2499,Ahmedabad,
11815,2026-05-01,Annual,2499,Chennai,
11816,2026-05-01,Monthly,299,Kolkata,
11817,2026-05-01,Monthly,299,Jaipur,2026-06-01
11818,2026-05-01,Annual,2499,Hyderabad,
11819,2026-05-01,Annual,2499,Jaipur,
11820,2026-05-01,Annual,2499,Mumbai,2026-06-01
11821,2026-05-01,Monthly,299,Bengaluru,
11822,2026-05-01,Annual,2499,Hyderabad,
11823,2026-05-01,Annual,2499,Mumbai,
11824,2026-05-01,Monthly,299,Delhi,2026-08-01
11825,2026-05-01,Monthly,299,Bengaluru,2026-06-01
11826,2026-05-01,Monthly,299,Ahmedabad,
11827,2026-05-01,Annual,2499,Ahmedabad,
11828,2026-05-01,Annual,2499,Ahmedabad,
11829,2026-05-01,Monthly,299,Jaipur,2026-06-01
11830,2026-05-01,Annual,2499,Ahmedabad,
11831,2026-05-01,Monthly,299,Ahmedabad,2026-07-01
11832,2026-05-01,Annual,2499,Pune,
11833,2026-05-01,Annual,2499,Pune,
11834,2026-05-01,Annual,2499,Ahmedabad,
11835,2026-05-01,Monthly,299,Delhi,
11836,2026-05-01,Annual,2499,Chennai,
11837,2026-05-01,Monthly,299,Ahmedabad,
11838,2026-05-01,Monthly,299,Jaipur,2026-06-01
11839,2026-05-01,Annual,2499,Kolkata,
11840,2026-05-01,Monthly,299,Jaipur,2026-07-01
11841,2026-05-01,Monthly,299,Mumbai,
11842,2026-05-01,Monthly,299,Kolkata,
11843,2026-05-01,Monthly,299,Chennai,2026-08-01
11844,2026-05-01,Monthly,299,Bengaluru,
11845,2026-05-01,Monthly,299,Ahmedabad,
11846,2026-05-01,Monthly,299,Ahmedabad,
11847,2026-05-01,Annual,2499,Patna,
11848,2026-05-01,Monthly,299,Hyderabad,
11849,2026-05-01,Annual,2499,Delhi,
11850,2026-05-01,Monthly,299,Bengaluru,
11851,2026-05-01,Monthly,299,Kolkata,
11852,2026-05-01,Annual,2499,Pune,2026-06-01
11853,2026-05-01,Monthly,299,Pune,
11854,2026-05-01,Monthly,299,Mumbai,2026-06-01
11855,2026-05-01,Monthly,299,Kolkata,
11856,2026-05-01,Monthly,299,Delhi,
11857,2026-05-01,Monthly,299,Ahmedabad,
11858,2026-05-01,Monthly,299,Hyderabad,2026-06-01
11859,2026-05-01,Annual,2499,Delhi,
11860,2026-05-01,Monthly,299,Patna,
11861,2026-05-01,Monthly,299,Hyderabad,
11862,2026-05-01,Annual,2499,Hyderabad,
11863,2026-05-01,Annual,2499,Patna,2026-06-01
11864,2026-05-01,Monthly,299,Pune,2026-06-01
11865,2026-05-01,Monthly,299,Patna,
11866,2026-05-01,Monthly,299,Chennai,
11867,2026-05-01,Monthly,299,Ahmedabad,
11868,2026-05-01,Monthly,299,Mumbai,
11869,2026-05-01,Monthly,299,Jaipur,
11870,2026-05-01,Annual,2499,Kolkata,
11871,2026-05-01,Monthly,299,Hyderabad,
11872,2026-05-01,Annual,2499,Ahmedabad,2026-08-01
11873,2026-05-01,Monthly,299,Mumbai,2026-06-01
11874,2026-05-01,Monthly,299,Ahmedabad,
11875,2026-05-01,Monthly,299,Kolkata,
11876,2026-05-01,Monthly,299,Hyderabad,
11877,2026-05-01,Monthly,299,Kolkata,
11878,2026-05-01,Monthly,299,Jaipur,
11879,2026-05-01,Annual,2499,Patna,
11880,2026-05-01,Monthly,299,Jaipur,
11881,2026-05-01,Monthly,299,Chennai,
11882,2026-05-01,Monthly,299,Bengaluru,2026-07-01
11883,2026-05-01,Monthly,299,Ahmedabad,
11884,2026-05-01,Annual,2499,Delhi,
11885,2026-05-01,Annual,2499,Kolkata,
11886,2026-05-01,Annual,2499,Chennai,
11887,2026-05-01,Monthly,299,Jaipur,
11888,2026-05-01,Monthly,299,Kolkata,
11889,2026-05-01,Monthly,299,Jaipur,
11890,2026-05-01,Monthly,299,Mumbai,
11891,2026-05-01,Monthly,299,Patna,
11892,2026-05-01,Monthly,299,Kolkata,
11893,2026-05-01,Monthly,299,Delhi,
11894,2026-05-01,Monthly,299,Mumbai,
11895,2026-05-01,Monthly,299,Jaipur,
11896,2026-05-01,Monthly,299,Hyderabad,
11897,2026-05-01,Monthly,299,Mumbai,
11898,2026-05-01,Monthly,299,Jaipur,2026-06-01
11899,2026-05-01,Monthly,299,Hyderabad,
11900,2026-05-01,Annual,2499,Mumbai,
11901,2026-05-01,Monthly,299,Delhi,
11902,2026-05-01,Annual,2499,Delhi,
11903,2026-05-01,Monthly,299,Hyderabad,
11904,2026-05-01,Annual,2499,Pune,
11905,2026-05-01,Annual,2499,Bengaluru,
11906,2026-05-01,Annual,2499,Mumbai,
11907,2026-05-01,Monthly,299,Patna,
11908,2026-05-01,Monthly,299,Pune,2026-07-01
11909,2026-05-01,Monthly,299,Kolkata,2026-07-01
11910,2026-05-01,Monthly,299,Hyderabad,2026-06-01
11911,2026-05-01,Annual,2499,Pune,
11912,2026-05-01,Monthly,299,Mumbai,
11913,2026-05-01,Annual,2499,Delhi,
11914,2026-05-01,Monthly,299,Hyderabad,2026-06-01
11915,2026-05-01,Monthly,299,Ahmedabad,
11916,2026-05-01,Annual,2499,Pune,2026-08-01
11917,2026-05-01,Monthly,299,Patna,
11918,2026-05-01,Annual,2499,Ahmedabad,
11919,2026-05-01,Annual,2499,Patna,
11920,2026-05-01,Monthly,299,Chennai,2026-07-01
11921,2026-05-01,Annual,2499,Jaipur,2026-06-01
11922,2026-05-01,Annual,2499,Chennai,
11923,2026-05-01,Monthly,299,Kolkata,
11924,2026-05-01,Monthly,299,Jaipur,
11925,2026-05-01,Monthly,299,Chennai,
11926,2026-05-01,Monthly,299,Ahmedabad,
11927,2026-05-01,Annual,2499,Hyderabad,
11928,2026-05-01,Annual,2499,Pune,
11929,2026-05-01,Annual,2499,Patna,
11930,2026-05-01,Monthly,299,Bengaluru,
11931,2026-05-01,Annual,2499,Mumbai,
11932,2026-05-01,Monthly,299,Hyderabad,
11933,2026-05-01,Annual,2499,Pune,
11934,2026-05-01,Monthly,299,Delhi,
11935,2026-05-01,Monthly,299,Patna,
11936,2026-05-01,Monthly,299,Jaipur,
11937,2026-05-01,Monthly,299,Patna,
11938,2026-05-01,Monthly,299,Jaipur,
11939,2026-05-01,Monthly,299,Kolkata,2026-06-01
11940,2026-05-01,Monthly,299,Delhi,
11941,2026-05-01,Monthly,299,Kolkata,
11942,2026-05-01,Monthly,299,Bengaluru,2026-07-01
11943,2026-05-01,Monthly,299,Mumbai,
11944,2026-05-01,Monthly,299,Patna,
11945,2026-05-01,Monthly,299,Kolkata,2026-06-01
11946,2026-05-01,Annual,2499,Bengaluru,2026-07-01
11947,2026-05-01,Monthly,299,Chennai,
11948,2026-05-01,Annual,2499,Chennai,
11949,2026-05-01,Annual,2499,Kolkata,
11950,2026-05-01,Annual,2499,Chennai,
11951,2026-05-01,Monthly,299,Chennai,
11952,2026-05-01,Monthly,299,Bengaluru,
11953,2026-05-01,Monthly,299,Mumbai,
11954,2026-05-01,Monthly,299,Bengaluru,
11955,2026-05-01,Monthly,299,Kolkata,2026-06-01
11956,2026-05-01,Annual,2499,Patna,
11957,2026-05-01,Monthly,299,Mumbai,2026-07-01
11958,2026-05-01,Annual,2499,Jaipur,
11959,2026-05-01,Annual,2499,Patna,
11960,2026-05-01,Monthly,299,Jaipur,2026-08-01
11961,2026-05-01,Monthly,299,Ahmedabad,2026-06-01
11962,2026-05-01,Monthly,299,Hyderabad,
11963,2026-05-01,Monthly,299,Jaipur,
11964,2026-05-01,Monthly,299,Bengaluru,
11965,2026-05-01,Annual,2499,Delhi,
11966,2026-05-01,Monthly,299,Jaipur,
11967,2026-05-01,Annual,2499,Kolkata,2026-07-01
11968,2026-05-01,Annual,2499,Delhi,
11969,2026-05-01,Annual,2499,Pune,
11970,2026-05-01,Annual,2499,Bengaluru,
11971,2026-05-01,Monthly,299,Bengaluru,
11972,2026-05-01,Annual,2499,Kolkata,
11973,2026-05-01,Annual,2499,Ahmedabad,
11974,2026-05-01,Monthly,299,,
11975,2026-05-01,Annual,2499,Patna,
11976,2026-05-01,Annual,2499,Mumbai,
11977,2026-05-01,Monthly,299,Patna,2026-08-01
11978,2026-05-01,Monthly,299,Chennai,
11979,2026-05-01,Monthly,299,Pune,2026-06-01
11980,2026-05-01,Annual,2499,Bengaluru,
11981,2026-05-01,Monthly,299,Kolkata,
11982,2026-05-01,Monthly,299,Delhi,
11983,2026-05-01,Annual,2499,Pune,
11984,2026-05-01,Monthly,299,Ahmedabad,2026-08-01
11985,2026-05-01,Monthly,299,Hyderabad,2026-07-01
11986,2026-05-01,Monthly,299,Mumbai,
11987,2026-05-01,Monthly,299,Kolkata,
11988,2026-05-01,Monthly,299,Kolkata,
11989,2026-05-01,Annual,2499,Hyderabad,
11990,2026-05-01,Monthly,299,Delhi,
11991,2026-05-01,Annual,2499,Bengaluru,2026-07-01
11992,2026-05-01,Monthly,299,Bengaluru,2026-08-01
11993,2026-05-01,Monthly,299,Mumbai,2026-08-01
11994,2026-05-01,Monthly,299,Patna,
11995,2026-05-01,Monthly,299,Hyderabad,
11996,2026-05-01,Annual,2499,Jaipur,
11997,2026-05-01,Monthly,299,Ahmedabad,2026-07-01
11998,2026-05-01,Monthly,299,Bengaluru,
11999,2026-05-01,Annual,2499,Bengaluru,
12000,2026-05-01,Monthly,299,Patna,
12001,2026-05-01,Monthly,299,Hyderabad,
12002,2026-05-01,Monthly,299,Jaipur,2026-07-01
12003,2026-05-01,Monthly,299,Patna,
12004,2026-05-01,Annual,2499,Ahmedabad,
12005,2026-05-01,Monthly,299,Bengaluru,2026-07-01
12006,2026-05-01,Monthly,299,Pune,2026-08-01
12007,2026-05-01,Monthly,299,Chennai,
12008,2026-05-01,Monthly,299,Kolkata,
12009,2026-05-01,Annual,2499,Patna,
12010,2026-05-01,Monthly,299,Kolkata,
12011,2026-05-01,Monthly,299,Patna,
12012,2026-05-01,Monthly,299,Delhi,
12013,2026-05-01,Monthly,299,Mumbai,2026-06-01
12014,2026-05-01,Annual,2499,Bengaluru,
12015,2026-05-01,Annual,2499,Kolkata,
12016,2026-05-01,Monthly,299,Bengaluru,
12017,2026-05-01,Monthly,299,Mumbai,
12018,2026-05-01,Monthly,299,Pune,2026-06-01
12019,2026-05-01,Annual,2499,Ahmedabad,
12020,2026-05-01,Annual,2499,Jaipur,
12021,2026-05-01,Monthly,299,Mumbai,2026-07-01
12022,2026-05-01,Monthly,299,Bengaluru,2026-06-01
12023,2026-05-01,Annual,2499,Ahmedabad,
12024,2026-05-01,Monthly,299,Bengaluru,
12025,2026-05-01,Annual,2499,Kolkata,
12026,2026-05-01,Monthly,299,Chennai,2026-07-01
12027,2026-05-01,Monthly,299,Bengaluru,
12028,2026-05-01,Monthly,299,Pune,
12029,2026-05-01,Monthly,299,Pune,2026-06-01
12030,2026-05-01,Annual,2499,Chennai,2026-06-01
12031,2026-05-01,Monthly,299,Bengaluru,
12032,2026-05-01,Annual,2499,Pune,
12033,2026-05-01,Annual,2499,Kolkata,
12034,2026-05-01,Monthly,299,Bengaluru,
12035,2026-05-01,Annual,2499,Pune,
12036,2026-05-01,Monthly,299,Delhi,
12037,2026-05-01,Annual,2499,Bengaluru,
12038,2026-05-01,Monthly,299,Pune,
12039,2026-05-01,Annual,2499,Delhi,
12040,2026-05-01,Monthly,299,Jaipur,
12041,2026-05-01,Monthly,299,Mumbai,
12042,2026-05-01,Annual,2499,Delhi,
12043,2026-05-01,Annual,2499,Patna,
12044,2026-05-01,Annual,2499,Ahmedabad,
12045,2026-05-01,Monthly,299,Kolkata,
12046,2026-05-01,Monthly,299,Delhi,
12047,2026-05-01,Monthly,299,Delhi,2026-07-01
12048,2026-05-01,Monthly,299,Chennai,
12049,2026-05-01,Monthly,299,Chennai,
12050,2026-05-01,Monthly,299,Bengaluru,
12051,2026-05-01,Annual,2499,Kolkata,
12052,2026-05-01,Monthly,299,Mumbai,2026-07-01
12053,2026-05-01,Annual,2499,Hyderabad,
12054,2026-05-01,Monthly,299,Mumbai,
12055,2026-05-01,Annual,2499,Ahmedabad,
12056,2026-05-01,Monthly,299,Kolkata,
12057,2026-05-01,Monthly,299,Delhi,2026-07-01
12058,2026-05-01,Monthly,299,Kolkata,
12059,2026-05-01,Annual,2499,Mumbai,
12060,2026-05-01,Annual,2499,Ahmedabad,
12061,2026-05-01,Annual,2499,Bengaluru,2026-06-01
12062,2026-05-01,Monthly,299,Chennai,
12063,2026-05-01,Monthly,299,Ahmedabad,
12064,2026-05-01,Monthly,299,Hyderabad,
12065,2026-05-01,Monthly,299,Ahmedabad,
12066,2026-05-01,Annual,2499,Hyderabad,
12067,2026-05-01,Annual,2499,Chennai,
12068,2026-05-01,Monthly,299,Kolkata,2026-06-01
12069,2026-05-01,Monthly,299,Ahmedabad,2026-08-01
12070,2026-05-01,Monthly,299,Pune,
12071,2026-05-01,Monthly,299,Bengaluru,
12072,2026-05-01,Monthly,299,Ahmedabad,
12073,2026-05-01,Monthly,299,Mumbai,
12074,2026-05-01,Monthly,299,Pune,2026-07-01
12075,2026-05-01,Monthly,299,Patna,2026-08-01
12076,2026-05-01,Monthly,299,Chennai,
12077,2026-05-01,Monthly,299,Ahmedabad,
12078,2026-05-01,Monthly,299,Pune,
12079,2026-05-01,Monthly,299,Chennai,
12080,2026-05-01,Annual,2499,Bengaluru,
12081,2026-05-01,Annual,2499,Ahmedabad,
12082,2026-05-01,Monthly,299,Delhi,
12083,2026-05-01,Monthly,299,Patna,
12084,2026-05-01,Monthly,299,Hyderabad,
12085,2026-05-01,Monthly,299,Chennai,2026-06-01
12086,2026-05-01,Monthly,299,Kolkata,2026-08-01
12087,2026-05-01,Annual,2499,Hyderabad,
12088,2026-05-01,Monthly,299,Delhi,2026-07-01
12089,2026-05-01,Annual,2499,,
12090,2026-05-01,Monthly,299,Patna,2026-08-01
12091,2026-05-01,Monthly,299,Kolkata,2026-06-01
12092,2026-05-01,Annual,2499,Hyderabad,
12093,2026-05-01,Annual,2499,Ahmedabad,
12094,2026-05-01,Annual,2499,Jaipur,
12095,2026-05-01,Monthly,299,Bengaluru,2026-07-01
12096,2026-05-01,Monthly,299,Chennai,
12097,2026-05-01,Monthly,299,Hyderabad,
12098,2026-05-01,Monthly,299,Pune,2026-08-01
12099,2026-05-01,Annual,2499,Ahmedabad,
12100,2026-05-01,Annual,2499,Hyderabad,
12101,2026-05-01,Monthly,299,Mumbai,
12102,2026-05-01,Monthly,299,Pune,
12103,2026-05-01,Monthly,299,Patna,
12104,2026-05-01,Monthly,299,Ahmedabad,
12105,2026-05-01,Annual,2499,Kolkata,2026-07-01
12106,2026-05-01,Monthly,299,Hyderabad,
12107,2026-05-01,Monthly,299,Jaipur,
12108,2026-05-01,Annual,2499,Jaipur,
12109,2026-05-01,Monthly,299,Patna,
12110,2026-05-01,Monthly,299,Delhi,2026-06-01
12111,2026-05-01,Monthly,299,Mumbai,
12112,2026-05-01,Monthly,299,Bengaluru,
12113,2026-05-01,Monthly,299,Pune,2026-06-01
12114,2026-05-01,Annual,2499,Patna,
12115,2026-05-01,Annual,2499,Mumbai,
12116,2026-05-01,Monthly,299,Ahmedabad,
12117,2026-05-01,Monthly,299,Ahmedabad,
12118,2026-05-01,Monthly,299,Kolkata,
12119,2026-05-01,Monthly,299,Hyderabad,
12120,2026-05-01,Monthly,299,Pune,
12121,2026-05-01,Monthly,299,Delhi,
12122,2026-05-01,Monthly,299,Hyderabad,
12123,2026-06-01,Monthly,299,Kolkata,2026-08-01
12124,2026-06-01,Monthly,299,Ahmedabad,2026-07-01
12125,2026-06-01,Monthly,299,Bengaluru,
12126,2026-06-01,Annual,2499,Bengaluru,
12127,2026-06-01,Monthly,299,Hyderabad,
12128,2026-06-01,Monthly,299,Jaipur,
12129,2026-06-01,Monthly,299,Delhi,
12130,2026-06-01,Monthly,299,Delhi,
12131,2026-06-01,Annual,2499,Bengaluru,
12132,2026-06-01,Annual,2499,Pune,
12133,2026-06-01,Monthly,299,Jaipur,
12134,2026-06-01,Monthly,299,Pune,
12135,2026-06-01,Monthly,299,Kolkata,
12136,2026-06-01,Annual,2499,Patna,
12137,2026-06-01,Monthly,299,Delhi,2026-07-01
12138,2026-06-01,Monthly,299,Ahmedabad,
12139,2026-06-01,Monthly,299,Jaipur,
12140,2026-06-01,Monthly,299,Chennai,
12141,2026-06-01,Monthly,299,Chennai,
12142,2026-06-01,Monthly,299,Delhi,
12143,2026-06-01,Monthly,299,Delhi,
12144,2026-06-01,Monthly,299,Ahmedabad,
12145,2026-06-01,Annual,2499,Ahmedabad,
12146,2026-06-01,Monthly,299,Hyderabad,
12147,2026-06-01,Annual,2499,Patna,2026-07-01
12148,2026-06-01,Annual,2499,Hyderabad,
12149,2026-06-01,Annual,2499,Mumbai,
12150,2026-06-01,Monthly,299,Mumbai,2026-07-01
12151,2026-06-01,Monthly,299,Kolkata,
12152,2026-06-01,Monthly,299,Jaipur,
12153,2026-06-01,Monthly,299,Jaipur,
12154,2026-06-01,Monthly,299,Bengaluru,2026-07-01
12155,2026-06-01,Monthly,299,Pune,
12156,2026-06-01,Monthly,299,Hyderabad,
12157,2026-06-01,Annual,2499,Kolkata,
12158,2026-06-01,Monthly,299,Bengaluru,2026-07-01
12159,2026-06-01,Monthly,299,Hyderabad,
12160,2026-06-01,Monthly,299,Bengaluru,2026-07-01
12161,2026-06-01,Monthly,299,Ahmedabad,
12162,2026-06-01,Monthly,299,Kolkata,
12163,2026-06-01,Monthly,299,Pune,
12164,2026-06-01,Monthly,299,Kolkata,
12165,2026-06-01,Annual,2499,Chennai,
12166,2026-06-01,Annual,2499,Patna,
12167,2026-06-01,Annual,2499,Delhi,
12168,2026-06-01,Annual,2499,Patna,2026-08-01
12169,2026-06-01,Monthly,299,Bengaluru,2026-07-01
12170,2026-06-01,Monthly,299,Jaipur,
12171,2026-06-01,Monthly,299,Mumbai,2026-07-01
12172,2026-06-01,Monthly,299,Jaipur,
12173,2026-06-01,Monthly,299,Pune,
12174,2026-06-01,Annual,2499,Chennai,
12175,2026-06-01,Monthly,299,Ahmedabad,
12176,2026-06-01,Monthly,299,Ahmedabad,
12177,2026-06-01,Monthly,299,Mumbai,
12178,2026-06-01,Monthly,299,Mumbai,
12179,2026-06-01,Annual,2499,Hyderabad,
12180,2026-06-01,Monthly,299,Ahmedabad,
12181,2026-06-01,Monthly,299,,
12182,2026-06-01,Annual,2499,Hyderabad,
12183,2026-06-01,Monthly,299,Patna,
12184,2026-06-01,Monthly,299,Mumbai,
12185,2026-06-01,Annual,2499,Jaipur,2026-07-01
12186,2026-06-01,Monthly,299,Kolkata,
12187,2026-06-01,Annual,2499,Ahmedabad,2026-07-01
12188,2026-06-01,Monthly,299,Jaipur,
12189,2026-06-01,Annual,2499,Mumbai,
12190,2026-06-01,Annual,2499,Bengaluru,
12191,2026-06-01,Monthly,299,Hyderabad,
12192,2026-06-01,Annual,2499,Pune,
12193,2026-06-01,Annual,2499,Ahmedabad,
12194,2026-06-01,Annual,2499,Patna,
12195,2026-06-01,Annual,2499,Jaipur,
12196,2026-06-01,Monthly,299,Ahmedabad,
12197,2026-06-01,Annual,2499,Kolkata,
12198,2026-06-01,Annual,2499,Mumbai,2026-07-01
12199,2026-06-01,Monthly,299,Ahmedabad,
12200,2026-06-01,Monthly,299,Kolkata,2026-08-01
12201,2026-06-01,Annual,2499,Delhi,
12202,2026-06-01,Monthly,299,Patna,2026-08-01
12203,2026-06-01,Annual,2499,Pune,
12204,2026-06-01,Monthly,299,Mumbai,
12205,2026-06-01,Monthly,299,Jaipur,
12206,2026-06-01,Monthly,299,Patna,
12207,2026-06-01,Monthly,299,Patna,2026-08-01
12208,2026-06-01,Annual,2499,Mumbai,
12209,2026-06-01,Monthly,299,Jaipur,
12210,2026-06-01,Annual,2499,Chennai,
12211,2026-06-01,Monthly,299,Pune,2026-07-01
12212,2026-06-01,Monthly,299,Hyderabad,2026-08-01
12213,2026-06-01,Monthly,299,Patna,
12214,2026-06-01,Annual,2499,Chennai,
12215,2026-06-01,Monthly,299,Kolkata,2026-08-01
12216,2026-06-01,Annual,2499,Pune,
12217,2026-06-01,Monthly,299,Chennai,
12218,2026-06-01,Annual,2499,Patna,
12219,2026-06-01,Annual,2499,Jaipur,
12220,2026-06-01,Monthly,299,Hyderabad,
12221,2026-06-01,Monthly,299,Delhi,
12222,2026-06-01,Annual,2499,Mumbai,
12223,2026-06-01,Monthly,299,Hyderabad,2026-08-01
12224,2026-06-01,Monthly,299,Hyderabad,
12225,2026-06-01,Monthly,299,Pune,
12226,2026-06-01,Annual,2499,Chennai,
12227,2026-06-01,Annual,2499,Ahmedabad,
12228,2026-06-01,Monthly,299,Mumbai,
12229,2026-06-01,Annual,2499,Patna,
12230,2026-06-01,Monthly,299,Kolkata,
12231,2026-06-01,Monthly,299,Patna,2026-08-01
12232,2026-06-01,Monthly,299,Bengaluru,
12233,2026-06-01,Monthly,299,Mumbai,
12234,2026-06-01,Monthly,299,Ahmedabad,
12235,2026-06-01,Monthly,299,Chennai,
12236,2026-06-01,Monthly,299,Bengaluru,
12237,2026-06-01,Monthly,299,Hyderabad,
12238,2026-06-01,Monthly,299,Bengaluru,
12239,2026-06-01,Monthly,299,Patna,
12240,2026-06-01,Monthly,299,Delhi,
12241,2026-06-01,Monthly,299,Hyderabad,
12242,2026-06-01,Monthly,299,Hyderabad,
12243,2026-06-01,Monthly,299,Ahmedabad,2026-07-01
12244,2026-06-01,Monthly,299,Delhi,
12245,2026-06-01,Annual,2499,Delhi,
12246,2026-06-01,Monthly,299,Kolkata,
12247,2026-06-01,Annual,2499,Bengaluru,
12248,2026-06-01,Annual,2499,Pune,
12249,2026-06-01,Monthly,299,Pune,
12250,2026-06-01,Annual,2499,Kolkata,
12251,2026-06-01,Monthly,299,Hyderabad,2026-07-01
12252,2026-06-01,Annual,2499,Chennai,
12253,2026-06-01,Monthly,299,Chennai,2026-07-01
12254,2026-06-01,Monthly,299,Chennai,
12255,2026-06-01,Monthly,299,Patna,
12256,2026-06-01,Monthly,299,Mumbai,
12257,2026-06-01,Monthly,299,Pune,2026-08-01
12258,2026-06-01,Annual,2499,Jaipur,
12259,2026-06-01,Monthly,299,Hyderabad,
12260,2026-06-01,Annual,2499,,
12261,2026-06-01,Monthly,299,Ahmedabad,
12262,2026-06-01,Monthly,299,Delhi,
12263,2026-06-01,Monthly,299,Pune,
12264,2026-06-01,Monthly,299,Ahmedabad,2026-07-01
12265,2026-06-01,Monthly,299,Mumbai,
12266,2026-06-01,Monthly,299,Chennai,
12267,2026-06-01,Monthly,299,Chennai,
12268,2026-06-01,Annual,2499,Delhi,
12269,2026-06-01,Monthly,299,Pune,
12270,2026-06-01,Annual,2499,Patna,
12271,2026-06-01,Monthly,299,Hyderabad,
12272,2026-06-01,Monthly,299,Delhi,
12273,2026-06-01,Monthly,299,Pune,
12274,2026-06-01,Annual,2499,Hyderabad,
12275,2026-06-01,Monthly,299,Chennai,2026-08-01
12276,2026-06-01,Monthly,299,Ahmedabad,2026-08-01
12277,2026-06-01,Annual,2499,Patna,
12278,2026-06-01,Monthly,299,Jaipur,
12279,2026-06-01,Monthly,299,Chennai,
12280,2026-06-01,Monthly,299,Jaipur,
12281,2026-06-01,Annual,2499,Jaipur,
12282,2026-06-01,Monthly,299,Patna,
12283,2026-06-01,Monthly,299,Pune,
12284,2026-06-01,Annual,2499,Kolkata,
12285,2026-06-01,Monthly,299,Ahmedabad,
12286,2026-06-01,Annual,2499,Kolkata,
12287,2026-06-01,Monthly,299,Delhi,2026-07-01
12288,2026-06-01,Monthly,299,Kolkata,
12289,2026-06-01,Annual,2499,Kolkata,
12290,2026-06-01,Monthly,299,Ahmedabad,2026-07-01
12291,2026-06-01,Monthly,299,Jaipur,
12292,2026-06-01,Annual,2499,Patna,
12293,2026-06-01,Annual,2499,Hyderabad,
12294,2026-06-01,Monthly,299,Ahmedabad,
12295,2026-06-01,Monthly,299,Kolkata,
12296,2026-06-01,Monthly,299,Chennai,
12297,2026-06-01,Monthly,299,Hyderabad,
12298,2026-06-01,Monthly,299,Chennai,
12299,2026-06-01,Monthly,299,Pune,
12300,2026-06-01,Monthly,299,Ahmedabad,
12301,2026-06-01,Annual,2499,Bengaluru,
12302,2026-06-01,Monthly,299,Jaipur,
12303,2026-06-01,Monthly,299,Jaipur,
12304,2026-06-01,Annual,2499,Ahmedabad,2026-08-01
12305,2026-06-01,Annual,2499,Jaipur,2026-07-01
12306,2026-06-01,Monthly,299,Pune,
12307,2026-06-01,Monthly,299,Jaipur,
12308,2026-06-01,Monthly,299,Bengaluru,
12309,2026-06-01,Monthly,299,Jaipur,2026-08-01
12310,2026-06-01,Monthly,299,Patna,
12311,2026-06-01,Monthly,299,Chennai,2026-07-01
12312,2026-06-01,Annual,2499,Pune,
12313,2026-06-01,Monthly,299,Hyderabad,
12314,2026-06-01,Annual,2499,Ahmedabad,
12315,2026-06-01,Monthly,299,Bengaluru,
12316,2026-06-01,Annual,2499,Patna,
12317,2026-06-01,Monthly,299,Bengaluru,2026-07-01
12318,2026-06-01,Monthly,299,Ahmedabad,
12319,2026-06-01,Monthly,299,Pune,
12320,2026-06-01,Annual,2499,Ahmedabad,
12321,2026-06-01,Monthly,299,Hyderabad,
12322,2026-06-01,Annual,2499,Bengaluru,
12323,2026-06-01,Monthly,299,Delhi,2026-07-01
12324,2026-06-01,Monthly,299,Delhi,2026-08-01
12325,2026-06-01,Monthly,299,Ahmedabad,
12326,2026-06-01,Monthly,299,Pune,
12327,2026-06-01,Monthly,299,Kolkata,
12328,2026-06-01,Monthly,299,Pune,
12329,2026-06-01,Monthly,299,Chennai,
12330,2026-06-01,Monthly,299,Ahmedabad,
12331,2026-06-01,Monthly,299,Mumbai,
12332,2026-06-01,Monthly,299,Hyderabad,
12333,2026-06-01,Monthly,299,Delhi,
12334,2026-06-01,Monthly,299,Jaipur,
12335,2026-06-01,Monthly,299,Delhi,2026-07-01
12336,2026-06-01,Monthly,299,Patna,
12337,2026-06-01,Monthly,299,Mumbai,2026-07-01
12338,2026-06-01,Monthly,299,Bengaluru,
12339,2026-06-01,Monthly,299,Jaipur,
12340,2026-06-01,Monthly,299,Chennai,2026-07-01
12341,2026-06-01,Monthly,299,Chennai,
12342,2026-06-01,Monthly,299,Patna,
12343,2026-06-01,Annual,2499,Hyderabad,
12344,2026-06-01,Monthly,299,Mumbai,
12345,2026-06-01,Monthly,299,Pune,
12346,2026-06-01,Annual,2499,Ahmedabad,
12347,2026-06-01,Monthly,299,Chennai,
12348,2026-06-01,Monthly,299,Pune,
12349,2026-06-01,Monthly,299,Delhi,2026-08-01
12350,2026-06-01,Monthly,299,Pune,
12351,2026-06-01,Monthly,299,Chennai,
12352,2026-06-01,Annual,2499,Ahmedabad,
12353,2026-06-01,Monthly,299,Hyderabad,
12354,2026-06-01,Annual,2499,Chennai,
12355,2026-06-01,Monthly,299,Ahmedabad,
12356,2026-06-01,Annual,2499,Chennai,
12357,2026-06-01,Monthly,299,Kolkata,
12358,2026-06-01,Annual,2499,Patna,
12359,2026-06-01,Monthly,299,Chennai,2026-07-01
12360,2026-06-01,Annual,2499,Ahmedabad,
12361,2026-06-01,Monthly,299,Jaipur,
12362,2026-06-01,Monthly,299,Patna,
12363,2026-06-01,Monthly,299,Ahmedabad,
12364,2026-06-01,Monthly,299,Pune,
12365,2026-06-01,Monthly,299,Mumbai,
12366,2026-06-01,Monthly,299,Jaipur,
12367,2026-06-01,Monthly,299,Hyderabad,
12368,2026-06-01,Monthly,299,Chennai,
12369,2026-06-01,Monthly,299,Jaipur,
12370,2026-06-01,Annual,2499,Delhi,
12371,2026-06-01,Monthly,299,Bengaluru,
12372,2026-06-01,Annual,2499,Jaipur,
12373,2026-06-01,Monthly,299,Ahmedabad,
12374,2026-06-01,Monthly,299,Kolkata,
12375,2026-06-01,Monthly,299,Ahmedabad,2026-07-01
12376,2026-06-01,Monthly,299,Mumbai,
12377,2026-06-01,Monthly,299,Pune,
12378,2026-06-01,Monthly,299,Delhi,2026-07-01
12379,2026-06-01,Monthly,299,Ahmedabad,
12380,2026-06-01,Annual,2499,Patna,
12381,2026-06-01,Monthly,299,Jaipur,
12382,2026-06-01,Monthly,299,Chennai,
12383,2026-06-01,Monthly,299,Pune,
12384,2026-06-01,Monthly,299,Pune,
12385,2026-06-01,Monthly,299,Patna,
12386,2026-06-01,Annual,2499,Mumbai,
12387,2026-06-01,Monthly,299,Delhi,
12388,2026-06-01,Monthly,299,Bengaluru,
12389,2026-06-01,Monthly,299,Ahmedabad,
12390,2026-06-01,Annual,2499,Delhi,
12391,2026-06-01,Annual,2499,Bengaluru,
12392,2026-06-01,Annual,2499,Delhi,
12393,2026-06-01,Monthly,299,Jaipur,
12394,2026-06-01,Annual,2499,Chennai,
12395,2026-06-01,Monthly,299,Jaipur,2026-07-01
12396,2026-06-01,Monthly,299,Mumbai,
12397,2026-06-01,Monthly,299,Ahmedabad,
12398,2026-06-01,Annual,2499,Mumbai,
12399,2026-06-01,Monthly,299,Delhi,
12400,2026-06-01,Monthly,299,Pune,
12401,2026-06-01,Monthly,299,Jaipur,
12402,2026-06-01,Annual,2499,Kolkata,
12403,2026-06-01,Annual,2499,Mumbai,2026-08-01
12404,2026-06-01,Monthly,299,Pune,
12405,2026-06-01,Monthly,299,Kolkata,2026-07-01
12406,2026-06-01,Annual,2499,Chennai,2026-07-01
12407,2026-06-01,Monthly,299,Delhi,
12408,2026-06-01,Annual,2499,Chennai,
12409,2026-06-01,Annual,2499,Kolkata,
12410,2026-06-01,Annual,2499,Jaipur,
12411,2026-06-01,Monthly,299,Ahmedabad,
12412,2026-06-01,Monthly,299,Delhi,
12413,2026-06-01,Annual,2499,Kolkata,
12414,2026-06-01,Monthly,299,Hyderabad,
12415,2026-06-01,Monthly,299,Pune,
12416,2026-06-01,Monthly,299,Jaipur,
12417,2026-06-01,Annual,2499,Bengaluru,
12418,2026-06-01,Annual,2499,Kolkata,
12419,2026-06-01,Annual,2499,Hyderabad,
12420,2026-06-01,Monthly,299,Mumbai,
12421,2026-06-01,Monthly,299,Delhi,
12422,2026-06-01,Monthly,299,Hyderabad,
12423,2026-06-01,Monthly,299,Delhi,
12424,2026-06-01,Monthly,299,Patna,
12425,2026-06-01,Annual,2499,Hyderabad,
12426,2026-06-01,Monthly,299,Ahmedabad,
12427,2026-06-01,Annual,2499,Ahmedabad,
12428,2026-06-01,Monthly,299,Kolkata,
12429,2026-06-01,Monthly,299,Hyderabad,
12430,2026-06-01,Monthly,299,Jaipur,
12431,2026-06-01,Monthly,299,Patna,
12432,2026-06-01,Annual,2499,Bengaluru,
12433,2026-06-01,Monthly,299,Chennai,
12434,2026-06-01,Monthly,299,Jaipur,2026-07-01
12435,2026-06-01,Monthly,299,Pune,
12436,2026-06-01,Annual,2499,Pune,
12437,2026-06-01,Monthly,299,Pune,
12438,2026-06-01,Annual,2499,Bengaluru,
12439,2026-06-01,Monthly,299,,
12440,2026-06-01,Annual,2499,Pune,
12441,2026-06-01,Annual,2499,Kolkata,
12442,2026-06-01,Annual,2499,Bengaluru,
12443,2026-06-01,Annual,2499,Mumbai,
12444,2026-06-01,Monthly,299,Kolkata,
12445,2026-06-01,Annual,2499,Pune,
12446,2026-06-01,Monthly,299,Mumbai,
12447,2026-06-01,Annual,2499,Kolkata,
12448,2026-06-01,Annual,2499,Delhi,
12449,2026-06-01,Monthly,299,Bengaluru,
12450,2026-06-01,Monthly,299,Delhi,
12451,2026-06-01,Monthly,299,Mumbai,
12452,2026-06-01,Monthly,299,Bengaluru,
12453,2026-06-01,Monthly,299,Mumbai,2026-08-01
12454,2026-06-01,Monthly,299,Mumbai,
12455,2026-06-01,Monthly,299,Ahmedabad,2026-08-01
12456,2026-06-01,Monthly,299,Jaipur,
12457,2026-06-01,Monthly,299,Kolkata,
12458,2026-06-01,Annual,2499,Jaipur,2026-07-01
12459,2026-06-01,Annual,2499,Chennai,
12460,2026-06-01,Annual,2499,Jaipur,
12461,2026-06-01,Monthly,299,Bengaluru,
12462,2026-06-01,Annual,2499,Ahmedabad,
12463,2026-06-01,Annual,2499,Jaipur,
12464,2026-06-01,Monthly,299,Ahmedabad,
12465,2026-06-01,Monthly,299,Jaipur,2026-07-01
12466,2026-06-01,Monthly,299,Ahmedabad,
12467,2026-06-01,Monthly,299,Hyderabad,2026-08-01
12468,2026-06-01,Annual,2499,Jaipur,
12469,2026-06-01,Monthly,299,Mumbai,
12470,2026-06-01,Monthly,299,Delhi,2026-08-01
12471,2026-06-01,Annual,2499,Chennai,
12472,2026-06-01,Monthly,299,Jaipur,
12473,2026-06-01,Monthly,299,Kolkata,
12474,2026-06-01,Monthly,299,Mumbai,
12475,2026-06-01,Annual,2499,Chennai,
12476,2026-06-01,Annual,2499,Mumbai,
12477,2026-06-01,Monthly,299,Bengaluru,
12478,2026-06-01,Annual,2499,Delhi,
12479,2026-06-01,Monthly,299,Bengaluru,
12480,2026-06-01,Monthly,299,Chennai,
12481,2026-06-01,Monthly,299,Bengaluru,
12482,2026-06-01,Monthly,299,Jaipur,
12483,2026-06-01,Monthly,299,Ahmedabad,
12484,2026-06-01,Monthly,299,Patna,2026-08-01
12485,2026-06-01,Monthly,299,Jaipur,2026-07-01
12486,2026-06-01,Monthly,299,Delhi,
12487,2026-06-01,Annual,2499,Mumbai,
12488,2026-06-01,Annual,2499,Bengaluru,2026-08-01
12489,2026-06-01,Monthly,299,Chennai,
12490,2026-06-01,Monthly,299,Hyderabad,
12491,2026-06-01,Annual,2499,Delhi,
12492,2026-06-01,Monthly,299,Chennai,
12493,2026-06-01,Annual,2499,Jaipur,
12494,2026-06-01,Annual,2499,Ahmedabad,2026-07-01
12495,2026-06-01,Monthly,299,Chennai,2026-07-01
12496,2026-06-01,Annual,2499,Hyderabad,
12497,2026-06-01,Annual,2499,Kolkata,
12498,2026-06-01,Monthly,299,Bengaluru,
12499,2026-06-01,Annual,2499,Mumbai,
12500,2026-06-01,Monthly,299,Mumbai,
12501,2026-06-01,Annual,2499,Delhi,
12502,2026-06-01,Monthly,299,Ahmedabad,2026-07-01
12503,2026-06-01,Annual,2499,Ahmedabad,
12504,2026-06-01,Monthly,299,Patna,
12505,2026-06-01,Monthly,299,Delhi,
12506,2026-06-01,Monthly,299,Bengaluru,
12507,2026-06-01,Monthly,299,Pune,
12508,2026-06-01,Annual,2499,Delhi,2026-08-01
12509,2026-06-01,Monthly,299,Hyderabad,2026-08-01
12510,2026-06-01,Monthly,299,Patna,2026-07-01
12511,2026-06-01,Annual,2499,Pune,
12512,2026-06-01,Monthly,299,Ahmedabad,2026-07-01
12513,2026-06-01,Monthly,299,Mumbai,
12514,2026-06-01,Monthly,299,Hyderabad,2026-08-01
12515,2026-06-01,Annual,2499,Chennai,
12516,2026-06-01,Monthly,299,Patna,2026-07-01
12517,2026-06-01,Annual,2499,Patna,
12518,2026-06-01,Monthly,299,Hyderabad,2026-07-01
12519,2026-06-01,Monthly,299,Hyderabad,
12520,2026-06-01,Annual,2499,Bengaluru,
12521,2026-06-01,Monthly,299,Hyderabad,
12522,2026-06-01,Monthly,299,Bengaluru,
12523,2026-06-01,Monthly,299,Chennai,
12524,2026-06-01,Annual,2499,Pune,
12525,2026-06-01,Annual,2499,Mumbai,
12526,2026-06-01,Monthly,299,Mumbai,
12527,2026-06-01,Annual,2499,Hyderabad,
12528,2026-06-01,Annual,2499,Mumbai,
12529,2026-06-01,Monthly,299,Kolkata,
12530,2026-06-01,Annual,2499,Hyderabad,
12531,2026-06-01,Annual,2499,Ahmedabad,
12532,2026-06-01,Monthly,299,Delhi,
12533,2026-06-01,Annual,2499,Mumbai,
12534,2026-06-01,Monthly,299,Mumbai,
12535,2026-06-01,Monthly,299,Kolkata,
12536,2026-06-01,Monthly,299,Jaipur,2026-08-01
12537,2026-06-01,Monthly,299,Chennai,2026-08-01
12538,2026-06-01,Monthly,299,Patna,
12539,2026-06-01,Monthly,299,Bengaluru,
12540,2026-06-01,Monthly,299,Kolkata,
12541,2026-06-01,Monthly,299,Bengaluru,
12542,2026-06-01,Monthly,299,Hyderabad,
12543,2026-06-01,Monthly,299,Hyderabad,
12544,2026-06-01,Monthly,299,Jaipur,
12545,2026-06-01,Monthly,299,Jaipur,
12546,2026-06-01,Monthly,299,Delhi,
12547,2026-06-01,Monthly,299,Pune,
12548,2026-06-01,Monthly,299,Pune,
12549,2026-06-01,Monthly,299,Chennai,2026-07-01
12550,2026-06-01,Monthly,299,Patna,
12551,2026-06-01,Monthly,299,Chennai,
12552,2026-06-01,Monthly,299,Mumbai,
12553,2026-06-01,Monthly,299,Patna,
12554,2026-06-01,Annual,2499,Delhi,
12555,2026-06-01,Annual,2499,Patna,
12556,2026-06-01,Monthly,299,Hyderabad,
12557,2026-06-01,Monthly,299,Mumbai,
12558,2026-06-01,Monthly,299,Ahmedabad,
12559,2026-06-01,Annual,2499,Mumbai,
12560,2026-06-01,Monthly,299,Ahmedabad,2026-08-01
12561,2026-06-01,Monthly,299,Patna,
12562,2026-06-01,Monthly,299,Hyderabad,
12563,2026-06-01,Monthly,299,Kolkata,
12564,2026-06-01,Annual,2499,Hyderabad,
12565,2026-06-01,Monthly,299,Pune,
12566,2026-06-01,Monthly,299,Hyderabad,2026-08-01
12567,2026-06-01,Annual,2499,Kolkata,
12568,2026-06-01,Monthly,299,Kolkata,2026-07-01
12569,2026-06-01,Monthly,299,Delhi,
12570,2026-06-01,Monthly,299,Ahmedabad,
12571,2026-06-01,Monthly,299,Delhi,
12572,2026-06-01,Monthly,299,Bengaluru,
12573,2026-06-01,Annual,2499,Jaipur,
12574,2026-06-01,Annual,2499,Pune,
12575,2026-06-01,Monthly,299,Ahmedabad,
12576,2026-06-01,Monthly,299,Ahmedabad,
12577,2026-06-01,Monthly,299,Delhi,2026-07-01
12578,2026-06-01,Monthly,299,Delhi,
12579,2026-06-01,Annual,2499,Ahmedabad,
12580,2026-06-01,Monthly,299,Bengaluru,
12581,2026-06-01,Annual,2499,Delhi,
12582,2026-06-01,Annual,2499,Chennai,
12583,2026-06-01,Monthly,299,Patna,
12584,2026-06-01,Annual,2499,Delhi,
12585,2026-06-01,Monthly,299,Hyderabad,
12586,2026-06-01,Monthly,299,Bengaluru,2026-07-01
12587,2026-06-01,Annual,2499,Hyderabad,
12588,2026-06-01,Monthly,299,,
12589,2026-06-01,Monthly,299,Jaipur,
12590,2026-06-01,Annual,2499,Kolkata,
12591,2026-06-01,Monthly,299,Ahmedabad,
12592,2026-06-01,Monthly,299,Pune,
12593,2026-06-01,Annual,2499,Delhi,
12594,2026-06-01,Monthly,299,Mumbai,
12595,2026-06-01,Monthly,299,Chennai,
12596,2026-06-01,Annual,2499,Ahmedabad,
12597,2026-06-01,Monthly,299,Bengaluru,
12598,2026-06-01,Monthly,299,Delhi,2026-08-01
12599,2026-06-01,Annual,2499,Pune,
12600,2026-06-01,Monthly,299,Patna,
12601,2026-06-01,Monthly,299,Jaipur,2026-08-01
12602,2026-06-01,Monthly,299,Delhi,
12603,2026-06-01,Monthly,299,Chennai,
12604,2026-06-01,Annual,2499,Patna,2026-08-01
12605,2026-06-01,Annual,2499,Delhi,
12606,2026-06-01,Monthly,299,Chennai,
12607,2026-06-01,Monthly,299,Ahmedabad,
12608,2026-06-01,Monthly,299,Mumbai,2026-07-01
12609,2026-06-01,Monthly,299,Jaipur,
12610,2026-06-01,Monthly,299,Chennai,
12611,2026-06-01,Monthly,299,Kolkata,
12612,2026-06-01,Monthly,299,Hyderabad,
12613,2026-06-01,Monthly,299,Mumbai,
12614,2026-06-01,Monthly,299,Chennai,
12615,2026-06-01,Monthly,299,Pune,
12616,2026-06-01,Monthly,299,Ahmedabad,
12617,2026-06-01,Annual,2499,Delhi,
12618,2026-06-01,Monthly,299,Delhi,
12619,2026-06-01,Annual,2499,Ahmedabad,
12620,2026-06-01,Monthly,299,Jaipur,
12621,2026-06-01,Monthly,299,Kolkata,
12622,2026-06-01,Monthly,299,Hyderabad,
12623,2026-06-01,Monthly,299,Hyderabad,
12624,2026-06-01,Annual,2499,Patna,2026-07-01
12625,2026-06-01,Monthly,299,Chennai,
12626,2026-06-01,Annual,2499,Chennai,
12627,2026-06-01,Monthly,299,Bengaluru,
12628,2026-06-01,Monthly,299,Delhi,2026-07-01
12629,2026-06-01,Monthly,299,Hyderabad,
12630,2026-06-01,Monthly,299,Hyderabad,
12631,2026-06-01,Monthly,299,Mumbai,2026-07-01
12632,2026-06-01,Monthly,299,,2026-08-01
12633,2026-06-01,Annual,2499,Kolkata,
12634,2026-06-01,Monthly,299,Bengaluru,
12635,2026-06-01,Monthly,299,Ahmedabad,2026-08-01
12636,2026-06-01,Annual,2499,Ahmedabad,
12637,2026-06-01,Annual,2499,Pune,
12638,2026-06-01,Monthly,299,Kolkata,
12639,2026-06-01,Annual,2499,Bengaluru,
12640,2026-06-01,Monthly,299,Pune,
12641,2026-06-01,Monthly,299,Mumbai,
12642,2026-06-01,Monthly,299,Bengaluru,
12643,2026-06-01,Monthly,299,Patna,
12644,2026-06-01,Monthly,299,Delhi,2026-08-01
12645,2026-06-01,Monthly,299,Mumbai,2026-08-01
12646,2026-06-01,Annual,2499,Bengaluru,
12647,2026-06-01,Monthly,299,Patna,
12648,2026-06-01,Monthly,299,Pune,
12649,2026-06-01,Monthly,299,Hyderabad,
12650,2026-06-01,Monthly,299,Ahmedabad,
12651,2026-06-01,Monthly,299,Hyderabad,
12652,2026-06-01,Monthly,299,Mumbai,
12653,2026-06-01,Annual,2499,Delhi,
12654,2026-06-01,Annual,2499,Chennai,
12655,2026-06-01,Monthly,299,Hyderabad,
12656,2026-06-01,Monthly,299,Ahmedabad,
12657,2026-06-01,Monthly,299,Hyderabad,
12658,2026-06-01,Annual,2499,Kolkata,
12659,2026-06-01,Monthly,299,Pune,2026-07-01
12660,2026-06-01,Monthly,299,Kolkata,
12661,2026-06-01,Monthly,299,Bengaluru,
12662,2026-06-01,Annual,2499,Hyderabad,
12663,2026-06-01,Monthly,299,Jaipur,
12664,2026-06-01,Monthly,299,Hyderabad,
12665,2026-06-01,Annual,2499,Jaipur,
12666,2026-06-01,Annual,2499,Ahmedabad,
12667,2026-06-01,Monthly,299,Ahmedabad,
12668,2026-06-01,Annual,2499,Bengaluru,
12669,2026-06-01,Annual,2499,Hyderabad,
12670,2026-06-01,Annual,2499,Kolkata,
12671,2026-06-01,Monthly,299,Chennai,
12672,2026-06-01,Monthly,299,Ahmedabad,
12673,2026-06-01,Monthly,299,Delhi,
12674,2026-06-01,Monthly,299,Bengaluru,2026-07-01
12675,2026-06-01,Monthly,299,Chennai,2026-07-01
12676,2026-06-01,Monthly,299,Bengaluru,
12677,2026-06-01,Monthly,299,Patna,
12678,2026-06-01,Annual,2499,Mumbai,
12679,2026-06-01,Monthly,299,Pune,2026-08-01
12680,2026-06-01,Monthly,299,Bengaluru,
12681,2026-06-01,Monthly,299,Mumbai,
12682,2026-06-01,Annual,2499,Ahmedabad,
12683,2026-06-01,Monthly,299,Jaipur,
12684,2026-06-01,Monthly,299,Pune,2026-08-01
12685,2026-06-01,Monthly,299,Bengaluru,2026-08-01
12686,2026-06-01,Monthly,299,Mumbai,
12687,2026-06-01,Monthly,299,Jaipur,
12688,2026-06-01,Monthly,299,Jaipur,2026-08-01
12689,2026-06-01,Monthly,299,Pune,
12690,2026-06-01,Monthly,299,Ahmedabad,
12691,2026-06-01,Monthly,299,Pune,2026-07-01
12692,2026-06-01,Monthly,299,Kolkata,2026-07-01
12693,2026-06-01,Monthly,299,Jaipur,2026-08-01
12694,2026-06-01,Monthly,299,Hyderabad,2026-08-01
12695,2026-06-01,Annual,2499,Delhi,
12696,2026-06-01,Monthly,299,Mumbai,
12697,2026-06-01,Annual,2499,Chennai,
12698,2026-06-01,Annual,2499,Pune,
12699,2026-06-01,Monthly,299,Patna,
12700,2026-06-01,Monthly,299,Patna,2026-07-01
12701,2026-06-01,Annual,2499,Hyderabad,
12702,2026-06-01,Monthly,299,Patna,
12703,2026-06-01,Monthly,299,Ahmedabad,
12704,2026-06-01,Monthly,299,Bengaluru,
12705,2026-06-01,Monthly,299,Patna,
12706,2026-06-01,Annual,2499,Hyderabad,
12707,2026-06-01,Monthly,299,Patna,
12708,2026-06-01,Annual,2499,Mumbai,2026-08-01
12709,2026-06-01,Monthly,299,Ahmedabad,
12710,2026-06-01,Monthly,299,,
12711,2026-06-01,Monthly,299,Bengaluru,
12712,2026-06-01,Monthly,299,Bengaluru,
12713,2026-07-01,Monthly,299,Bengaluru,2026-08-01
12714,2026-07-01,Monthly,299,Pune,
12715,2026-07-01,Monthly,299,Hyderabad,
12716,2026-07-01,Monthly,299,Patna,
12717,2026-07-01,Monthly,299,Delhi,
12718,2026-07-01,Monthly,299,Hyderabad,2026-08-01
12719,2026-07-01,Monthly,299,Pune,
12720,2026-07-01,Annual,2499,Kolkata,
12721,2026-07-01,Monthly,299,Pune,
12722,2026-07-01,Annual,2499,Hyderabad,
12723,2026-07-01,Monthly,299,Mumbai,
12724,2026-07-01,Monthly,299,Delhi,
12725,2026-07-01,Annual,2499,Delhi,
12726,2026-07-01,Monthly,299,Bengaluru,
12727,2026-07-01,Annual,2499,Mumbai,
12728,2026-07-01,Monthly,299,Chennai,
12729,2026-07-01,Monthly,299,Hyderabad,2026-08-01
12730,2026-07-01,Monthly,299,Ahmedabad,
12731,2026-07-01,Annual,2499,Kolkata,
12732,2026-07-01,Annual,2499,Chennai,
12733,2026-07-01,Monthly,299,Mumbai,
12734,2026-07-01,Monthly,299,Kolkata,
12735,2026-07-01,Annual,2499,Chennai,
12736,2026-07-01,Monthly,299,Chennai,2026-08-01
12737,2026-07-01,Annual,2499,Delhi,
12738,2026-07-01,Annual,2499,Patna,
12739,2026-07-01,Monthly,299,Chennai,
12740,2026-07-01,Monthly,299,Hyderabad,
12741,2026-07-01,Monthly,299,Delhi,
12742,2026-07-01,Annual,2499,Ahmedabad,
12743,2026-07-01,Monthly,299,,
12744,2026-07-01,Monthly,299,Bengaluru,
12745,2026-07-01,Annual,2499,Pune,
12746,2026-07-01,Monthly,299,Jaipur,
12747,2026-07-01,Monthly,299,Delhi,
12748,2026-07-01,Monthly,299,Chennai,
12749,2026-07-01,Annual,2499,Kolkata,
12750,2026-07-01,Monthly,299,Kolkata,
12751,2026-07-01,Monthly,299,Mumbai,
12752,2026-07-01,Monthly,299,Hyderabad,
12753,2026-07-01,Monthly,299,Hyderabad,
12754,2026-07-01,Annual,2499,Jaipur,
12755,2026-07-01,Monthly,299,Pune,
12756,2026-07-01,Annual,2499,Patna,
12757,2026-07-01,Monthly,299,Patna,
12758,2026-07-01,Monthly,299,Patna,
12759,2026-07-01,Monthly,299,Bengaluru,
12760,2026-07-01,Monthly,299,Patna,
12761,2026-07-01,Monthly,299,Patna,2026-08-01
12762,2026-07-01,Annual,2499,Patna,
12763,2026-07-01,Monthly,299,Mumbai,
12764,2026-07-01,Monthly,299,Mumbai,
12765,2026-07-01,Monthly,299,Jaipur,2026-08-01
12766,2026-07-01,Monthly,299,Ahmedabad,
12767,2026-07-01,Monthly,299,Kolkata,
12768,2026-07-01,Monthly,299,Hyderabad,
12769,2026-07-01,Annual,2499,Patna,
12770,2026-07-01,Monthly,299,Hyderabad,
12771,2026-07-01,Monthly,299,Chennai,
12772,2026-07-01,Annual,2499,Jaipur,
12773,2026-07-01,Monthly,299,Hyderabad,
12774,2026-07-01,Monthly,299,Hyderabad,
12775,2026-07-01,Monthly,299,Mumbai,
12776,2026-07-01,Monthly,299,Ahmedabad,
12777,2026-07-01,Monthly,299,Chennai,
12778,2026-07-01,Monthly,299,,
12779,2026-07-01,Annual,2499,Ahmedabad,
12780,2026-07-01,Monthly,299,Jaipur,
12781,2026-07-01,Monthly,299,Bengaluru,
12782,2026-07-01,Monthly,299,Patna,
12783,2026-07-01,Monthly,299,Ahmedabad,
12784,2026-07-01,Monthly,299,Hyderabad,2026-08-01
12785,2026-07-01,Monthly,299,Patna,
12786,2026-07-01,Annual,2499,Patna,
12787,2026-07-01,Monthly,299,Kolkata,
12788,2026-07-01,Monthly,299,Pune,
12789,2026-07-01,Monthly,299,Bengaluru,
12790,2026-07-01,Monthly,299,Chennai,
12791,2026-07-01,Monthly,299,Jaipur,
12792,2026-07-01,Annual,2499,Jaipur,
12793,2026-07-01,Annual,2499,Hyderabad,
12794,2026-07-01,Monthly,299,Patna,
12795,2026-07-01,Annual,2499,Bengaluru,
12796,2026-07-01,Monthly,299,Ahmedabad,
12797,2026-07-01,Monthly,299,Ahmedabad,
12798,2026-07-01,Monthly,299,Kolkata,
12799,2026-07-01,Monthly,299,Mumbai,
12800,2026-07-01,Monthly,299,Kolkata,
12801,2026-07-01,Monthly,299,Hyderabad,2026-08-01
12802,2026-07-01,Annual,2499,Patna,
12803,2026-07-01,Annual,2499,Pune,
12804,2026-07-01,Monthly,299,Kolkata,
12805,2026-07-01,Annual,2499,Patna,
12806,2026-07-01,Monthly,299,Chennai,
12807,2026-07-01,Monthly,299,Patna,2026-08-01
12808,2026-07-01,Monthly,299,Chennai,
12809,2026-07-01,Monthly,299,Kolkata,
12810,2026-07-01,Monthly,299,Chennai,
12811,2026-07-01,Monthly,299,Delhi,
12812,2026-07-01,Monthly,299,Mumbai,
12813,2026-07-01,Monthly,299,Ahmedabad,
12814,2026-07-01,Monthly,299,Jaipur,2026-08-01
12815,2026-07-01,Monthly,299,Mumbai,2026-08-01
12816,2026-07-01,Monthly,299,Chennai,
12817,2026-07-01,Monthly,299,Delhi,
12818,2026-07-01,Monthly,299,Jaipur,
12819,2026-07-01,Annual,2499,Ahmedabad,
12820,2026-07-01,Monthly,299,Delhi,
12821,2026-07-01,Monthly,299,Hyderabad,
12822,2026-07-01,Monthly,299,Mumbai,2026-08-01
12823,2026-07-01,Monthly,299,Mumbai,
12824,2026-07-01,Monthly,299,Ahmedabad,
12825,2026-07-01,Annual,2499,Kolkata,
12826,2026-07-01,Annual,2499,Bengaluru,
12827,2026-07-01,Monthly,299,Chennai,
12828,2026-07-01,Monthly,299,Kolkata,
12829,2026-07-01,Monthly,299,Bengaluru,
12830,2026-07-01,Monthly,299,Bengaluru,
12831,2026-07-01,Monthly,299,Pune,
12832,2026-07-01,Monthly,299,Delhi,2026-08-01
12833,2026-07-01,Annual,2499,,
12834,2026-07-01,Monthly,299,Bengaluru,
12835,2026-07-01,Monthly,299,Kolkata,
12836,2026-07-01,Monthly,299,Delhi,
12837,2026-07-01,Monthly,299,Kolkata,
12838,2026-07-01,Monthly,299,Kolkata,
12839,2026-07-01,Monthly,299,Chennai,
12840,2026-07-01,Monthly,299,Ahmedabad,
12841,2026-07-01,Monthly,299,Delhi,
12842,2026-07-01,Monthly,299,Kolkata,
12843,2026-07-01,Monthly,299,Kolkata,
12844,2026-07-01,Annual,2499,Jaipur,
12845,2026-07-01,Monthly,299,Chennai,
12846,2026-07-01,Monthly,299,Patna,
12847,2026-07-01,Monthly,299,Chennai,
12848,2026-07-01,Annual,2499,Kolkata,
12849,2026-07-01,Monthly,299,Patna,
12850,2026-07-01,Annual,2499,Pune,
12851,2026-07-01,Annual,2499,Mumbai,
12852,2026-07-01,Monthly,299,Mumbai,2026-08-01
12853,2026-07-01,Annual,2499,Chennai,
12854,2026-07-01,Monthly,299,Bengaluru,
12855,2026-07-01,Annual,2499,Bengaluru,
12856,2026-07-01,Monthly,299,Chennai,
12857,2026-07-01,Monthly,299,Delhi,
12858,2026-07-01,Monthly,299,Patna,
12859,2026-07-01,Monthly,299,Bengaluru,
12860,2026-07-01,Monthly,299,Jaipur,
12861,2026-07-01,Monthly,299,Bengaluru,
12862,2026-07-01,Annual,2499,Jaipur,
12863,2026-07-01,Monthly,299,Ahmedabad,
12864,2026-07-01,Annual,2499,Mumbai,
12865,2026-07-01,Monthly,299,Pune,
12866,2026-07-01,Monthly,299,,
12867,2026-07-01,Monthly,299,Kolkata,
12868,2026-07-01,Monthly,299,Kolkata,
12869,2026-07-01,Annual,2499,Ahmedabad,
12870,2026-07-01,Annual,2499,Pune,
12871,2026-07-01,Monthly,299,Pune,
12872,2026-07-01,Monthly,299,Hyderabad,
12873,2026-07-01,Annual,2499,Pune,
12874,2026-07-01,Monthly,299,Chennai,
12875,2026-07-01,Monthly,299,Patna,
12876,2026-07-01,Monthly,299,Delhi,
12877,2026-07-01,Monthly,299,Mumbai,
12878,2026-07-01,Monthly,299,Patna,
12879,2026-07-01,Monthly,299,Kolkata,
12880,2026-07-01,Monthly,299,Bengaluru,
12881,2026-07-01,Monthly,299,Jaipur,
12882,2026-07-01,Monthly,299,Hyderabad,2026-08-01
12883,2026-07-01,Annual,2499,Mumbai,2026-08-01
12884,2026-07-01,Annual,2499,,
12885,2026-07-01,Monthly,299,Hyderabad,
12886,2026-07-01,Monthly,299,Jaipur,
12887,2026-07-01,Annual,2499,Patna,
12888,2026-07-01,Annual,2499,Delhi,
12889,2026-07-01,Monthly,299,Patna,
12890,2026-07-01,Monthly,299,Bengaluru,
12891,2026-07-01,Annual,2499,Delhi,
12892,2026-07-01,Monthly,299,Delhi,
12893,2026-07-01,Annual,2499,Bengaluru,2026-08-01
12894,2026-07-01,Monthly,299,Mumbai,
12895,2026-07-01,Annual,2499,Patna,
12896,2026-07-01,Monthly,299,Chennai,
12897,2026-07-01,Monthly,299,Mumbai,
12898,2026-07-01,Annual,2499,Delhi,
12899,2026-07-01,Annual,2499,Mumbai,
12900,2026-07-01,Monthly,299,Chennai,
12901,2026-07-01,Monthly,299,Delhi,
12902,2026-07-01,Monthly,299,Ahmedabad,
12903,2026-07-01,Annual,2499,Hyderabad,
12904,2026-07-01,Monthly,299,Ahmedabad,
12905,2026-07-01,Monthly,299,Jaipur,
12906,2026-07-01,Monthly,299,Mumbai,2026-08-01
12907,2026-07-01,Monthly,299,Delhi,
12908,2026-07-01,Annual,2499,Mumbai,
12909,2026-07-01,Annual,2499,Pune,
12910,2026-07-01,Monthly,299,Chennai,
12911,2026-07-01,Monthly,299,Pune,2026-08-01
12912,2026-07-01,Annual,2499,Kolkata,
12913,2026-07-01,Monthly,299,Ahmedabad,2026-08-01
12914,2026-07-01,Monthly,299,Jaipur,
12915,2026-07-01,Monthly,299,Pune,
12916,2026-07-01,Monthly,299,Bengaluru,
12917,2026-07-01,Monthly,299,Bengaluru,
12918,2026-07-01,Monthly,299,Pune,2026-08-01
12919,2026-07-01,Annual,2499,Bengaluru,
12920,2026-07-01,Monthly,299,Hyderabad,
12921,2026-07-01,Annual,2499,Kolkata,
12922,2026-07-01,Monthly,299,Patna,
12923,2026-07-01,Monthly,299,Kolkata,
12924,2026-07-01,Monthly,299,Hyderabad,
12925,2026-07-01,Annual,2499,Mumbai,
12926,2026-07-01,Monthly,299,Kolkata,
12927,2026-07-01,Monthly,299,Chennai,
12928,2026-07-01,Monthly,299,Jaipur,
12929,2026-07-01,Annual,2499,Mumbai,
12930,2026-07-01,Monthly,299,Pune,
12931,2026-07-01,Monthly,299,Jaipur,
12932,2026-07-01,Monthly,299,Patna,
12933,2026-07-01,Monthly,299,Pune,
12934,2026-07-01,Monthly,299,Bengaluru,
12935,2026-07-01,Monthly,299,Patna,
12936,2026-07-01,Monthly,299,Jaipur,
12937,2026-07-01,Monthly,299,Kolkata,
12938,2026-07-01,Annual,2499,Kolkata,
12939,2026-07-01,Monthly,299,Ahmedabad,
12940,2026-07-01,Monthly,299,Patna,
12941,2026-07-01,Annual,2499,Hyderabad,
12942,2026-07-01,Monthly,299,Ahmedabad,
12943,2026-07-01,Monthly,299,Mumbai,
12944,2026-07-01,Monthly,299,Hyderabad,
12945,2026-07-01,Annual,2499,Ahmedabad,
12946,2026-07-01,Monthly,299,Chennai,2026-08-01
12947,2026-07-01,Annual,2499,Kolkata,
12948,2026-07-01,Monthly,299,Chennai,
12949,2026-07-01,Annual,2499,Delhi,
12950,2026-07-01,Annual,2499,Delhi,
12951,2026-07-01,Annual,2499,Ahmedabad,
12952,2026-07-01,Monthly,299,Delhi,
12953,2026-07-01,Monthly,299,Pune,
12954,2026-07-01,Monthly,299,Pune,
12955,2026-07-01,Monthly,299,Hyderabad,
12956,2026-07-01,Annual,2499,Delhi,
12957,2026-07-01,Annual,2499,Bengaluru,
12958,2026-07-01,Monthly,299,Pune,
12959,2026-07-01,Annual,2499,Kolkata,
12960,2026-07-01,Monthly,299,Bengaluru,2026-08-01
12961,2026-07-01,Annual,2499,Ahmedabad,2026-08-01
12962,2026-07-01,Monthly,299,Jaipur,
12963,2026-07-01,Annual,2499,Ahmedabad,
12964,2026-07-01,Annual,2499,Bengaluru,
12965,2026-07-01,Monthly,299,Kolkata,
12966,2026-07-01,Monthly,299,Jaipur,
12967,2026-07-01,Monthly,299,,
12968,2026-07-01,Monthly,299,Hyderabad,
12969,2026-07-01,Annual,2499,Mumbai,
12970,2026-07-01,Annual,2499,Delhi,
12971,2026-07-01,Annual,2499,Chennai,
12972,2026-07-01,Monthly,299,Delhi,
12973,2026-07-01,Monthly,299,Bengaluru,
12974,2026-07-01,Monthly,299,Pune,
12975,2026-07-01,Monthly,299,Mumbai,
12976,2026-07-01,Annual,2499,Kolkata,
12977,2026-07-01,Monthly,299,Ahmedabad,
12978,2026-07-01,Monthly,299,Pune,
12979,2026-07-01,Annual,2499,Delhi,
12980,2026-07-01,Monthly,299,Patna,
12981,2026-07-01,Monthly,299,Mumbai,
12982,2026-07-01,Annual,2499,Delhi,
12983,2026-07-01,Monthly,299,Pune,
12984,2026-07-01,Annual,2499,Pune,
12985,2026-07-01,Monthly,299,Hyderabad,
12986,2026-07-01,Monthly,299,Mumbai,2026-08-01
12987,2026-07-01,Annual,2499,Chennai,
12988,2026-07-01,Monthly,299,Chennai,
12989,2026-07-01,Monthly,299,Hyderabad,
12990,2026-07-01,Annual,2499,Hyderabad,
12991,2026-07-01,Monthly,299,Hyderabad,
12992,2026-07-01,Annual,2499,Delhi,
12993,2026-07-01,Monthly,299,Pune,
12994,2026-07-01,Annual,2499,Bengaluru,
12995,2026-07-01,Monthly,299,Hyderabad,2026-08-01
12996,2026-07-01,Monthly,299,Chennai,
12997,2026-07-01,Monthly,299,Kolkata,
12998,2026-07-01,Monthly,299,Delhi,
12999,2026-07-01,Monthly,299,Jaipur,
13000,2026-07-01,Annual,2499,Kolkata,
13001,2026-07-01,Monthly,299,Delhi,
13002,2026-07-01,Monthly,299,Kolkata,
13003,2026-07-01,Monthly,299,Kolkata,
13004,2026-07-01,Monthly,299,Mumbai,2026-08-01
13005,2026-07-01,Annual,2499,Patna,
13006,2026-07-01,Annual,2499,Chennai,
13007,2026-07-01,Annual,2499,Jaipur,
13008,2026-07-01,Monthly,299,Hyderabad,
13009,2026-07-01,Monthly,299,Kolkata,
13010,2026-07-01,Annual,2499,Mumbai,
13011,2026-07-01,Monthly,299,Kolkata,
13012,2026-07-01,Monthly,299,Bengaluru,
13013,2026-07-01,Annual,2499,Jaipur,
13014,2026-07-01,Annual,2499,Ahmedabad,
13015,2026-07-01,Monthly,299,Hyderabad,
13016,2026-07-01,Monthly,299,Hyderabad,2026-08-01
13017,2026-07-01,Monthly,299,Ahmedabad,
13018,2026-07-01,Monthly,299,Mumbai,
13019,2026-07-01,Monthly,299,Jaipur,
13020,2026-07-01,Monthly,299,Chennai,
13021,2026-07-01,Monthly,299,Chennai,
13022,2026-07-01,Monthly,299,,
13023,2026-07-01,Monthly,299,Hyderabad,
13024,2026-07-01,Monthly,299,Chennai,
13025,2026-07-01,Monthly,299,Pune,
13026,2026-07-01,Annual,2499,Mumbai,
13027,2026-07-01,Monthly,299,Bengaluru,
13028,2026-07-01,Annual,2499,Kolkata,
13029,2026-07-01,Monthly,299,Jaipur,
13030,2026-07-01,Monthly,299,Pune,
13031,2026-07-01,Monthly,299,Ahmedabad,
13032,2026-07-01,Monthly,299,Pune,
13033,2026-07-01,Annual,2499,Jaipur,
13034,2026-07-01,Annual,2499,Delhi,
13035,2026-07-01,Annual,2499,Hyderabad,
13036,2026-07-01,Annual,2499,Bengaluru,
13037,2026-07-01,Monthly,299,Bengaluru,2026-08-01
13038,2026-07-01,Monthly,299,Jaipur,
13039,2026-07-01,Monthly,299,Hyderabad,
13040,2026-07-01,Annual,2499,Jaipur,
13041,2026-07-01,Monthly,299,Bengaluru,
13042,2026-07-01,Monthly,299,Bengaluru,
13043,2026-07-01,Annual,2499,Kolkata,
13044,2026-07-01,Monthly,299,Ahmedabad,
13045,2026-07-01,Monthly,299,Chennai,
13046,2026-07-01,Monthly,299,Bengaluru,
13047,2026-07-01,Annual,2499,Hyderabad,
13048,2026-07-01,Annual,2499,Pune,
13049,2026-07-01,Monthly,299,Ahmedabad,
13050,2026-07-01,Annual,2499,Delhi,
13051,2026-07-01,Monthly,299,Mumbai,
13052,2026-07-01,Annual,2499,Hyderabad,
13053,2026-07-01,Monthly,299,Chennai,
13054,2026-07-01,Annual,2499,Bengaluru,
13055,2026-07-01,Monthly,299,Patna,
13056,2026-07-01,Monthly,299,Pune,
13057,2026-07-01,Monthly,299,Pune,2026-08-01
13058,2026-07-01,Monthly,299,,
13059,2026-07-01,Monthly,299,Chennai,2026-08-01
13060,2026-07-01,Monthly,299,Ahmedabad,
13061,2026-07-01,Monthly,299,Jaipur,
13062,2026-07-01,Monthly,299,Mumbai,2026-08-01
13063,2026-07-01,Monthly,299,Mumbai,2026-08-01
13064,2026-07-01,Monthly,299,Ahmedabad,
13065,2026-07-01,Annual,2499,Hyderabad,
13066,2026-07-01,Monthly,299,Ahmedabad,2026-08-01
13067,2026-07-01,Monthly,299,Kolkata,
13068,2026-07-01,Annual,2499,Ahmedabad,
13069,2026-07-01,Monthly,299,Patna,
13070,2026-07-01,Monthly,299,Hyderabad,
13071,2026-07-01,Monthly,299,Patna,
13072,2026-07-01,Annual,2499,Delhi,
13073,2026-07-01,Annual,2499,Patna,
13074,2026-07-01,Monthly,299,Hyderabad,
13075,2026-07-01,Monthly,299,Pune,
13076,2026-07-01,Monthly,299,Bengaluru,
13077,2026-07-01,Monthly,299,Hyderabad,
13078,2026-07-01,Annual,2499,Mumbai,
13079,2026-07-01,Monthly,299,Bengaluru,
13080,2026-07-01,Monthly,299,Jaipur,
13081,2026-07-01,Monthly,299,Jaipur,
13082,2026-07-01,Annual,2499,Hyderabad,
13083,2026-07-01,Monthly,299,Delhi,
13084,2026-07-01,Annual,2499,,
13085,2026-07-01,Annual,2499,Bengaluru,
13086,2026-07-01,Monthly,299,Mumbai,
13087,2026-07-01,Annual,2499,,
13088,2026-07-01,Monthly,299,Ahmedabad,
13089,2026-07-01,Monthly,299,Bengaluru,
13090,2026-07-01,Monthly,299,Chennai,
13091,2026-07-01,Monthly,299,Patna,
13092,2026-07-01,Annual,2499,Kolkata,
13093,2026-07-01,Annual,2499,Jaipur,2026-08-01
13094,2026-07-01,Monthly,299,Mumbai,
13095,2026-07-01,Monthly,299,Pune,
13096,2026-07-01,Annual,2499,Bengaluru,
13097,2026-07-01,Monthly,299,,
13098,2026-07-01,Monthly,299,Chennai,2026-08-01
13099,2026-07-01,Monthly,299,Pune,
13100,2026-07-01,Monthly,299,Kolkata,
13101,2026-07-01,Annual,2499,Mumbai,
13102,2026-07-01,Annual,2499,Bengaluru,
13103,2026-07-01,Annual,2499,Mumbai,
13104,2026-07-01,Annual,2499,Hyderabad,
13105,2026-07-01,Monthly,299,Kolkata,
13106,2026-07-01,Annual,2499,Bengaluru,
13107,2026-07-01,Monthly,299,Jaipur,
13108,2026-07-01,Monthly,299,Patna,
13109,2026-07-01,Monthly,299,Bengaluru,
13110,2026-07-01,Monthly,299,Hyderabad,
13111,2026-07-01,Monthly,299,Chennai,
13112,2026-07-01,Monthly,299,Delhi,
13113,2026-07-01,Monthly,299,Pune,
13114,2026-07-01,Monthly,299,Chennai,
13115,2026-07-01,Monthly,299,Patna,
13116,2026-07-01,Monthly,299,Delhi,
13117,2026-07-01,Annual,2499,Bengaluru,
13118,2026-07-01,Annual,2499,Bengaluru,2026-08-01
13119,2026-07-01,Annual,2499,Patna,
13120,2026-07-01,Monthly,299,Kolkata,
13121,2026-07-01,Annual,2499,Pune,
13122,2026-07-01,Annual,2499,Chennai,
13123,2026-07-01,Monthly,299,Chennai,
13124,2026-07-01,Monthly,299,Bengaluru,2026-08-01
13125,2026-07-01,Annual,2499,Kolkata,
13126,2026-07-01,Monthly,299,Bengaluru,2026-08-01
13127,2026-07-01,Monthly,299,Ahmedabad,
13128,2026-07-01,Monthly,299,Delhi,
13129,2026-07-01,Monthly,299,Chennai,
13130,2026-07-01,Monthly,299,,
13131,2026-07-01,Annual,2499,Patna,
13132,2026-07-01,Monthly,299,Hyderabad,
13133,2026-07-01,Monthly,299,Ahmedabad,
13134,2026-07-01,Annual,2499,Pune,
13135,2026-07-01,Monthly,299,Hyderabad,
13136,2026-07-01,Monthly,299,Ahmedabad,
13137,2026-07-01,Monthly,299,Ahmedabad,2026-08-01
13138,2026-07-01,Monthly,299,Hyderabad,
13139,2026-07-01,Monthly,299,Delhi,
13140,2026-07-01,Monthly,299,Patna,
13141,2026-07-01,Monthly,299,Bengaluru,
13142,2026-07-01,Annual,2499,Kolkata,
13143,2026-07-01,Monthly,299,Patna,
13144,2026-07-01,Annual,2499,Hyderabad,
13145,2026-07-01,Annual,2499,Jaipur,
13146,2026-07-01,Monthly,299,Hyderabad,
13147,2026-07-01,Monthly,299,Kolkata,
13148,2026-07-01,Annual,2499,Delhi,2026-08-01
13149,2026-07-01,Monthly,299,Hyderabad,
13150,2026-07-01,Annual,2499,Delhi,
13151,2026-07-01,Monthly,299,Pune,2026-08-01
13152,2026-07-01,Monthly,299,Patna,
13153,2026-07-01,Monthly,299,Jaipur,
13154,2026-07-01,Annual,2499,Patna,
13155,2026-07-01,Monthly,299,Hyderabad,
13156,2026-07-01,Monthly,299,Patna,
13157,2026-07-01,Annual,2499,Pune,
13158,2026-07-01,Annual,2499,Bengaluru,
13159,2026-07-01,Annual,2499,Patna,
13160,2026-07-01,Annual,2499,Hyderabad,
13161,2026-07-01,Annual,2499,Mumbai,
13162,2026-07-01,Annual,2499,Ahmedabad,
13163,2026-07-01,Annual,2499,Chennai,
13164,2026-07-01,Monthly,299,Bengaluru,2026-08-01
13165,2026-07-01,Monthly,299,Patna,
13166,2026-07-01,Monthly,299,Hyderabad,
13167,2026-07-01,Monthly,299,Jaipur,
13168,2026-07-01,Annual,2499,Delhi,
13169,2026-07-01,Monthly,299,Delhi,
13170,2026-07-01,Annual,2499,Kolkata,
13171,2026-07-01,Annual,2499,Ahmedabad,
13172,2026-07-01,Monthly,299,Mumbai,
13173,2026-07-01,Monthly,299,Mumbai,
13174,2026-07-01,Monthly,299,Hyderabad,
13175,2026-07-01,Monthly,299,Chennai,
13176,2026-07-01,Annual,2499,Mumbai,
13177,2026-07-01,Annual,2499,Kolkata,
13178,2026-07-01,Monthly,299,Bengaluru,
13179,2026-07-01,Annual,2499,Patna,
13180,2026-07-01,Annual,2499,Kolkata,
13181,2026-07-01,Monthly,299,Hyderabad,2026-08-01
13182,2026-07-01,Monthly,299,Kolkata,2026-08-01
13183,2026-07-01,Monthly,299,Patna,
13184,2026-07-01,Monthly,299,Patna,2026-08-01
13185,2026-07-01,Annual,2499,Delhi,
13186,2026-07-01,Monthly,299,Bengaluru,2026-08-01
13187,2026-07-01,Monthly,299,Chennai,
13188,2026-07-01,Annual,2499,Delhi,
13189,2026-07-01,Monthly,299,Patna,
13190,2026-07-01,Monthly,299,Patna,
13191,2026-07-01,Monthly,299,Ahmedabad,
13192,2026-07-01,Annual,2499,Chennai,
13193,2026-07-01,Monthly,299,Pune,
13194,2026-07-01,Monthly,299,Mumbai,
13195,2026-07-01,Monthly,299,Hyderabad,
13196,2026-07-01,Monthly,299,Jaipur,
13197,2026-07-01,Monthly,299,Delhi,2026-08-01
13198,2026-07-01,Monthly,299,Mumbai,
13199,2026-07-01,Annual,2499,Jaipur,
13200,2026-07-01,Monthly,299,Mumbai,
13201,2026-07-01,Monthly,299,Jaipur,
13202,2026-07-01,Annual,2499,Patna,
13203,2026-07-01,Annual,2499,Patna,
13204,2026-07-01,Monthly,299,Chennai,
13205,2026-07-01,Monthly,299,Mumbai,
13206,2026-07-01,Monthly,299,Delhi,
13207,2026-07-01,Annual,2499,,
13208,2026-07-01,Monthly,299,Mumbai,
13209,2026-07-01,Monthly,299,Mumbai,
13210,2026-07-01,Annual,2499,Bengaluru,
13211,2026-07-01,Monthly,299,Kolkata,
13212,2026-07-01,Monthly,299,,
13213,2026-07-01,Monthly,299,Chennai,
13214,2026-07-01,Monthly,299,Bengaluru,
13215,2026-07-01,Monthly,299,Jaipur,
13216,2026-07-01,Monthly,299,Kolkata,
13217,2026-07-01,Monthly,299,Jaipur,
13218,2026-07-01,Monthly,299,Ahmedabad,
13219,2026-07-01,Monthly,299,Chennai,
13220,2026-07-01,Monthly,299,Hyderabad,
13221,2026-07-01,Annual,2499,Kolkata,
13222,2026-07-01,Annual,2499,Pune,
13223,2026-07-01,Monthly,299,Bengaluru,2026-08-01
13224,2026-07-01,Annual,2499,Jaipur,
13225,2026-07-01,Annual,2499,Ahmedabad,
13226,2026-07-01,Annual,2499,Chennai,
13227,2026-07-01,Monthly,299,Kolkata,
13228,2026-07-01,Monthly,299,Hyderabad,2026-08-01
13229,2026-07-01,Monthly,299,,
13230,2026-07-01,Monthly,299,Hyderabad,
13231,2026-07-01,Monthly,299,Hyderabad,
13232,2026-07-01,Annual,2499,Kolkata,
13233,2026-07-01,Annual,2499,Jaipur,
13234,2026-07-01,Monthly,299,Ahmedabad,2026-08-01
13235,2026-07-01,Monthly,299,Delhi,2026-08-01
13236,2026-07-01,Annual,2499,Hyderabad,
13237,2026-07-01,Monthly,299,Delhi,2026-08-01
13238,2026-07-01,Annual,2499,Hyderabad,
13239,2026-07-01,Monthly,299,Hyderabad,
13240,2026-07-01,Monthly,299,Bengaluru,
13241,2026-07-01,Annual,2499,,
13242,2026-07-01,Monthly,299,Jaipur,
13243,2026-07-01,Monthly,299,Jaipur,
13244,2026-07-01,Annual,2499,Chennai,
13245,2026-07-01,Annual,2499,Ahmedabad,
13246,2026-07-01,Monthly,299,Patna,
13247,2026-07-01,Monthly,299,Mumbai,2026-08-01
13248,2026-07-01,Monthly,299,Chennai,
13249,2026-07-01,Monthly,299,Patna,
13250,2026-07-01,Monthly,299,Ahmedabad,
13251,2026-07-01,Monthly,299,Chennai,
13252,2026-07-01,Monthly,299,Bengaluru,
13253,2026-07-01,Annual,2499,Patna,
13254,2026-07-01,Monthly,299,Patna,
13255,2026-07-01,Monthly,299,Hyderabad,
13256,2026-07-01,Annual,2499,Kolkata,
13257,2026-07-01,Monthly,299,Delhi,2026-08-01
13258,2026-07-01,Annual,2499,Mumbai,
13259,2026-07-01,Monthly,299,Ahmedabad,
13260,2026-07-01,Monthly,299,Patna,
13261,2026-07-01,Monthly,299,Delhi,
13262,2026-07-01,Monthly,299,Chennai,
13263,2026-07-01,Monthly,299,Hyderabad,
13264,2026-07-01,Monthly,299,Hyderabad,
13265,2026-07-01,Monthly,299,Hyderabad,
13266,2026-07-01,Monthly,299,Mumbai,
13267,2026-07-01,Monthly,299,Delhi,
13268,2026-07-01,Monthly,299,Hyderabad,
13269,2026-07-01,Monthly,299,Patna,
13270,2026-07-01,Annual,2499,Hyderabad,
13271,2026-07-01,Monthly,299,Delhi,
13272,2026-07-01,Monthly,299,Pune,
13273,2026-07-01,Monthly,299,Hyderabad,
13274,2026-07-01,Monthly,299,Kolkata,
13275,2026-07-01,Monthly,299,Mumbai,
13276,2026-07-01,Monthly,299,Bengaluru,2026-08-01
13277,2026-07-01,Monthly,299,Ahmedabad,
13278,2026-07-01,Monthly,299,Delhi,
13279,2026-07-01,Monthly,299,Kolkata,
13280,2026-07-01,Monthly,299,Ahmedabad,
13281,2026-07-01,Annual,2499,Patna,
13282,2026-07-01,Monthly,299,Patna,
13283,2026-07-01,Monthly,299,Kolkata,
13284,2026-07-01,Monthly,299,Mumbai,
13285,2026-07-01,Annual,2499,Ahmedabad,
13286,2026-07-01,Monthly,299,Hyderabad,
13287,2026-07-01,Monthly,299,Mumbai,
13288,2026-07-01,Monthly,299,Mumbai,
13289,2026-07-01,Monthly,299,Delhi,
13290,2026-07-01,Monthly,299,Mumbai,
13291,2026-07-01,Monthly,299,Ahmedabad,
13292,2026-07-01,Monthly,299,Chennai,
13293,2026-07-01,Monthly,299,Ahmedabad,
13294,2026-07-01,Monthly,299,Pune,
13295,2026-07-01,Monthly,299,Jaipur,
13296,2026-07-01,Monthly,299,Bengaluru,
13297,2026-07-01,Monthly,299,Ahmedabad,
13298,2026-07-01,Monthly,299,Bengaluru,
13299,2026-07-01,Monthly,299,Hyderabad,
13300,2026-07-01,Annual,2499,Pune,
13301,2026-07-01,Annual,2499,Mumbai,
13302,2026-07-01,Annual,2499,Jaipur,
13303,2026-07-01,Monthly,299,Delhi,
13304,2026-07-01,Annual,2499,Jaipur,
13305,2026-07-01,Annual,2499,Jaipur,
13306,2026-07-01,Monthly,299,Bengaluru,
13307,2026-07-01,Monthly,299,Delhi,
13308,2026-07-01,Annual,2499,Bengaluru,
13309,2026-07-01,Monthly,299,Pune,
13310,2026-07-01,Monthly,299,Pune,
13311,2026-07-01,Monthly,299,Bengaluru,
13312,2026-07-01,Monthly,299,Pune,
13313,2026-07-01,Annual,2499,Kolkata,
13314,2026-07-01,Monthly,299,Jaipur,
13315,2026-07-01,Annual,2499,Delhi,
13316,2026-07-01,Monthly,299,Patna,
13317,2026-07-01,Monthly,299,Ahmedabad,
13318,2026-07-01,Monthly,299,Jaipur,2026-08-01
13319,2026-07-01,Monthly,299,Patna,
13320,2026-07-01,Monthly,299,Mumbai,
13321,2026-07-01,Monthly,299,Ahmedabad,
13322,2026-07-01,Monthly,299,Jaipur,
13323,2026-07-01,Monthly,299,Chennai,
13324,2026-07-01,Annual,2499,Jaipur,
13325,2026-07-01,Annual,2499,Bengaluru,
13326,2026-07-01,Monthly,299,Jaipur,
13327,2026-07-01,Monthly,299,Chennai,
13328,2026-07-01,Monthly,299,Chennai,
13329,2026-07-01,Monthly,299,Pune,
13330,2026-07-01,Monthly,299,Chennai,
13331,2026-07-01,Monthly,299,Ahmedabad,
13332,2026-07-01,Monthly,299,Bengaluru,
13333,2026-07-01,Monthly,299,Patna,
13334,2026-07-01,Monthly,299,Patna,2026-08-01
13335,2026-07-01,Annual,2499,Delhi,
13336,2026-07-01,Monthly,299,Bengaluru,
13337,2026-07-01,Monthly,299,Mumbai,
13338,2026-07-01,Annual,2499,Jaipur,
13339,2026-08-01,Monthly,299,Hyderabad,
13340,2026-08-01,Annual,2499,,
13341,2026-08-01,Monthly,299,Jaipur,
13342,2026-08-01,Annual,2499,Patna,
13343,2026-08-01,Monthly,299,Mumbai,
13344,2026-08-01,Annual,2499,Kolkata,
13345,2026-08-01,Annual,2499,Delhi,
13346,2026-08-01,Monthly,299,Kolkata,
13347,2026-08-01,Monthly,299,Delhi,
13348,2026-08-01,Annual,2499,Patna,
13349,2026-08-01,Annual,2499,Patna,
13350,2026-08-01,Annual,2499,Mumbai,
13351,2026-08-01,Monthly,299,Kolkata,
13352,2026-08-01,Monthly,299,Pune,
13353,2026-08-01,Annual,2499,Ahmedabad,
13354,2026-08-01,Annual,2499,Delhi,
13355,2026-08-01,Monthly,299,Jaipur,
13356,2026-08-01,Monthly,299,Jaipur,
13357,2026-08-01,Monthly,299,Bengaluru,
13358,2026-08-01,Annual,2499,Delhi,
13359,2026-08-01,Monthly,299,Kolkata,
13360,2026-08-01,Monthly,299,Ahmedabad,
13361,2026-08-01,Monthly,299,Delhi,
13362,2026-08-01,Monthly,299,Kolkata,
13363,2026-08-01,Annual,2499,Ahmedabad,
13364,2026-08-01,Monthly,299,Hyderabad,
13365,2026-08-01,Monthly,299,Jaipur,
13366,2026-08-01,Monthly,299,Kolkata,
13367,2026-08-01,Monthly,299,Mumbai,
13368,2026-08-01,Annual,2499,Kolkata,
13369,2026-08-01,Annual,2499,Delhi,
13370,2026-08-01,Annual,2499,Bengaluru,
13371,2026-08-01,Monthly,299,Pune,
13372,2026-08-01,Annual,2499,Mumbai,
13373,2026-08-01,Monthly,299,Pune,
13374,2026-08-01,Annual,2499,Ahmedabad,
13375,2026-08-01,Monthly,299,Patna,
13376,2026-08-01,Monthly,299,Pune,
13377,2026-08-01,Monthly,299,Ahmedabad,
13378,2026-08-01,Monthly,299,Kolkata,
13379,2026-08-01,Monthly,299,Kolkata,
13380,2026-08-01,Annual,2499,Jaipur,
13381,2026-08-01,Annual,2499,Mumbai,
13382,2026-08-01,Monthly,299,Chennai,
13383,2026-08-01,Monthly,299,Delhi,
13384,2026-08-01,Monthly,299,Mumbai,
13385,2026-08-01,Monthly,299,Jaipur,
13386,2026-08-01,Monthly,299,Delhi,
13387,2026-08-01,Monthly,299,Hyderabad,
13388,2026-08-01,Annual,2499,Mumbai,
13389,2026-08-01,Annual,2499,Pune,
13390,2026-08-01,Monthly,299,Pune,
13391,2026-08-01,Monthly,299,Chennai,
13392,2026-08-01,Monthly,299,Pune,
13393,2026-08-01,Monthly,299,Bengaluru,
13394,2026-08-01,Monthly,299,Pune,
13395,2026-08-01,Annual,2499,Ahmedabad,
13396,2026-08-01,Annual,2499,Kolkata,
13397,2026-08-01,Monthly,299,Bengaluru,
13398,2026-08-01,Monthly,299,Jaipur,
13399,2026-08-01,Monthly,299,Chennai,
13400,2026-08-01,Annual,2499,Hyderabad,
13401,2026-08-01,Monthly,299,Jaipur,
13402,2026-08-01,Annual,2499,Mumbai,
13403,2026-08-01,Monthly,299,Patna,
13404,2026-08-01,Annual,2499,Jaipur,
13405,2026-08-01,Monthly,299,Mumbai,
13406,2026-08-01,Monthly,299,Kolkata,
13407,2026-08-01,Annual,2499,Ahmedabad,
13408,2026-08-01,Annual,2499,Bengaluru,
13409,2026-08-01,Annual,2499,Ahmedabad,
13410,2026-08-01,Monthly,299,Pune,
13411,2026-08-01,Monthly,299,Kolkata,
13412,2026-08-01,Annual,2499,Patna,
13413,2026-08-01,Monthly,299,Mumbai,
13414,2026-08-01,Monthly,299,Delhi,
13415,2026-08-01,Monthly,299,Chennai,
13416,2026-08-01,Monthly,299,Patna,
13417,2026-08-01,Annual,2499,Patna,
13418,2026-08-01,Monthly,299,Patna,
13419,2026-08-01,Monthly,299,Delhi,
13420,2026-08-01,Annual,2499,Ahmedabad,
13421,2026-08-01,Annual,2499,Kolkata,
13422,2026-08-01,Monthly,299,Bengaluru,
13423,2026-08-01,Monthly,299,Kolkata,
13424,2026-08-01,Annual,2499,Patna,
13425,2026-08-01,Monthly,299,Mumbai,
13426,2026-08-01,Annual,2499,Hyderabad,
13427,2026-08-01,Monthly,299,Ahmedabad,
13428,2026-08-01,Annual,2499,Patna,
13429,2026-08-01,Monthly,299,,
13430,2026-08-01,Annual,2499,Hyderabad,
13431,2026-08-01,Monthly,299,Chennai,
13432,2026-08-01,Annual,2499,Pune,
13433,2026-08-01,Monthly,299,Mumbai,
13434,2026-08-01,Monthly,299,Mumbai,
13435,2026-08-01,Monthly,299,Hyderabad,
13436,2026-08-01,Annual,2499,Pune,
13437,2026-08-01,Monthly,299,Delhi,
13438,2026-08-01,Monthly,299,Pune,
13439,2026-08-01,Monthly,299,Patna,
13440,2026-08-01,Annual,2499,Delhi,
13441,2026-08-01,Monthly,299,Kolkata,
13442,2026-08-01,Monthly,299,Bengaluru,
13443,2026-08-01,Annual,2499,Mumbai,
13444,2026-08-01,Monthly,299,Hyderabad,
13445,2026-08-01,Monthly,299,Mumbai,
13446,2026-08-01,Annual,2499,Ahmedabad,
13447,2026-08-01,Monthly,299,Hyderabad,
13448,2026-08-01,Annual,2499,Bengaluru,
13449,2026-08-01,Annual,2499,Ahmedabad,
13450,2026-08-01,Monthly,299,Ahmedabad,
13451,2026-08-01,Annual,2499,Ahmedabad,
13452,2026-08-01,Monthly,299,Ahmedabad,
13453,2026-08-01,Monthly,299,Patna,
13454,2026-08-01,Annual,2499,Chennai,
13455,2026-08-01,Monthly,299,Bengaluru,
13456,2026-08-01,Monthly,299,Hyderabad,
13457,2026-08-01,Annual,2499,Ahmedabad,
13458,2026-08-01,Monthly,299,Mumbai,
13459,2026-08-01,Annual,2499,Bengaluru,
13460,2026-08-01,Monthly,299,Ahmedabad,
13461,2026-08-01,Annual,2499,Pune,
13462,2026-08-01,Annual,2499,Ahmedabad,
13463,2026-08-01,Annual,2499,Patna,
13464,2026-08-01,Annual,2499,Delhi,
13465,2026-08-01,Monthly,299,Delhi,
13466,2026-08-01,Annual,2499,Kolkata,
13467,2026-08-01,Annual,2499,Ahmedabad,
13468,2026-08-01,Annual,2499,Patna,
13469,2026-08-01,Monthly,299,Jaipur,
13470,2026-08-01,Annual,2499,Delhi,
13471,2026-08-01,Monthly,299,Patna,
13472,2026-08-01,Monthly,299,Mumbai,
13473,2026-08-01,Monthly,299,Delhi,
13474,2026-08-01,Monthly,299,Jaipur,
13475,2026-08-01,Monthly,299,Hyderabad,
13476,2026-08-01,Monthly,299,Kolkata,
13477,2026-08-01,Monthly,299,Kolkata,
13478,2026-08-01,Monthly,299,Bengaluru,
13479,2026-08-01,Annual,2499,Chennai,
13480,2026-08-01,Annual,2499,Bengaluru,
13481,2026-08-01,Monthly,299,Hyderabad,
13482,2026-08-01,Monthly,299,Hyderabad,
13483,2026-08-01,Annual,2499,Pune,
13484,2026-08-01,Annual,2499,Bengaluru,
13485,2026-08-01,Monthly,299,Hyderabad,
13486,2026-08-01,Monthly,299,Jaipur,
13487,2026-08-01,Monthly,299,Bengaluru,
13488,2026-08-01,Annual,2499,Hyderabad,
13489,2026-08-01,Monthly,299,Patna,
13490,2026-08-01,Monthly,299,Delhi,
13491,2026-08-01,Monthly,299,Ahmedabad,
13492,2026-08-01,Monthly,299,Delhi,
13493,2026-08-01,Monthly,299,Delhi,
13494,2026-08-01,Monthly,299,Jaipur,
13495,2026-08-01,Monthly,299,Ahmedabad,
13496,2026-08-01,Monthly,299,Jaipur,
13497,2026-08-01,Monthly,299,Hyderabad,
13498,2026-08-01,Monthly,299,Bengaluru,
13499,2026-08-01,Monthly,299,Hyderabad,
13500,2026-08-01,Monthly,299,Bengaluru,
13501,2026-08-01,Annual,2499,Jaipur,
13502,2026-08-01,Annual,2499,Hyderabad,
13503,2026-08-01,Annual,2499,Delhi,
13504,2026-08-01,Annual,2499,Hyderabad,
13505,2026-08-01,Monthly,299,Ahmedabad,
13506,2026-08-01,Monthly,299,Bengaluru,
13507,2026-08-01,Monthly,299,Jaipur,
13508,2026-08-01,Monthly,299,Patna,
13509,2026-08-01,Monthly,299,Bengaluru,
13510,2026-08-01,Annual,2499,Kolkata,
13511,2026-08-01,Annual,2499,Bengaluru,
13512,2026-08-01,Monthly,299,Delhi,
13513,2026-08-01,Annual,2499,Jaipur,
13514,2026-08-01,Monthly,299,Jaipur,
13515,2026-08-01,Annual,2499,Chennai,
13516,2026-08-01,Annual,2499,Pune,
13517,2026-08-01,Monthly,299,Bengaluru,
13518,2026-08-01,Monthly,299,Patna,
13519,2026-08-01,Monthly,299,Jaipur,
13520,2026-08-01,Monthly,299,Pune,
13521,2026-08-01,Monthly,299,Jaipur,
13522,2026-08-01,Monthly,299,Jaipur,
13523,2026-08-01,Monthly,299,Kolkata,
13524,2026-08-01,Monthly,299,Jaipur,
13525,2026-08-01,Annual,2499,Patna,
13526,2026-08-01,Monthly,299,Mumbai,
13527,2026-08-01,Monthly,299,Bengaluru,
13528,2026-08-01,Monthly,299,Hyderabad,
13529,2026-08-01,Annual,2499,Delhi,
13530,2026-08-01,Monthly,299,Delhi,
13531,2026-08-01,Monthly,299,Hyderabad,
13532,2026-08-01,Monthly,299,Patna,
13533,2026-08-01,Monthly,299,Pune,
13534,2026-08-01,Monthly,299,Mumbai,
13535,2026-08-01,Monthly,299,Hyderabad,
13536,2026-08-01,Annual,2499,Mumbai,
13537,2026-08-01,Annual,2499,Hyderabad,
13538,2026-08-01,Monthly,299,Bengaluru,
13539,2026-08-01,Annual,2499,Jaipur,
13540,2026-08-01,Monthly,299,Patna,
13541,2026-08-01,Annual,2499,Bengaluru,
13542,2026-08-01,Monthly,299,Jaipur,
13543,2026-08-01,Monthly,299,Kolkata,
13544,2026-08-01,Annual,2499,Ahmedabad,
13545,2026-08-01,Monthly,299,Hyderabad,
13546,2026-08-01,Monthly,299,Patna,
13547,2026-08-01,Monthly,299,Chennai,
13548,2026-08-01,Monthly,299,Delhi,
13549,2026-08-01,Annual,2499,Mumbai,
13550,2026-08-01,Annual,2499,Bengaluru,
13551,2026-08-01,Annual,2499,Hyderabad,
13552,2026-08-01,Monthly,299,Bengaluru,
13553,2026-08-01,Monthly,299,Bengaluru,
13554,2026-08-01,Monthly,299,Pune,
13555,2026-08-01,Annual,2499,Hyderabad,
13556,2026-08-01,Monthly,299,Delhi,
13557,2026-08-01,Annual,2499,Mumbai,
13558,2026-08-01,Annual,2499,Ahmedabad,
13559,2026-08-01,Monthly,299,Patna,
13560,2026-08-01,Monthly,299,Ahmedabad,
13561,2026-08-01,Monthly,299,Hyderabad,
13562,2026-08-01,Monthly,299,Kolkata,
13563,2026-08-01,Monthly,299,Chennai,
13564,2026-08-01,Monthly,299,Chennai,
13565,2026-08-01,Annual,2499,Patna,
13566,2026-08-01,Monthly,299,Hyderabad,
13567,2026-08-01,Monthly,299,Patna,
13568,2026-08-01,Annual,2499,Hyderabad,
13569,2026-08-01,Annual,2499,Mumbai,
13570,2026-08-01,Monthly,299,Hyderabad,
13571,2026-08-01,Annual,2499,Ahmedabad,
13572,2026-08-01,Monthly,299,Bengaluru,
13573,2026-08-01,Monthly,299,Hyderabad,
13574,2026-08-01,Annual,2499,Kolkata,
13575,2026-08-01,Monthly,299,Ahmedabad,
13576,2026-08-01,Monthly,299,Ahmedabad,
13577,2026-08-01,Annual,2499,Bengaluru,
13578,2026-08-01,Annual,2499,Bengaluru,
13579,2026-08-01,Monthly,299,Patna,
13580,2026-08-01,Monthly,299,Bengaluru,
13581,2026-08-01,Annual,2499,,
13582,2026-08-01,Annual,2499,Bengaluru,
13583,2026-08-01,Annual,2499,Hyderabad,
13584,2026-08-01,Monthly,299,Pune,
13585,2026-08-01,Annual,2499,Hyderabad,
13586,2026-08-01,Monthly,299,Pune,
13587,2026-08-01,Monthly,299,Patna,
13588,2026-08-01,Annual,2499,Kolkata,
13589,2026-08-01,Monthly,299,Kolkata,
13590,2026-08-01,Monthly,299,Ahmedabad,
13591,2026-08-01,Monthly,299,Mumbai,
13592,2026-08-01,Monthly,299,Jaipur,
13593,2026-08-01,Annual,2499,Chennai,
13594,2026-08-01,Monthly,299,Hyderabad,
13595,2026-08-01,Annual,2499,Jaipur,
13596,2026-08-01,Monthly,299,Delhi,
13597,2026-08-01,Monthly,299,Jaipur,
13598,2026-08-01,Monthly,299,,
13599,2026-08-01,Monthly,299,Pune,
13600,2026-08-01,Monthly,299,Ahmedabad,
13601,2026-08-01,Monthly,299,Patna,
13602,2026-08-01,Annual,2499,Pune,
13603,2026-08-01,Annual,2499,Mumbai,
13604,2026-08-01,Monthly,299,Patna,
13605,2026-08-01,Annual,2499,Jaipur,
13606,2026-08-01,Monthly,299,Jaipur,
13607,2026-08-01,Annual,2499,Pune,
13608,2026-08-01,Monthly,299,Ahmedabad,
13609,2026-08-01,Monthly,299,Jaipur,
13610,2026-08-01,Annual,2499,Mumbai,
13611,2026-08-01,Monthly,299,Chennai,
13612,2026-08-01,Annual,2499,Mumbai,
13613,2026-08-01,Monthly,299,Patna,
13614,2026-08-01,Monthly,299,Patna,
13615,2026-08-01,Monthly,299,,
13616,2026-08-01,Monthly,299,Pune,
13617,2026-08-01,Monthly,299,Hyderabad,
13618,2026-08-01,Monthly,299,Kolkata,
13619,2026-08-01,Monthly,299,Hyderabad,
13620,2026-08-01,Annual,2499,Mumbai,
13621,2026-08-01,Monthly,299,Bengaluru,
13622,2026-08-01,Monthly,299,Hyderabad,
13623,2026-08-01,Monthly,299,Chennai,
13624,2026-08-01,Monthly,299,Patna,
13625,2026-08-01,Monthly,299,Ahmedabad,
13626,2026-08-01,Monthly,299,Ahmedabad,
13627,2026-08-01,Monthly,299,Chennai,
13628,2026-08-01,Monthly,299,Ahmedabad,
13629,2026-08-01,Monthly,299,Kolkata,
13630,2026-08-01,Monthly,299,Bengaluru,
13631,2026-08-01,Annual,2499,Mumbai,
13632,2026-08-01,Monthly,299,Delhi,
13633,2026-08-01,Monthly,299,Bengaluru,
13634,2026-08-01,Annual,2499,Bengaluru,
13635,2026-08-01,Monthly,299,Patna,
13636,2026-08-01,Monthly,299,Jaipur,
13637,2026-08-01,Annual,2499,Mumbai,
13638,2026-08-01,Monthly,299,Pune,
13639,2026-08-01,Monthly,299,Mumbai,
13640,2026-08-01,Annual,2499,Delhi,
13641,2026-08-01,Monthly,299,Pune,
13642,2026-08-01,Annual,2499,Patna,
13643,2026-08-01,Monthly,299,Patna,
13644,2026-08-01,Monthly,299,Kolkata,
13645,2026-08-01,Annual,2499,Ahmedabad,
13646,2026-08-01,Annual,2499,Jaipur,
13647,2026-08-01,Monthly,299,Patna,
13648,2026-08-01,Monthly,299,Bengaluru,
13649,2026-08-01,Monthly,299,Bengaluru,
13650,2026-08-01,Annual,2499,Bengaluru,
13651,2026-08-01,Monthly,299,Kolkata,
13652,2026-08-01,Monthly,299,Bengaluru,
13653,2026-08-01,Annual,2499,Mumbai,
13654,2026-08-01,Monthly,299,Hyderabad,
13655,2026-08-01,Monthly,299,Bengaluru,
13656,2026-08-01,Monthly,299,Ahmedabad,
13657,2026-08-01,Monthly,299,Chennai,
13658,2026-08-01,Monthly,299,Chennai,
13659,2026-08-01,Monthly,299,Jaipur,
13660,2026-08-01,Annual,2499,Hyderabad,
13661,2026-08-01,Monthly,299,Pune,
13662,2026-08-01,Annual,2499,Delhi,
13663,2026-08-01,Monthly,299,Chennai,
13664,2026-08-01,Monthly,299,Hyderabad,
13665,2026-08-01,Annual,2499,Hyderabad,
13666,2026-08-01,Monthly,299,Patna,
13667,2026-08-01,Monthly,299,Kolkata,
13668,2026-08-01,Monthly,299,Ahmedabad,
13669,2026-08-01,Monthly,299,Delhi,
13670,2026-08-01,Monthly,299,Patna,
13671,2026-08-01,Annual,2499,Bengaluru,
13672,2026-08-01,Monthly,299,Delhi,
13673,2026-08-01,Monthly,299,Chennai,
13674,2026-08-01,Monthly,299,Ahmedabad,
13675,2026-08-01,Monthly,299,Jaipur,
13676,2026-08-01,Monthly,299,Jaipur,
13677,2026-08-01,Annual,2499,Pune,
13678,2026-08-01,Monthly,299,Patna,
13679,2026-08-01,Monthly,299,Delhi,
13680,2026-08-01,Monthly,299,Pune,
13681,2026-08-01,Monthly,299,Pune,
13682,2026-08-01,Annual,2499,Ahmedabad,
13683,2026-08-01,Annual,2499,Kolkata,
13684,2026-08-01,Monthly,299,Kolkata,
13685,2026-08-01,Monthly,299,Bengaluru,
13686,2026-08-01,Monthly,299,Patna,
13687,2026-08-01,Monthly,299,Kolkata,
13688,2026-08-01,Monthly,299,Jaipur,
13689,2026-08-01,Annual,2499,Chennai,
13690,2026-08-01,Annual,2499,Bengaluru,
13691,2026-08-01,Annual,2499,Mumbai,
13692,2026-08-01,Annual,2499,Jaipur,
13693,2026-08-01,Monthly,299,Patna,
13694,2026-08-01,Annual,2499,Ahmedabad,
13695,2026-08-01,Monthly,299,Kolkata,
13696,2026-08-01,Monthly,299,,
13697,2026-08-01,Monthly,299,Bengaluru,
13698,2026-08-01,Monthly,299,Jaipur,
13699,2026-08-01,Monthly,299,Mumbai,
13700,2026-08-01,Monthly,299,Bengaluru,
13701,2026-08-01,Monthly,299,Jaipur,
13702,2026-08-01,Monthly,299,Patna,
13703,2026-08-01,Monthly,299,Delhi,
13704,2026-08-01,Monthly,299,Ahmedabad,
13705,2026-08-01,Monthly,299,Jaipur,
13706,2026-08-01,Monthly,299,Mumbai,
13707,2026-08-01,Annual,2499,Mumbai,
13708,2026-08-01,Monthly,299,Patna,
13709,2026-08-01,Monthly,299,Mumbai,
13710,2026-08-01,Annual,2499,Pune,
13711,2026-08-01,Monthly,299,Jaipur,
13712,2026-08-01,Monthly,299,Ahmedabad,
13713,2026-08-01,Monthly,299,Delhi,
13714,2026-08-01,Annual,2499,Chennai,
13715,2026-08-01,Monthly,299,Delhi,
13716,2026-08-01,Annual,2499,Bengaluru,
13717,2026-08-01,Annual,2499,Pune,
13718,2026-08-01,Monthly,299,Delhi,
13719,2026-08-01,Monthly,299,Hyderabad,
13720,2026-08-01,Monthly,299,Jaipur,
13721,2026-08-01,Annual,2499,Bengaluru,
13722,2026-08-01,Monthly,299,Jaipur,
13723,2026-08-01,Monthly,299,Kolkata,
13724,2026-08-01,Monthly,299,Bengaluru,
13725,2026-08-01,Monthly,299,Kolkata,
13726,2026-08-01,Annual,2499,Pune,
13727,2026-08-01,Annual,2499,Delhi,
13728,2026-08-01,Annual,2499,Mumbai,
13729,2026-08-01,Monthly,299,Pune,
13730,2026-08-01,Monthly,299,Pune,
13731,2026-08-01,Annual,2499,Kolkata,
13732,2026-08-01,Monthly,299,Mumbai,
13733,2026-08-01,Monthly,299,Hyderabad,
13734,2026-08-01,Monthly,299,Jaipur,
13735,2026-08-01,Monthly,299,Jaipur,
13736,2026-08-01,Monthly,299,Patna,
13737,2026-08-01,Monthly,299,Ahmedabad,
13738,2026-08-01,Annual,2499,Kolkata,
13739,2026-08-01,Monthly,299,,
13740,2026-08-01,Annual,2499,Patna,
13741,2026-08-01,Monthly,299,Mumbai,
13742,2026-08-01,Annual,2499,Jaipur,
13743,2026-08-01,Monthly,299,Kolkata,
13744,2026-08-01,Monthly,299,Delhi,
13745,2026-08-01,Annual,2499,Pune,
13746,2026-08-01,Monthly,299,Chennai,
13747,2026-08-01,Annual,2499,Delhi,
13748,2026-08-01,Monthly,299,Pune,
13749,2026-08-01,Annual,2499,Kolkata,
13750,2026-08-01,Monthly,299,Jaipur,
13751,2026-08-01,Monthly,299,Hyderabad,
13752,2026-08-01,Annual,2499,Hyderabad,
13753,2026-08-01,Annual,2499,,
13754,2026-08-01,Monthly,299,Jaipur,
13755,2026-08-01,Monthly,299,Hyderabad,
13756,2026-08-01,Monthly,299,Kolkata,
13757,2026-08-01,Annual,2499,Ahmedabad,
13758,2026-08-01,Annual,2499,Patna,
13759,2026-08-01,Annual,2499,Mumbai,
13760,2026-08-01,Annual,2499,Chennai,
13761,2026-08-01,Monthly,299,Patna,
13762,2026-08-01,Monthly,299,,
13763,2026-08-01,Monthly,299,Bengaluru,
13764,2026-08-01,Monthly,299,Pune,
13765,2026-08-01,Monthly,299,Hyderabad,
13766,2026-08-01,Monthly,299,Patna,
13767,2026-08-01,Monthly,299,Kolkata,
13768,2026-08-01,Annual,2499,Patna,
13769,2026-08-01,Monthly,299,Patna,
13770,2026-08-01,Monthly,299,Chennai,
13771,2026-08-01,Annual,2499,Pune,
13772,2026-08-01,Monthly,299,Mumbai,
13773,2026-08-01,Annual,2499,Ahmedabad,
13774,2026-08-01,Annual,2499,Bengaluru,
13775,2026-08-01,Monthly,299,Delhi,
13776,2026-08-01,Monthly,299,Kolkata,
13777,2026-08-01,Monthly,299,Patna,
13778,2026-08-01,Monthly,299,Kolkata,
13779,2026-08-01,Monthly,299,Delhi,
13780,2026-08-01,Annual,2499,Kolkata,
13781,2026-08-01,Monthly,299,Delhi,
13782,2026-08-01,Monthly,299,Kolkata,
13783,2026-08-01,Annual,2499,Hyderabad,
13784,2026-08-01,Annual,2499,Delhi,
13785,2026-08-01,Annual,2499,Chennai,
13786,2026-08-01,Monthly,299,Pune,
13787,2026-08-01,Monthly,299,Patna,
13788,2026-08-01,Monthly,299,Pune,
13789,2026-08-01,Monthly,299,Chennai,
13790,2026-08-01,Annual,2499,Pune,
13791,2026-08-01,Annual,2499,Ahmedabad,
13792,2026-08-01,Monthly,299,Kolkata,
13793,2026-08-01,Monthly,299,Pune,
13794,2026-08-01,Monthly,299,Delhi,
13795,2026-08-01,Monthly,299,Patna,
13796,2026-08-01,Monthly,299,Kolkata,
13797,2026-08-01,Annual,2499,Jaipur,
13798,2026-08-01,Annual,2499,Bengaluru,
13799,2026-08-01,Annual,2499,Delhi,
13800,2026-08-01,Annual,2499,Kolkata,
13801,2026-08-01,Annual,2499,Chennai,
13802,2026-08-01,Annual,2499,Patna,
13803,2026-08-01,Monthly,299,Chennai,
13804,2026-08-01,Monthly,299,Patna,
13805,2026-08-01,Monthly,299,Jaipur,
13806,2026-08-01,Monthly,299,Bengaluru,
13807,2026-08-01,Monthly,299,Delhi,
13808,2026-08-01,Annual,2499,Mumbai,
13809,2026-08-01,Annual,2499,Chennai,
13810,2026-08-01,Monthly,299,Hyderabad,
13811,2026-08-01,Annual,2499,Bengaluru,
13812,2026-08-01,Annual,2499,,
13813,2026-08-01,Annual,2499,Hyderabad,
13814,2026-08-01,Monthly,299,Jaipur,
13815,2026-08-01,Monthly,299,Jaipur,
13816,2026-08-01,Annual,2499,Patna,
13817,2026-08-01,Monthly,299,Kolkata,
13818,2026-08-01,Annual,2499,Bengaluru,
13819,2026-08-01,Annual,2499,Kolkata,
13820,2026-08-01,Annual,2499,Patna,
13821,2026-08-01,Annual,2499,Bengaluru,
13822,2026-08-01,Monthly,299,Pune,
13823,2026-08-01,Monthly,299,Bengaluru,
13824,2026-08-01,Monthly,299,Patna,
13825,2026-08-01,Annual,2499,Pune,
13826,2026-08-01,Monthly,299,Pune,
13827,2026-08-01,Annual,2499,Bengaluru,
13828,2026-08-01,Annual,2499,Delhi,
13829,2026-08-01,Annual,2499,Pune,
13830,2026-08-01,Monthly,299,Chennai,
13831,2026-08-01,Monthly,299,Kolkata,
13832,2026-08-01,Monthly,299,Jaipur,
13833,2026-08-01,Monthly,299,Pune,
13834,2026-08-01,Monthly,299,Ahmedabad,
13835,2026-08-01,Monthly,299,Bengaluru,
13836,2026-08-01,Monthly,299,Delhi,
13837,2026-08-01,Monthly,299,Delhi,
13838,2026-08-01,Monthly,299,Bengaluru,
13839,2026-08-01,Monthly,299,Pune,
13840,2026-08-01,Monthly,299,Ahmedabad,
13841,2026-08-01,Monthly,299,Pune,
13842,2026-08-01,Annual,2499,Pune,
13843,2026-08-01,Monthly,299,Kolkata,
13844,2026-08-01,Monthly,299,Chennai,
13845,2026-08-01,Monthly,299,Ahmedabad,
13846,2026-08-01,Monthly,299,Jaipur,
13847,2026-08-01,Annual,2499,Jaipur,
13848,2026-08-01,Annual,2499,Patna,
13849,2026-08-01,Monthly,299,Patna,
13850,2026-08-01,Monthly,299,Bengaluru,
13851,2026-08-01,Annual,2499,Ahmedabad,
13852,2026-08-01,Monthly,299,Chennai,
13853,2026-08-01,Monthly,299,Hyderabad,
13854,2026-08-01,Monthly,299,Chennai,
13855,2026-08-01,Monthly,299,Patna,
13856,2026-08-01,Monthly,299,Patna,
13857,2026-08-01,Annual,2499,Hyderabad,
13858,2026-08-01,Monthly,299,Chennai,
13859,2026-08-01,Monthly,299,Bengaluru,
13860,2026-08-01,Monthly,299,Patna,
13861,2026-08-01,Monthly,299,Mumbai,
13862,2026-08-01,Annual,2499,Kolkata,
13863,2026-08-01,Monthly,299,Ahmedabad,
13864,2026-08-01,Monthly,299,Pune,
13865,2026-08-01,Monthly,299,Pune,
13866,2026-08-01,Monthly,299,Ahmedabad,
13867,2026-08-01,Monthly,299,Chennai,
13868,2026-08-01,Annual,2499,Ahmedabad,
13869,2026-08-01,Monthly,299,Delhi,
13870,2026-08-01,Monthly,299,Mumbai,
13871,2026-08-01,Monthly,299,Chennai,
13872,2026-08-01,Monthly,299,Mumbai,
13873,2026-08-01,Annual,2499,Chennai,
13874,2026-08-01,Annual,2499,Mumbai,
13875,2026-08-01,Monthly,299,Patna,
13876,2026-08-01,Annual,2499,Hyderabad,
13877,2026-08-01,Annual,2499,Chennai,
13878,2026-08-01,Monthly,299,Pune,
13879,2026-08-01,Monthly,299,Mumbai,
13880,2026-08-01,Monthly,299,Pune,
13881,2026-08-01,Monthly,299,Patna,
13882,2026-08-01,Monthly,299,Jaipur,
13883,2026-08-01,Monthly,299,Bengaluru,
13884,2026-08-01,Annual,2499,Bengaluru,
13885,2026-08-01,Annual,2499,Patna,
13886,2026-08-01,Monthly,299,Hyderabad,
13887,2026-08-01,Monthly,299,Hyderabad,
13888,2026-08-01,Monthly,299,Delhi,
13889,2026-08-01,Annual,2499,Mumbai,
13890,2026-08-01,Monthly,299,Delhi,
13891,2026-08-01,Annual,2499,Chennai,
13892,2026-08-01,Annual,2499,Delhi,
13893,2026-08-01,Monthly,299,Patna,
13894,2026-08-01,Monthly,299,Patna,
13895,2026-08-01,Monthly,299,Mumbai,
13896,2026-08-01,Monthly,299,Ahmedabad,
13897,2026-08-01,Annual,2499,Delhi,
13898,2026-08-01,Annual,2499,Hyderabad,
13899,2026-08-01,Monthly,299,Delhi,
13900,2026-08-01,Monthly,299,Chennai,
13901,2026-08-01,Monthly,299,Patna,
13902,2026-08-01,Monthly,299,Patna,
13903,2026-08-01,Monthly,299,Mumbai,
13904,2026-08-01,Annual,2499,Delhi,
13905,2026-08-01,Monthly,299,Kolkata,
13906,2026-08-01,Annual,2499,Patna,
13907,2026-08-01,Monthly,299,Mumbai,
13908,2026-08-01,Monthly,299,Mumbai,
13909,2026-08-01,Monthly,299,Kolkata,
13910,2026-08-01,Monthly,299,Mumbai,
13911,2026-08-01,Annual,2499,Bengaluru,
13912,2026-08-01,Monthly,299,Pune,
13913,2026-08-01,Monthly,299,Delhi,
13914,2026-08-01,Monthly,299,Patna,
13915,2026-08-01,Annual,2499,Mumbai,
13916,2026-08-01,Monthly,299,Pune,
13917,2026-08-01,Monthly,299,Kolkata,
13918,2026-08-01,Monthly,299,Bengaluru,
13919,2026-08-01,Annual,2499,Kolkata,
13920,2026-08-01,Monthly,299,Jaipur,
13921,2026-08-01,Monthly,299,Ahmedabad,
13922,2026-08-01,Annual,2499,Chennai,
13923,2026-08-01,Annual,2499,Kolkata,
13924,2026-08-01,Monthly,299,Chennai,
13925,2026-08-01,Annual,2499,Kolkata,
13926,2026-08-01,Annual,2499,Jaipur,
13927,2026-08-01,Monthly,299,Kolkata,
13928,2026-08-01,Monthly,299,Chennai,
13929,2026-08-01,Monthly,299,Ahmedabad,
13930,2026-08-01,Monthly,299,Hyderabad,
13931,2026-08-01,Monthly,299,Delhi,
13932,2026-08-01,Monthly,299,Pune,
13933,2026-08-01,Monthly,299,Kolkata,
13934,2026-08-01,Monthly,299,Pune,
13935,2026-08-01,Annual,2499,Hyderabad,
13936,2026-08-01,Annual,2499,Pune,
13937,2026-08-01,Monthly,299,Jaipur,
13938,2026-08-01,Monthly,299,Ahmedabad,
13939,2026-08-01,Annual,2499,Delhi,
13940,2026-08-01,Monthly,299,Hyderabad,
13941,2026-08-01,Monthly,299,Chennai,
13942,2026-08-01,Monthly,299,Jaipur,
13943,2026-08-01,Monthly,299,Jaipur,
13944,2026-08-01,Monthly,299,,
13945,2026-08-01,Monthly,299,Kolkata,
13946,2026-08-01,Annual,2499,Bengaluru,
13947,2026-08-01,Annual,2499,Patna,
13948,2026-08-01,Monthly,299,Hyderabad,
13949,2026-08-01,Monthly,299,Patna,
13950,2026-08-01,Annual,2499,Hyderabad,
13951,2026-08-01,Monthly,299,Patna,
13952,2026-08-01,Monthly,299,Patna,
13953,2026-08-01,Monthly,299,Chennai,
13954,2026-08-01,Annual,2499,Ahmedabad,
13955,2026-08-01,Annual,2499,Patna,
13956,2026-08-01,Annual,2499,Hyderabad,
13957,2026-08-01,Monthly,299,Delhi,
13958,2026-08-01,Annual,2499,Delhi,
13959,2026-08-01,Monthly,299,Jaipur,
13960,2026-08-01,Monthly,299,Jaipur,
12510,2026-06-01,Monthly,299,Patna,2026-07-01
5798,2025-06-01,Monthly,299,Kolkata,2025-08-01
4926,2025-04-01,Monthly,299,Chennai,
9726,2026-01-01,Monthly,299,Bengaluru,
6112,2025-07-01,Monthly,299,Hyderabad,
3398,2024-12-01,Annual,2499,Kolkata,
5032,2025-05-01,Annual,2499,Patna,
13389,2026-08-01,Annual,2499,Pune,
9567,2026-01-01,Monthly,299,Bengaluru,2026-02-01
7912,2025-10-01,Annual,2499,Chennai,2026-01-01
8721,2025-12-01,Annual,2499,Bengaluru,
9560,2026-01-01,Annual,2499,Pune,
11824,2026-05-01,Monthly,299,Delhi,2026-08-01
9042,2025-12-01,Monthly,299,Delhi,
3948,2025-02-01,Monthly,299,Ahmedabad,
10224,2026-02-01,Annual,2499,Kolkata,2026-03-01
2134,2024-09-01,Monthly,299,Chennai,2024-12-01
8087,2025-11-01,Monthly,299,Chennai,
6010,2025-07-01,Monthly,299,Hyderabad,2025-08-01
8486,2025-11-01,Monthly,299,Hyderabad,
13390,2026-08-01,Monthly,299,Pune,
9912,2026-02-01,Monthly,299,Hyderabad,
2911,2024-11-01,Annual,2499,Pune,
12285,2026-06-01,Monthly,299,Ahmedabad,
7927,2025-10-01,Monthly,299,Kolkata,
9593,2026-01-01,Monthly,299,Ahmedabad,
9434,2026-01-01,Annual,2499,,
1001,2024-05-01,Annual,2499,Chennai,
1972,2024-08-01,Annual,2499,Ahmedabad,2026-04-01
6712,2025-08-01,Monthly,299,Kolkata,
